/* Generated by tools/font_json_to_c.py; do not edit. */
#include "fonts/fonts.h"

static const display_font_glyph_t bigfnt_glyphs[] = {
    { 0, 12, 12, 0, 1 }, /* 0x00 */
    { 40, 12, 12, 0, 1 }, /* 0x01 */
    { 80, 12, 12, 0, 1 }, /* 0x02 */
    { 120, 12, 12, 0, 1 }, /* 0x03 */
    { 160, 12, 12, 0, 1 }, /* 0x04 */
    { 200, 12, 12, 0, 1 }, /* 0x05 */
    { 240, 12, 12, 0, 1 }, /* 0x06 */
    { 280, 12, 12, 0, 1 }, /* 0x07 */
    { 320, 12, 12, 0, 1 }, /* 0x08 */
    { 360, 12, 12, 0, 1 }, /* 0x09 */
    { 400, 12, 12, 0, 1 }, /* 0x0A */
    { 440, 12, 12, 0, 1 }, /* 0x0B */
    { 480, 12, 12, 0, 1 }, /* 0x0C */
    { 520, 12, 12, 0, 1 }, /* 0x0D */
    { 560, 12, 12, 0, 1 }, /* 0x0E */
    { 600, 12, 12, 0, 1 }, /* 0x0F */
    { 640, 12, 12, 0, 1 }, /* 0x10 */
    { 680, 12, 12, 0, 1 }, /* 0x11 */
    { 720, 12, 12, 0, 1 }, /* 0x12 */
    { 760, 12, 12, 0, 1 }, /* 0x13 */
    { 800, 12, 12, 0, 1 }, /* 0x14 */
    { 840, 12, 12, 0, 1 }, /* 0x15 */
    { 880, 12, 12, 0, 1 }, /* 0x16 */
    { 920, 12, 12, 0, 1 }, /* 0x17 */
    { 960, 12, 12, 0, 1 }, /* 0x18 */
    { 1000, 12, 12, 0, 1 }, /* 0x19 */
    { 1040, 12, 12, 0, 1 }, /* 0x1A */
    { 1080, 12, 12, 0, 1 }, /* 0x1B */
    { 1120, 12, 12, 0, 1 }, /* 0x1C */
    { 1160, 12, 12, 0, 1 }, /* 0x1D */
    { 1200, 12, 12, 0, 1 }, /* 0x1E */
    { 1240, 12, 12, 0, 1 }, /* 0x1F */
    { 1280, 12, 12, 0, 1 }, /* 0x20 */
    { 1320, 12, 12, 0, 1 }, /* 0x21 */
    { 1360, 12, 12, 0, 1 }, /* 0x22 */
    { 1400, 12, 12, 0, 1 }, /* 0x23 */
    { 1440, 12, 12, 0, 1 }, /* 0x24 */
    { 1480, 12, 12, 0, 1 }, /* 0x25 */
    { 1520, 12, 12, 0, 1 }, /* 0x26 */
    { 1560, 12, 12, 0, 1 }, /* 0x27 */
    { 1600, 12, 12, 0, 1 }, /* 0x28 */
    { 1640, 12, 12, 0, 1 }, /* 0x29 */
    { 1680, 12, 12, 0, 1 }, /* 0x2A */
    { 1720, 12, 12, 0, 1 }, /* 0x2B */
    { 1760, 12, 12, 0, 1 }, /* 0x2C */
    { 1800, 12, 12, 0, 1 }, /* 0x2D */
    { 1840, 12, 12, 0, 1 }, /* 0x2E */
    { 1880, 12, 12, 0, 1 }, /* 0x2F */
    { 1920, 12, 12, 0, 1 }, /* 0x30 */
    { 1960, 12, 12, 0, 1 }, /* 0x31 */
    { 2000, 12, 12, 0, 1 }, /* 0x32 */
    { 2040, 12, 12, 0, 1 }, /* 0x33 */
    { 2080, 12, 12, 0, 1 }, /* 0x34 */
    { 2120, 12, 12, 0, 1 }, /* 0x35 */
    { 2160, 12, 12, 0, 1 }, /* 0x36 */
    { 2200, 12, 12, 0, 1 }, /* 0x37 */
    { 2240, 12, 12, 0, 1 }, /* 0x38 */
    { 2280, 12, 12, 0, 1 }, /* 0x39 */
    { 2320, 12, 12, 0, 1 }, /* 0x3A */
    { 2360, 12, 12, 0, 1 }, /* 0x3B */
    { 2400, 12, 12, 0, 1 }, /* 0x3C */
    { 2440, 12, 12, 0, 1 }, /* 0x3D */
    { 2480, 12, 12, 0, 1 }, /* 0x3E */
    { 2520, 12, 12, 0, 1 }, /* 0x3F */
    { 2560, 12, 12, 0, 1 }, /* 0x40 */
    { 2600, 12, 12, 0, 1 }, /* 0x41 */
    { 2640, 12, 12, 0, 1 }, /* 0x42 */
    { 2680, 12, 12, 0, 1 }, /* 0x43 */
    { 2720, 12, 12, 0, 1 }, /* 0x44 */
    { 2760, 12, 12, 0, 1 }, /* 0x45 */
    { 2800, 12, 12, 0, 1 }, /* 0x46 */
    { 2840, 12, 12, 0, 1 }, /* 0x47 */
    { 2880, 12, 12, 0, 1 }, /* 0x48 */
    { 2920, 12, 12, 0, 1 }, /* 0x49 */
    { 2960, 12, 12, 0, 1 }, /* 0x4A */
    { 3000, 12, 12, 0, 1 }, /* 0x4B */
    { 3040, 12, 12, 0, 1 }, /* 0x4C */
    { 3080, 12, 12, 0, 1 }, /* 0x4D */
    { 3120, 12, 12, 0, 1 }, /* 0x4E */
    { 3160, 12, 12, 0, 1 }, /* 0x4F */
    { 3200, 12, 12, 0, 1 }, /* 0x50 */
    { 3240, 12, 12, 0, 1 }, /* 0x51 */
    { 3280, 12, 12, 0, 1 }, /* 0x52 */
    { 3320, 12, 12, 0, 1 }, /* 0x53 */
    { 3360, 12, 12, 0, 1 }, /* 0x54 */
    { 3400, 12, 12, 0, 1 }, /* 0x55 */
    { 3440, 12, 12, 0, 1 }, /* 0x56 */
    { 3480, 12, 12, 0, 1 }, /* 0x57 */
    { 3520, 12, 12, 0, 1 }, /* 0x58 */
    { 3560, 12, 12, 0, 1 }, /* 0x59 */
    { 3600, 12, 12, 0, 1 }, /* 0x5A */
    { 3640, 12, 12, 0, 1 }, /* 0x5B */
    { 3680, 12, 12, 0, 1 }, /* 0x5C */
    { 3720, 12, 12, 0, 1 }, /* 0x5D */
    { 3760, 12, 12, 0, 1 }, /* 0x5E */
    { 3800, 12, 12, 0, 1 }, /* 0x5F */
    { 3840, 12, 12, 0, 1 }, /* 0x60 */
    { 3880, 12, 12, 0, 1 }, /* 0x61 */
    { 3920, 12, 12, 0, 1 }, /* 0x62 */
    { 3960, 12, 12, 0, 1 }, /* 0x63 */
    { 4000, 12, 12, 0, 1 }, /* 0x64 */
    { 4040, 12, 12, 0, 1 }, /* 0x65 */
    { 4080, 12, 12, 0, 1 }, /* 0x66 */
    { 4120, 12, 12, 0, 1 }, /* 0x67 */
    { 4160, 12, 12, 0, 1 }, /* 0x68 */
    { 4200, 12, 12, 0, 1 }, /* 0x69 */
    { 4240, 12, 12, 0, 1 }, /* 0x6A */
    { 4280, 12, 12, 0, 1 }, /* 0x6B */
    { 4320, 12, 12, 0, 1 }, /* 0x6C */
    { 4360, 12, 12, 0, 1 }, /* 0x6D */
    { 4400, 12, 12, 0, 1 }, /* 0x6E */
    { 4440, 12, 12, 0, 1 }, /* 0x6F */
    { 4480, 12, 12, 0, 1 }, /* 0x70 */
    { 4520, 12, 12, 0, 1 }, /* 0x71 */
    { 4560, 12, 12, 0, 1 }, /* 0x72 */
    { 4600, 12, 12, 0, 1 }, /* 0x73 */
    { 4640, 12, 12, 0, 1 }, /* 0x74 */
    { 4680, 12, 12, 0, 1 }, /* 0x75 */
    { 4720, 12, 12, 0, 1 }, /* 0x76 */
    { 4760, 12, 12, 0, 1 }, /* 0x77 */
    { 4800, 12, 12, 0, 1 }, /* 0x78 */
    { 4840, 12, 12, 0, 1 }, /* 0x79 */
    { 4880, 12, 12, 0, 1 }, /* 0x7A */
    { 4920, 12, 12, 0, 1 }, /* 0x7B */
    { 4960, 12, 12, 0, 1 }, /* 0x7C */
    { 5000, 12, 12, 0, 1 }, /* 0x7D */
    { 5040, 12, 12, 0, 1 }, /* 0x7E */
    { 5080, 12, 12, 0, 1 }, /* 0x7F */
};

static const uint8_t bigfnt_bitmap[] = {
    0x00, 0x00, 0x00, 0x00, 0x00, 0x00, 0x00, 0x00, 0x00, 0x00, 0x00, 0x00, 0x00, 0x00, 0x0E, 0x00,
    0x1F, 0x00, 0x3F, 0x80, 0x3F, 0x80, 0x3F, 0x80, 0x1F, 0x00, 0x0E, 0x00, 0x00, 0x00, 0x00, 0x00,
    0x00, 0x00, 0x00, 0x00, 0x00, 0x00, 0x00, 0x00, 0x00, 0x00, 0x00, 0x00, 0x06, 0x00, 0x06, 0x00,
    0x06, 0x00, 0x06, 0x00, 0x06, 0x00, 0x06, 0x00, 0x06, 0x00, 0x06, 0x00, 0x46, 0x20, 0x66, 0x60,
    0x36, 0xC0, 0x1F, 0x80, 0x0F, 0x00, 0x06, 0x00, 0x00, 0x00, 0x00, 0x00, 0x00, 0x00, 0x00, 0x00,
    0x00, 0x00, 0x00, 0x00, 0x00, 0x00, 0x00, 0x00, 0x00, 0x00, 0x00, 0x00, 0x00, 0x00, 0x00, 0x00,
    0x00, 0x60, 0x3C, 0xC0, 0x6D, 0xC0, 0x67, 0x80, 0x63, 0x00, 0x67, 0x80, 0x6C, 0xC0, 0x38, 0x60,
    0x00, 0x00, 0x00, 0x00, 0x00, 0x00, 0x00, 0x00, 0x00, 0x00, 0x0F, 0x80, 0x1F, 0xC0, 0x30, 0xC0,
    0x30, 0xC0, 0x30, 0xC0, 0x60, 0xC0, 0x7F, 0x80, 0x7F, 0x80, 0x60, 0xC0, 0x60, 0xC0, 0x60, 0xC0,
    0x60, 0xC0, 0x60, 0xC0, 0x7F, 0x80, 0x7F, 0x80, 0x60, 0x00, 0x60, 0x00, 0x60, 0x00, 0x60, 0x00,
    0x00, 0x00, 0x00, 0x00, 0x00, 0x00, 0x00, 0x00, 0x00, 0x00, 0x00, 0x00, 0x00, 0x00, 0x00, 0x00,
    0x06, 0x00, 0x0F, 0x00, 0x19, 0x80, 0x30, 0xC0, 0x00, 0x00, 0x00, 0x00, 0x00, 0x00, 0x00, 0x00,
    0x00, 0x00, 0x00, 0x00, 0x00, 0x00, 0x00, 0x00, 0x00, 0x00, 0x00, 0x00, 0x00, 0x00, 0x00, 0x00,
    0x00, 0x00, 0x00, 0x00, 0x00, 0x00, 0x00, 0x00, 0x3F, 0xC0, 0x3F, 0xC0, 0x00, 0xC0, 0x00, 0xC0,
    0x00, 0xC0, 0x00, 0x00, 0x00, 0x00, 0x00, 0x00, 0x00, 0x00, 0x00, 0x00, 0x00, 0x00, 0x00, 0x00,
    0x00, 0x00, 0x00, 0x00, 0x00, 0x00, 0x00, 0x00, 0x0F, 0x80, 0x1F, 0xC0, 0x38, 0xC0, 0x30, 0x00,
    0x30, 0x00, 0x3F, 0x80, 0x3F, 0x80, 0x30, 0x00, 0x30, 0x00, 0x38, 0xC0, 0x1F, 0xC0, 0x0F, 0x80,
    0x00, 0x00, 0x00, 0x00, 0x00, 0x00, 0x00, 0x00, 0x00, 0x00, 0x00, 0x00, 0x00, 0x00, 0x00, 0x00,
    0x7F, 0xE0, 0x7F, 0xE0, 0x18, 0xC0, 0x18, 0xC0, 0x18, 0xC0, 0x18, 0xC0, 0x18, 0xC0, 0x18, 0xC0,
    0x18, 0xC0, 0x18, 0xC0, 0x18, 0xC0, 0x18, 0xC0, 0x00, 0x00, 0x00, 0x00, 0x00, 0x00, 0x00, 0x00,
    0x00, 0x00, 0x00, 0x00, 0x30, 0x00, 0x30, 0x00, 0x18, 0x00, 0x18, 0x00, 0x0C, 0x00, 0x0C, 0x00,
    0x06, 0x00, 0x06, 0x00, 0x0F, 0x00, 0x0F, 0x00, 0x19, 0x80, 0x19, 0x80, 0x30, 0xC0, 0x30, 0xC0,
    0x00, 0x00, 0x00, 0x00, 0x00, 0x00, 0x00, 0x00, 0x00, 0x00, 0x00, 0x00, 0x00, 0x00, 0x20, 0x40,
    0x30, 0xC0, 0x19, 0x80, 0x0F, 0x00, 0x06, 0x00, 0x0F, 0x00, 0x19, 0x80, 0x30, 0xC0, 0x30, 0xC0,
    0x30, 0xC0, 0x30, 0xC0, 0x30, 0xC0, 0x1F, 0x80, 0x0F, 0x00, 0x00, 0x00, 0x00, 0x00, 0x00, 0x00,
    0x00, 0x00, 0x00, 0x00, 0x07, 0x80, 0x0F, 0xC0, 0x18, 0xC0, 0x18, 0x00, 0x0C, 0x00, 0x06, 0x00,
    0x03, 0x00, 0x07, 0x80, 0x0C, 0xC0, 0x18, 0xC0, 0x30, 0x60, 0x30, 0x60, 0x30, 0x60, 0x1F, 0xC0,
    0x0F, 0x80, 0x00, 0x00, 0x00, 0x00, 0x00, 0x00, 0x00, 0x00, 0x00, 0x00, 0x06, 0x00, 0x0F, 0x00,
    0x1F, 0x80, 0x36, 0xC0, 0x66, 0x60, 0x46, 0x20, 0x06, 0x00, 0x06, 0x00, 0x06, 0x00, 0x06, 0x00,
    0x06, 0x00, 0x06, 0x00, 0x06, 0x00, 0x06, 0x00, 0x00, 0x00, 0x00, 0x00, 0x00, 0x00, 0x00, 0x00,
    0x00, 0x00, 0x00, 0x00, 0x00, 0x00, 0x00, 0x00, 0x00, 0x00, 0x06, 0x00, 0x06, 0x00, 0x06, 0x00,
    0x3F, 0xC0, 0x3F, 0xC0, 0x06, 0x00, 0x06, 0x00, 0x06, 0x00, 0x00, 0x00, 0x3F, 0xC0, 0x3F, 0xC0,
    0x00, 0x00, 0x00, 0x00, 0x00, 0x00, 0x00, 0x00, 0x00, 0x00, 0x00, 0x00, 0x00, 0x00, 0x00, 0x00,
    0x00, 0x00, 0x0F, 0x00, 0x1F, 0x80, 0x36, 0xC0, 0x66, 0x60, 0x7F, 0xE0, 0x7F, 0xE0, 0x66, 0x60,
    0x36, 0xC0, 0x1F, 0x80, 0x0F, 0x00, 0x00, 0x00, 0x00, 0x00, 0x00, 0x00, 0x00, 0x00, 0x00, 0x00,
    0x00, 0x00, 0x00, 0x00, 0x00, 0x00, 0x00, 0x00, 0x00, 0x00, 0x00, 0x00, 0x3D, 0xC0, 0x3D, 0xC0,
    0x66, 0x60, 0x66, 0x60, 0x66, 0x60, 0x66, 0x60, 0x66, 0x60, 0x3D, 0xC0, 0x3D, 0xC0, 0x00, 0x00,
    0x00, 0x00, 0x00, 0x00, 0x00, 0x00, 0x00, 0x00, 0x00, 0x00, 0x0F, 0x00, 0x0F, 0x80, 0x01, 0xC0,
    0x00, 0xC0, 0x00, 0xC0, 0x0E, 0xC0, 0x1F, 0xC0, 0x39, 0xC0, 0x30, 0xC0, 0x30, 0xC0, 0x30, 0xC0,
    0x30, 0xC0, 0x39, 0xC0, 0x1F, 0x80, 0x0E, 0x00, 0x00, 0x00, 0x00, 0x00, 0x00, 0x00, 0x00, 0x00,
    0x00, 0x00, 0x00, 0x00, 0x00, 0x00, 0x00, 0x00, 0x00, 0x00, 0x00, 0x00, 0x0F, 0xC0, 0x1F, 0xC0,
    0x30, 0x00, 0x30, 0x00, 0x30, 0x00, 0x30, 0x00, 0x1F, 0xC0, 0x0F, 0xC0, 0x00, 0x00, 0x00, 0x00,
    0x00, 0x00, 0x00, 0x00, 0x00, 0x00, 0x00, 0x00, 0x00, 0x00, 0x00, 0x00, 0x00, 0x00, 0x00, 0x00,
    0x00, 0x00, 0x00, 0x00, 0x3F, 0x00, 0x3F, 0x80, 0x00, 0xC0, 0x00, 0xC0, 0x00, 0xC0, 0x00, 0xC0,
    0x3F, 0x80, 0x3F, 0x00, 0x00, 0x00, 0x00, 0x00, 0x00, 0x00, 0x00, 0x00, 0x00, 0x00, 0x00, 0x00,
    0x00, 0x00, 0x00, 0x00, 0x0F, 0x00, 0x1F, 0x80, 0x30, 0xC0, 0x30, 0xC0, 0x30, 0xC0, 0x30, 0xC0,
    0x30, 0xC0, 0x30, 0xC0, 0x30, 0xC0, 0x30, 0xC0, 0x30, 0xC0, 0x30, 0xC0, 0x30, 0xC0, 0x00, 0x00,
    0x00, 0x00, 0x00, 0x00, 0x00, 0x00, 0x00, 0x00, 0x00, 0x00, 0x00, 0x00, 0x00, 0x00, 0x30, 0xC0,
    0x30, 0xC0, 0x30, 0xC0, 0x30, 0xC0, 0x30, 0xC0, 0x30, 0xC0, 0x30, 0xC0, 0x30, 0xC0, 0x30, 0xC0,
    0x30, 0xC0, 0x1F, 0x80, 0x0F, 0x00, 0x00, 0x00, 0x00, 0x00, 0x00, 0x00, 0x00, 0x00, 0x00, 0x00,
    0x00, 0x00, 0x00, 0x00, 0x30, 0xC0, 0x30, 0xC0, 0x30, 0xC0, 0x30, 0xC0, 0x30, 0xC0, 0x3F, 0xC0,
    0x3F, 0xC0, 0x30, 0xC0, 0x30, 0xC0, 0x30, 0xC0, 0x30, 0xC0, 0x39, 0xC0, 0x1F, 0x80, 0x0F, 0x00,
    0x00, 0x00, 0x00, 0x00, 0x00, 0x00, 0x00, 0x00, 0x00, 0x00, 0x00, 0x00, 0x3F, 0xC0, 0x3F, 0xC0,
    0x00, 0xC0, 0x00, 0xC0, 0x00, 0xC0, 0x00, 0xC0, 0x0F, 0xC0, 0x0F, 0xC0, 0x00, 0xC0, 0x00, 0xC0,
    0x00, 0xC0, 0x00, 0xC0, 0x3F, 0xC0, 0x3F, 0xC0, 0x00, 0x00, 0x00, 0x00, 0x00, 0x00, 0x00, 0x00,
    0x00, 0x00, 0x00, 0x00, 0x00, 0x00, 0x0E, 0x00, 0x3F, 0x80, 0x60, 0xC0, 0x71, 0xC0, 0xDB, 0x60,
    0xCE, 0x60, 0xCE, 0x60, 0xDB, 0x60, 0x71, 0xC0, 0x3F, 0x80, 0x0E, 0x00, 0x00, 0x00, 0x00, 0x00,
    0x00, 0x00, 0x00, 0x00, 0x00, 0x00, 0x00, 0x00, 0x00, 0x00, 0x00, 0x00, 0x00, 0x00, 0x0C, 0x00,
    0x18, 0x00, 0x30, 0x00, 0x7F, 0xE0, 0x7F, 0xE0, 0x30, 0x00, 0x18, 0x00, 0x0C, 0x00, 0x03, 0x00,
    0x01, 0x80, 0x00, 0xC0, 0x7F, 0xE0, 0x7F, 0xE0, 0x00, 0xC0, 0x01, 0x80, 0x03, 0x00, 0x00, 0x00,
    0x00, 0x00, 0x00, 0x00, 0x00, 0x00, 0x00, 0x00, 0x00, 0x00, 0x08, 0x00, 0x18, 0x00, 0x30, 0x00,
    0x7F, 0xE0, 0x7F, 0xE0, 0x30, 0x00, 0x18, 0x00, 0x08, 0x00, 0x00, 0x00, 0x00, 0x00, 0x00, 0x00,
    0x00, 0x00, 0x00, 0x00, 0x00, 0x00, 0x00, 0x00, 0x00, 0x00, 0x00, 0x00, 0x00, 0x00, 0x00, 0x00,
    0x00, 0x00, 0x03, 0x00, 0x01, 0x80, 0x00, 0xC0, 0x7F, 0xE0, 0x7F, 0xE0, 0x00, 0xC0, 0x01, 0x80,
    0x03, 0x00, 0x00, 0x00, 0x00, 0x00, 0x00, 0x00, 0x00, 0x00, 0x00, 0x00, 0x00, 0x00, 0x00, 0x00,
    0x00, 0x00, 0x00, 0x00, 0x00, 0xC0, 0x00, 0xC0, 0x01, 0x80, 0x01, 0x80, 0x3F, 0xC0, 0x3F, 0xC0,
    0x06, 0x00, 0x06, 0x00, 0x3F, 0xC0, 0x3F, 0xC0, 0x18, 0x00, 0x18, 0x00, 0x30, 0x00, 0x30, 0x00,
    0x00, 0x00, 0x00, 0x00, 0x00, 0x00, 0x00, 0x00, 0x00, 0x00, 0x06, 0x00, 0x06, 0x00, 0x06, 0x00,
    0x0F, 0x00, 0x0F, 0x00, 0x19, 0x80, 0x30, 0xC0, 0x30, 0xC0, 0x19, 0x80, 0x0F, 0x00, 0x0F, 0x00,
    0x06, 0x00, 0x06, 0x00, 0x06, 0x00, 0x00, 0x00, 0x00, 0x00, 0x00, 0x00, 0x00, 0x00, 0x00, 0x00,
    0x00, 0x00, 0x00, 0x00, 0x00, 0x00, 0x00, 0x00, 0x00, 0x00, 0x00, 0xC0, 0x03, 0x80, 0x0E, 0x00,
    0x38, 0x00, 0x38, 0x00, 0x0E, 0x00, 0x03, 0x80, 0x00, 0xC0, 0x00, 0x00, 0x3F, 0xC0, 0x3F, 0xC0,
    0x00, 0x00, 0x00, 0x00, 0x00, 0x00, 0x00, 0x00, 0x00, 0x00, 0x00, 0x00, 0x00, 0x00, 0x00, 0x00,
    0x00, 0x00, 0x30, 0x00, 0x1C, 0x00, 0x07, 0x00, 0x01, 0xC0, 0x01, 0xC0, 0x07, 0x00, 0x1C, 0x00,
    0x30, 0x00, 0x00, 0x00, 0x3F, 0xC0, 0x3F, 0xC0, 0x00, 0x00, 0x00, 0x00, 0x00, 0x00, 0x00, 0x00,
    0x00, 0x00, 0x00, 0x00, 0x00, 0x00, 0x00, 0x00, 0x00, 0x00, 0xFF, 0xF0, 0xFF, 0xF0, 0x00, 0x00,
    0xFF, 0xF0, 0xFF, 0xF0, 0x00, 0x00, 0xFF, 0xF0, 0xFF, 0xF0, 0x00, 0x00, 0x00, 0x00, 0x00, 0x00,
    0x00, 0x00, 0x00, 0x00, 0x00, 0x00, 0x00, 0x00, 0x00, 0x00, 0x00, 0x00, 0x00, 0x00, 0x00, 0x00,
    0x00, 0x00, 0x00, 0x00, 0x00, 0x00, 0x00, 0x00, 0x30, 0xC0, 0x19, 0x80, 0x0F, 0x00, 0x06, 0x00,
    0x00, 0x00, 0x00, 0x00, 0x00, 0x00, 0x00, 0x00, 0x00, 0x00, 0x00, 0x00, 0x00, 0x00, 0x00, 0x00,
    0x00, 0x00, 0x00, 0x00, 0x00, 0x00, 0x00, 0x00, 0x00, 0x00, 0x00, 0x00, 0x00, 0x00, 0x00, 0x00,
    0x00, 0x00, 0x00, 0x00, 0x00, 0x00, 0x00, 0x00, 0x00, 0x00, 0x00, 0x00, 0x00, 0x00, 0x00, 0x00,
    0x00, 0x00, 0x00, 0x00, 0x00, 0x00, 0x00, 0x00, 0x00, 0x00, 0x00, 0x00, 0x06, 0x00, 0x06, 0x00,
    0x06, 0x00, 0x06, 0x00, 0x06, 0x00, 0x06, 0x00, 0x06, 0x00, 0x06, 0x00, 0x06, 0x00, 0x06, 0x00,
    0x00, 0x00, 0x00, 0x00, 0x06, 0x00, 0x06, 0x00, 0x00, 0x00, 0x00, 0x00, 0x00, 0x00, 0x00, 0x00,
    0x00, 0x00, 0x19, 0x80, 0x19, 0x80, 0x19, 0x80, 0x19, 0x80, 0x19, 0x80, 0x00, 0x00, 0x00, 0x00,
    0x00, 0x00, 0x00, 0x00, 0x00, 0x00, 0x00, 0x00, 0x00, 0x00, 0x00, 0x00, 0x00, 0x00, 0x00, 0x00,
    0x00, 0x00, 0x00, 0x00, 0x00, 0x00, 0x00, 0x00, 0x00, 0x00, 0x00, 0x00, 0x06, 0x60, 0x06, 0x60,
    0x0C, 0xC0, 0x1F, 0xE0, 0x1F, 0xE0, 0x0C, 0xC0, 0x0C, 0xC0, 0x19, 0x80, 0x19, 0x80, 0x3F, 0xC0,
    0x3F, 0xC0, 0x19, 0x80, 0x33, 0x00, 0x33, 0x00, 0x00, 0x00, 0x00, 0x00, 0x00, 0x00, 0x00, 0x00,
    0x00, 0x00, 0x00, 0x00, 0x06, 0x00, 0x06, 0x00, 0x1F, 0x80, 0x3F, 0xC0, 0x36, 0xC0, 0x36, 0x00,
    0x1E, 0x00, 0x07, 0x80, 0x06, 0xC0, 0x36, 0xC0, 0x3F, 0xC0, 0x1F, 0x80, 0x06, 0x00, 0x06, 0x00,
    0x00, 0x00, 0x00, 0x00, 0x00, 0x00, 0x00, 0x00, 0x00, 0x00, 0x00, 0x00, 0x01, 0xC0, 0x3E, 0xC0,
    0x68, 0xC0, 0x49, 0x80, 0x59, 0x80, 0x33, 0x00, 0x03, 0x00, 0x06, 0x00, 0x06, 0x00, 0x0C, 0xC0,
    0x0D, 0xA0, 0x19, 0x20, 0x19, 0x60, 0x30, 0xC0, 0x00, 0x00, 0x00, 0x00, 0x00, 0x00, 0x00, 0x00,
    0x00, 0x00, 0x00, 0x00, 0x0E, 0x00, 0x1F, 0x00, 0x31, 0x80, 0x30, 0x00, 0x30, 0x00, 0x18, 0x00,
    0x1C, 0x00, 0x34, 0x00, 0x66, 0xC0, 0x63, 0x80, 0x63, 0x00, 0x63, 0x80, 0x7E, 0x80, 0x3C, 0xC0,
    0x00, 0x00, 0x00, 0x00, 0x00, 0x00, 0x00, 0x00, 0x00, 0x00, 0x00, 0x00, 0x06, 0x00, 0x0F, 0x00,
    0x0F, 0x00, 0x03, 0x00, 0x06, 0x00, 0x0C, 0x00, 0x08, 0x00, 0x00, 0x00, 0x00, 0x00, 0x00, 0x00,
    0x00, 0x00, 0x00, 0x00, 0x00, 0x00, 0x00, 0x00, 0x00, 0x00, 0x00, 0x00, 0x00, 0x00, 0x00, 0x00,
    0x00, 0x00, 0x00, 0x00, 0x01, 0x80, 0x03, 0x00, 0x07, 0x00, 0x06, 0x00, 0x0E, 0x00, 0x0C, 0x00,
    0x0C, 0x00, 0x0C, 0x00, 0x0C, 0x00, 0x0C, 0x00, 0x0C, 0x00, 0x0E, 0x00, 0x06, 0x00, 0x07, 0x00,
    0x03, 0x00, 0x01, 0x80, 0x00, 0x00, 0x00, 0x00, 0x00, 0x00, 0x00, 0x00, 0x18, 0x00, 0x0C, 0x00,
    0x0E, 0x00, 0x06, 0x00, 0x07, 0x00, 0x03, 0x00, 0x03, 0x00, 0x03, 0x00, 0x03, 0x00, 0x03, 0x00,
    0x03, 0x00, 0x07, 0x00, 0x06, 0x00, 0x0E, 0x00, 0x0C, 0x00, 0x18, 0x00, 0x00, 0x00, 0x00, 0x00,
    0x00, 0x00, 0x00, 0x00, 0x00, 0x00, 0x00, 0x00, 0x06, 0x00, 0x26, 0x40, 0x36, 0xC0, 0x19, 0x80,
    0x0F, 0x00, 0x19, 0x80, 0x36, 0xC0, 0x26, 0x40, 0x06, 0x00, 0x00, 0x00, 0x00, 0x00, 0x00, 0x00,
    0x00, 0x00, 0x00, 0x00, 0x00, 0x00, 0x00, 0x00, 0x00, 0x00, 0x00, 0x00, 0x00, 0x00, 0x00, 0x00,
    0x00, 0x00, 0x06, 0x00, 0x06, 0x00, 0x06, 0x00, 0x3F, 0xC0, 0x3F, 0xC0, 0x06, 0x00, 0x06, 0x00,
    0x06, 0x00, 0x00, 0x00, 0x00, 0x00, 0x00, 0x00, 0x00, 0x00, 0x00, 0x00, 0x00, 0x00, 0x00, 0x00,
    0x00, 0x00, 0x00, 0x00, 0x00, 0x00, 0x00, 0x00, 0x00, 0x00, 0x00, 0x00, 0x00, 0x00, 0x00, 0x00,
    0x00, 0x00, 0x00, 0x00, 0x00, 0x00, 0x00, 0x00, 0x00, 0x00, 0x06, 0x00, 0x0F, 0x00, 0x0F, 0x00,
    0x03, 0x00, 0x06, 0x00, 0x0C, 0x00, 0x08, 0x00, 0x00, 0x00, 0x00, 0x00, 0x00, 0x00, 0x00, 0x00,
    0x00, 0x00, 0x00, 0x00, 0x00, 0x00, 0x00, 0x00, 0x3F, 0xC0, 0x3F, 0xC0, 0x00, 0x00, 0x00, 0x00,
    0x00, 0x00, 0x00, 0x00, 0x00, 0x00, 0x00, 0x00, 0x00, 0x00, 0x00, 0x00, 0x00, 0x00, 0x00, 0x00,
    0x00, 0x00, 0x00, 0x00, 0x00, 0x00, 0x00, 0x00, 0x00, 0x00, 0x00, 0x00, 0x00, 0x00, 0x00, 0x00,
    0x00, 0x00, 0x00, 0x00, 0x00, 0x00, 0x00, 0x00, 0x06, 0x00, 0x0F, 0x00, 0x0F, 0x00, 0x06, 0x00,
    0x00, 0x00, 0x00, 0x00, 0x00, 0x00, 0x00, 0x00, 0x00, 0x00, 0x00, 0x00, 0x00, 0xC0, 0x00, 0xC0,
    0x01, 0x80, 0x01, 0x80, 0x03, 0x00, 0x03, 0x00, 0x06, 0x00, 0x06, 0x00, 0x0C, 0x00, 0x0C, 0x00,
    0x18, 0x00, 0x18, 0x00, 0x30, 0x00, 0x30, 0x00, 0x00, 0x00, 0x00, 0x00, 0x00, 0x00, 0x00, 0x00,
    0x00, 0x00, 0x00, 0x00, 0x00, 0x00, 0x0F, 0x00, 0x1F, 0x80, 0x39, 0xC0, 0x30, 0xC0, 0x30, 0xC0,
    0x33, 0xC0, 0x3E, 0xC0, 0x38, 0xC0, 0x30, 0xC0, 0x30, 0xC0, 0x39, 0xC0, 0x1F, 0x80, 0x0F, 0x00,
    0x00, 0x00, 0x00, 0x00, 0x00, 0x00, 0x00, 0x00, 0x00, 0x00, 0x00, 0x00, 0x00, 0x00, 0x06, 0x00,
    0x0E, 0x00, 0x1E, 0x00, 0x36, 0x00, 0x06, 0x00, 0x06, 0x00, 0x06, 0x00, 0x06, 0x00, 0x06, 0x00,
    0x06, 0x00, 0x06, 0x00, 0x06, 0x00, 0x06, 0x00, 0x00, 0x00, 0x00, 0x00, 0x00, 0x00, 0x00, 0x00,
    0x00, 0x00, 0x00, 0x00, 0x00, 0x00, 0x0F, 0x00, 0x1F, 0x80, 0x30, 0xC0, 0x30, 0xC0, 0x00, 0xC0,
    0x01, 0x80, 0x03, 0x00, 0x06, 0x00, 0x0C, 0x00, 0x18, 0x00, 0x30, 0x00, 0x3F, 0xC0, 0x3F, 0xC0,
    0x00, 0x00, 0x00, 0x00, 0x00, 0x00, 0x00, 0x00, 0x00, 0x00, 0x00, 0x00, 0x00, 0x00, 0x0F, 0x00,
    0x1F, 0x80, 0x30, 0xC0, 0x30, 0xC0, 0x00, 0xC0, 0x07, 0x80, 0x07, 0x00, 0x01, 0x80, 0x00, 0xC0,
    0x30, 0xC0, 0x30, 0xC0, 0x1F, 0x80, 0x0F, 0x00, 0x00, 0x00, 0x00, 0x00, 0x00, 0x00, 0x00, 0x00,
    0x00, 0x00, 0x00, 0x00, 0x00, 0x00, 0x01, 0x80, 0x03, 0x00, 0x06, 0x00, 0x0C, 0x00, 0x19, 0x80,
    0x31, 0x80, 0x31, 0x80, 0x3F, 0xC0, 0x3F, 0xC0, 0x01, 0x80, 0x01, 0x80, 0x01, 0x80, 0x01, 0x80,
    0x00, 0x00, 0x00, 0x00, 0x00, 0x00, 0x00, 0x00, 0x00, 0x00, 0x00, 0x00, 0x00, 0x00, 0x1F, 0xC0,
    0x1F, 0xC0, 0x10, 0x00, 0x30, 0x00, 0x30, 0x00, 0x3F, 0x00, 0x3F, 0x80, 0x00, 0xC0, 0x00, 0xC0,
    0x30, 0xC0, 0x30, 0xC0, 0x1F, 0x80, 0x0F, 0x00, 0x00, 0x00, 0x00, 0x00, 0x00, 0x00, 0x00, 0x00,
    0x00, 0x00, 0x00, 0x00, 0x00, 0x00, 0x0F, 0x00, 0x1F, 0x80, 0x30, 0xC0, 0x30, 0x00, 0x37, 0x00,
    0x3F, 0x80, 0x39, 0xC0, 0x30, 0xC0, 0x30, 0xC0, 0x30, 0xC0, 0x39, 0xC0, 0x1F, 0x80, 0x0F, 0x00,
    0x00, 0x00, 0x00, 0x00, 0x00, 0x00, 0x00, 0x00, 0x00, 0x00, 0x00, 0x00, 0x00, 0x00, 0x3F, 0xC0,
    0x3F, 0xC0, 0x00, 0xC0, 0x01, 0x80, 0x01, 0x80, 0x03, 0x00, 0x06, 0x00, 0x06, 0x00, 0x0C, 0x00,
    0x0C, 0x00, 0x18, 0x00, 0x18, 0x00, 0x18, 0x00, 0x00, 0x00, 0x00, 0x00, 0x00, 0x00, 0x00, 0x00,
    0x00, 0x00, 0x00, 0x00, 0x00, 0x00, 0x0F, 0x00, 0x1F, 0x80, 0x30, 0xC0, 0x30, 0xC0, 0x30, 0xC0,
    0x1D, 0x80, 0x0F, 0x00, 0x19, 0x80, 0x30, 0xC0, 0x30, 0xC0, 0x30, 0xC0, 0x1F, 0x80, 0x0F, 0x00,
    0x00, 0x00, 0x00, 0x00, 0x00, 0x00, 0x00, 0x00, 0x00, 0x00, 0x00, 0x00, 0x00, 0x00, 0x0F, 0x00,
    0x1F, 0x80, 0x39, 0xC0, 0x30, 0xC0, 0x30, 0xC0, 0x30, 0xC0, 0x39, 0xC0, 0x1F, 0xC0, 0x0E, 0xC0,
    0x00, 0xC0, 0x30, 0xC0, 0x1F, 0x80, 0x0F, 0x00, 0x00, 0x00, 0x00, 0x00, 0x00, 0x00, 0x00, 0x00,
    0x00, 0x00, 0x00, 0x00, 0x00, 0x00, 0x00, 0x00, 0x00, 0x00, 0x00, 0x00, 0x06, 0x00, 0x0F, 0x00,
    0x0F, 0x00, 0x06, 0x00, 0x00, 0x00, 0x00, 0x00, 0x06, 0x00, 0x0F, 0x00, 0x0F, 0x00, 0x06, 0x00,
    0x00, 0x00, 0x00, 0x00, 0x00, 0x00, 0x00, 0x00, 0x00, 0x00, 0x00, 0x00, 0x00, 0x00, 0x00, 0x00,
    0x00, 0x00, 0x00, 0x00, 0x06, 0x00, 0x0F, 0x00, 0x0F, 0x00, 0x06, 0x00, 0x00, 0x00, 0x00, 0x00,
    0x00, 0x00, 0x06, 0x00, 0x0F, 0x00, 0x0F, 0x00, 0x03, 0x00, 0x06, 0x00, 0x0C, 0x00, 0x08, 0x00,
    0x00, 0x00, 0x00, 0x00, 0x00, 0x00, 0x00, 0x00, 0x00, 0x00, 0x00, 0xC0, 0x03, 0x80, 0x0E, 0x00,
    0x38, 0x00, 0x38, 0x00, 0x0E, 0x00, 0x03, 0x80, 0x00, 0xC0, 0x00, 0x00, 0x00, 0x00, 0x00, 0x00,
    0x00, 0x00, 0x00, 0x00, 0x00, 0x00, 0x00, 0x00, 0x00, 0x00, 0x00, 0x00, 0x00, 0x00, 0x00, 0x00,
    0x00, 0x00, 0x00, 0x00, 0x3F, 0xC0, 0x3F, 0xC0, 0x00, 0x00, 0x00, 0x00, 0x3F, 0xC0, 0x3F, 0xC0,
    0x00, 0x00, 0x00, 0x00, 0x00, 0x00, 0x00, 0x00, 0x00, 0x00, 0x00, 0x00, 0x00, 0x00, 0x00, 0x00,
    0x00, 0x00, 0x00, 0x00, 0x00, 0x00, 0x00, 0x00, 0x00, 0x00, 0x30, 0x00, 0x1C, 0x00, 0x07, 0x00,
    0x01, 0xC0, 0x01, 0xC0, 0x07, 0x00, 0x1C, 0x00, 0x30, 0x00, 0x00, 0x00, 0x00, 0x00, 0x00, 0x00,
    0x00, 0x00, 0x00, 0x00, 0x00, 0x00, 0x00, 0x00, 0x00, 0x00, 0x00, 0x00, 0x0F, 0x00, 0x1F, 0x80,
    0x30, 0xC0, 0x30, 0xC0, 0x00, 0xC0, 0x01, 0x80, 0x03, 0x00, 0x06, 0x00, 0x0C, 0x00, 0x0C, 0x00,
    0x00, 0x00, 0x00, 0x00, 0x0C, 0x00, 0x0C, 0x00, 0x00, 0x00, 0x00, 0x00, 0x00, 0x00, 0x00, 0x00,
    0x00, 0x00, 0x00, 0x00, 0x00, 0x00, 0x06, 0x00, 0x1F, 0x80, 0x30, 0xC0, 0x20, 0x40, 0x26, 0x40,
    0x2F, 0x40, 0x29, 0x40, 0x29, 0x40, 0x27, 0x80, 0x20, 0x00, 0x30, 0xC0, 0x1F, 0x80, 0x06, 0x00,
    0x00, 0x00, 0x00, 0x00, 0x00, 0x00, 0x00, 0x00, 0x00, 0x00, 0x00, 0x00, 0x0F, 0x00, 0x1F, 0x80,
    0x39, 0xC0, 0x30, 0xC0, 0x30, 0xC0, 0x30, 0xC0, 0x3F, 0xC0, 0x3F, 0xC0, 0x30, 0xC0, 0x30, 0xC0,
    0x30, 0xC0, 0x30, 0xC0, 0x30, 0xC0, 0x30, 0xC0, 0x00, 0x00, 0x00, 0x00, 0x00, 0x00, 0x00, 0x00,
    0x00, 0x00, 0x00, 0x00, 0x3F, 0x00, 0x3F, 0x80, 0x31, 0xC0, 0x30, 0xC0, 0x30, 0xC0, 0x31, 0x80,
    0x3F, 0x80, 0x3F, 0x80, 0x31, 0x80, 0x30, 0xC0, 0x30, 0xC0, 0x31, 0xC0, 0x3F, 0x80, 0x3F, 0x00,
    0x00, 0x00, 0x00, 0x00, 0x00, 0x00, 0x00, 0x00, 0x00, 0x00, 0x00, 0x00, 0x0F, 0x00, 0x1F, 0x80,
    0x39, 0xC0, 0x30, 0xC0, 0x30, 0x00, 0x30, 0x00, 0x30, 0x00, 0x30, 0x00, 0x30, 0x00, 0x30, 0x00,
    0x30, 0xC0, 0x39, 0xC0, 0x1F, 0x80, 0x0F, 0x00, 0x00, 0x00, 0x00, 0x00, 0x00, 0x00, 0x00, 0x00,
    0x00, 0x00, 0x00, 0x00, 0x3F, 0x00, 0x3F, 0x80, 0x31, 0xC0, 0x30, 0xC0, 0x30, 0xC0, 0x30, 0xC0,
    0x30, 0xC0, 0x30, 0xC0, 0x30, 0xC0, 0x30, 0xC0, 0x30, 0xC0, 0x31, 0xC0, 0x3F, 0x80, 0x3F, 0x00,
    0x00, 0x00, 0x00, 0x00, 0x00, 0x00, 0x00, 0x00, 0x00, 0x00, 0x00, 0x00, 0x3F, 0xC0, 0x3F, 0xC0,
    0x30, 0x00, 0x30, 0x00, 0x30, 0x00, 0x30, 0x00, 0x3F, 0x00, 0x3F, 0x00, 0x30, 0x00, 0x30, 0x00,
    0x30, 0x00, 0x30, 0x00, 0x3F, 0xC0, 0x3F, 0xC0, 0x00, 0x00, 0x00, 0x00, 0x00, 0x00, 0x00, 0x00,
    0x00, 0x00, 0x00, 0x00, 0x3F, 0xC0, 0x3F, 0xC0, 0x30, 0x00, 0x30, 0x00, 0x30, 0x00, 0x30, 0x00,
    0x3F, 0x00, 0x3F, 0x00, 0x30, 0x00, 0x30, 0x00, 0x30, 0x00, 0x30, 0x00, 0x30, 0x00, 0x30, 0x00,
    0x00, 0x00, 0x00, 0x00, 0x00, 0x00, 0x00, 0x00, 0x00, 0x00, 0x00, 0x00, 0x0F, 0x00, 0x1F, 0x80,
    0x39, 0xC0, 0x30, 0xC0, 0x30, 0x00, 0x30, 0x00, 0x30, 0x00, 0x33, 0xC0, 0x33, 0xC0, 0x30, 0xC0,
    0x30, 0xC0, 0x39, 0xC0, 0x1F, 0x80, 0x0F, 0x00, 0x00, 0x00, 0x00, 0x00, 0x00, 0x00, 0x00, 0x00,
    0x00, 0x00, 0x00, 0x00, 0x30, 0xC0, 0x30, 0xC0, 0x30, 0xC0, 0x30, 0xC0, 0x30, 0xC0, 0x30, 0xC0,
    0x3F, 0xC0, 0x3F, 0xC0, 0x30, 0xC0, 0x30, 0xC0, 0x30, 0xC0, 0x30, 0xC0, 0x30, 0xC0, 0x30, 0xC0,
    0x00, 0x00, 0x00, 0x00, 0x00, 0x00, 0x00, 0x00, 0x00, 0x00, 0x00, 0x00, 0x1F, 0x80, 0x1F, 0x80,
    0x06, 0x00, 0x06, 0x00, 0x06, 0x00, 0x06, 0x00, 0x06, 0x00, 0x06, 0x00, 0x06, 0x00, 0x06, 0x00,
    0x06, 0x00, 0x06, 0x00, 0x1F, 0x80, 0x1F, 0x80, 0x00, 0x00, 0x00, 0x00, 0x00, 0x00, 0x00, 0x00,
    0x00, 0x00, 0x00, 0x00, 0x00, 0xC0, 0x00, 0xC0, 0x00, 0xC0, 0x00, 0xC0, 0x00, 0xC0, 0x00, 0xC0,
    0x00, 0xC0, 0x00, 0xC0, 0x00, 0xC0, 0x00, 0xC0, 0x30, 0xC0, 0x30, 0xC0, 0x1F, 0x80, 0x0F, 0x00,
    0x00, 0x00, 0x00, 0x00, 0x00, 0x00, 0x00, 0x00, 0x00, 0x00, 0x00, 0x00, 0x30, 0xC0, 0x30, 0xC0,
    0x31, 0x80, 0x33, 0x00, 0x36, 0x00, 0x3C, 0x00, 0x38, 0x00, 0x38, 0x00, 0x3C, 0x00, 0x36, 0x00,
    0x33, 0x00, 0x31, 0x80, 0x30, 0xC0, 0x30, 0xC0, 0x00, 0x00, 0x00, 0x00, 0x00, 0x00, 0x00, 0x00,
    0x00, 0x00, 0x00, 0x00, 0x30, 0x00, 0x30, 0x00, 0x30, 0x00, 0x30, 0x00, 0x30, 0x00, 0x30, 0x00,
    0x30, 0x00, 0x30, 0x00, 0x30, 0x00, 0x30, 0x00, 0x30, 0x00, 0x30, 0x00, 0x3F, 0xC0, 0x3F, 0xC0,
    0x00, 0x00, 0x00, 0x00, 0x00, 0x00, 0x00, 0x00, 0x00, 0x00, 0x00, 0x00, 0x30, 0xC0, 0x39, 0xC0,
    0x3F, 0xC0, 0x36, 0xC0, 0x36, 0xC0, 0x36, 0xC0, 0x30, 0xC0, 0x30, 0xC0, 0x30, 0xC0, 0x30, 0xC0,
    0x30, 0xC0, 0x30, 0xC0, 0x30, 0xC0, 0x30, 0xC0, 0x00, 0x00, 0x00, 0x00, 0x00, 0x00, 0x00, 0x00,
    0x00, 0x00, 0x00, 0x00, 0x30, 0xC0, 0x38, 0xC0, 0x38, 0xC0, 0x3C, 0xC0, 0x3C, 0xC0, 0x34, 0xC0,
    0x36, 0xC0, 0x36, 0xC0, 0x32, 0xC0, 0x33, 0xC0, 0x33, 0xC0, 0x31, 0xC0, 0x31, 0xC0, 0x30, 0xC0,
    0x00, 0x00, 0x00, 0x00, 0x00, 0x00, 0x00, 0x00, 0x00, 0x00, 0x00, 0x00, 0x0F, 0x00, 0x1F, 0x80,
    0x39, 0xC0, 0x30, 0xC0, 0x30, 0xC0, 0x30, 0xC0, 0x30, 0xC0, 0x30, 0xC0, 0x30, 0xC0, 0x30, 0xC0,
    0x30, 0xC0, 0x39, 0xC0, 0x1F, 0x80, 0x0F, 0x00, 0x00, 0x00, 0x00, 0x00, 0x00, 0x00, 0x00, 0x00,
    0x00, 0x00, 0x00, 0x00, 0x3F, 0x00, 0x3F, 0x80, 0x31, 0xC0, 0x30, 0xC0, 0x30, 0xC0, 0x31, 0xC0,
    0x3F, 0x80, 0x3F, 0x00, 0x30, 0x00, 0x30, 0x00, 0x30, 0x00, 0x30, 0x00, 0x30, 0x00, 0x30, 0x00,
    0x00, 0x00, 0x00, 0x00, 0x00, 0x00, 0x00, 0x00, 0x00, 0x00, 0x00, 0x00, 0x0F, 0x00, 0x1F, 0x80,
    0x39, 0xC0, 0x30, 0xC0, 0x30, 0xC0, 0x30, 0xC0, 0x30, 0xC0, 0x30, 0xC0, 0x30, 0xC0, 0x30, 0xC0,
    0x36, 0xC0, 0x3B, 0xC0, 0x1F, 0x80, 0x0F, 0xC0, 0x00, 0xC0, 0x00, 0x00, 0x00, 0x00, 0x00, 0x00,
    0x00, 0x00, 0x00, 0x00, 0x3F, 0x00, 0x3F, 0x80, 0x31, 0xC0, 0x30, 0xC0, 0x30, 0xC0, 0x31, 0xC0,
    0x3F, 0x80, 0x3F, 0x00, 0x33, 0x00, 0x31, 0x80, 0x31, 0x80, 0x30, 0xC0, 0x30, 0xC0, 0x30, 0xC0,
    0x00, 0x00, 0x00, 0x00, 0x00, 0x00, 0x00, 0x00, 0x00, 0x00, 0x00, 0x00, 0x0F, 0x00, 0x1F, 0x80,
    0x39, 0xC0, 0x30, 0xC0, 0x30, 0x00, 0x38, 0x00, 0x1F, 0x00, 0x0F, 0x80, 0x01, 0xC0, 0x00, 0xC0,
    0x30, 0xC0, 0x39, 0xC0, 0x1F, 0x80, 0x0F, 0x00, 0x00, 0x00, 0x00, 0x00, 0x00, 0x00, 0x00, 0x00,
    0x00, 0x00, 0x00, 0x00, 0x3F, 0xC0, 0x3F, 0xC0, 0x06, 0x00, 0x06, 0x00, 0x06, 0x00, 0x06, 0x00,
    0x06, 0x00, 0x06, 0x00, 0x06, 0x00, 0x06, 0x00, 0x06, 0x00, 0x06, 0x00, 0x06, 0x00, 0x06, 0x00,
    0x00, 0x00, 0x00, 0x00, 0x00, 0x00, 0x00, 0x00, 0x00, 0x00, 0x00, 0x00, 0x30, 0xC0, 0x30, 0xC0,
    0x30, 0xC0, 0x30, 0xC0, 0x30, 0xC0, 0x30, 0xC0, 0x30, 0xC0, 0x30, 0xC0, 0x30, 0xC0, 0x30, 0xC0,
    0x30, 0xC0, 0x39, 0xC0, 0x1F, 0x80, 0x0F, 0x00, 0x00, 0x00, 0x00, 0x00, 0x00, 0x00, 0x00, 0x00,
    0x00, 0x00, 0x00, 0x00, 0x30, 0xC0, 0x30, 0xC0, 0x30, 0xC0, 0x30, 0xC0, 0x30, 0xC0, 0x30, 0xC0,
    0x19, 0x80, 0x19, 0x80, 0x19, 0x80, 0x09, 0x00, 0x0F, 0x00, 0x0F, 0x00, 0x06, 0x00, 0x06, 0x00,
    0x00, 0x00, 0x00, 0x00, 0x00, 0x00, 0x00, 0x00, 0x00, 0x00, 0x00, 0x00, 0x60, 0x60, 0x60, 0x60,
    0x60, 0x60, 0x60, 0x60, 0x60, 0x60, 0x60, 0x60, 0x70, 0xE0, 0x30, 0xC0, 0x36, 0xC0, 0x36, 0xC0,
    0x36, 0xC0, 0x1F, 0x80, 0x19, 0x80, 0x19, 0x80, 0x00, 0x00, 0x00, 0x00, 0x00, 0x00, 0x00, 0x00,
    0x00, 0x00, 0x00, 0x00, 0x30, 0xC0, 0x30, 0xC0, 0x19, 0x80, 0x19, 0x80, 0x0F, 0x00, 0x0F, 0x00,
    0x06, 0x00, 0x06, 0x00, 0x0F, 0x00, 0x0F, 0x00, 0x19, 0x80, 0x19, 0x80, 0x30, 0xC0, 0x30, 0xC0,
    0x00, 0x00, 0x00, 0x00, 0x00, 0x00, 0x00, 0x00, 0x00, 0x00, 0x00, 0x00, 0x30, 0xC0, 0x30, 0xC0,
    0x30, 0xC0, 0x30, 0xC0, 0x19, 0x80, 0x19, 0x80, 0x0F, 0x00, 0x0F, 0x00, 0x06, 0x00, 0x06, 0x00,
    0x06, 0x00, 0x06, 0x00, 0x06, 0x00, 0x06, 0x00, 0x00, 0x00, 0x00, 0x00, 0x00, 0x00, 0x00, 0x00,
    0x00, 0x00, 0x00, 0x00, 0x3F, 0xC0, 0x3F, 0xC0, 0x00, 0x40, 0x00, 0xC0, 0x01, 0x80, 0x03, 0x00,
    0x06, 0x00, 0x06, 0x00, 0x0C, 0x00, 0x18, 0x00, 0x30, 0x00, 0x20, 0x00, 0x3F, 0xC0, 0x3F, 0xC0,
    0x00, 0x00, 0x00, 0x00, 0x00, 0x00, 0x00, 0x00, 0x00, 0x00, 0x00, 0x00, 0x0F, 0x80, 0x0F, 0x80,
    0x0C, 0x00, 0x0C, 0x00, 0x0C, 0x00, 0x0C, 0x00, 0x0C, 0x00, 0x0C, 0x00, 0x0C, 0x00, 0x0C, 0x00,
    0x0C, 0x00, 0x0C, 0x00, 0x0C, 0x00, 0x0C, 0x00, 0x0F, 0x80, 0x0F, 0x80, 0x00, 0x00, 0x00, 0x00,
    0x00, 0x00, 0x00, 0x00, 0x30, 0x00, 0x30, 0x00, 0x18, 0x00, 0x18, 0x00, 0x0C, 0x00, 0x0C, 0x00,
    0x06, 0x00, 0x06, 0x00, 0x03, 0x00, 0x03, 0x00, 0x01, 0x80, 0x01, 0x80, 0x00, 0xC0, 0x00, 0xC0,
    0x00, 0x00, 0x00, 0x00, 0x00, 0x00, 0x00, 0x00, 0x00, 0x00, 0x00, 0x00, 0x1F, 0x00, 0x1F, 0x00,
    0x03, 0x00, 0x03, 0x00, 0x03, 0x00, 0x03, 0x00, 0x03, 0x00, 0x03, 0x00, 0x03, 0x00, 0x03, 0x00,
    0x03, 0x00, 0x03, 0x00, 0x03, 0x00, 0x03, 0x00, 0x1F, 0x00, 0x1F, 0x00, 0x00, 0x00, 0x00, 0x00,
    0x00, 0x00, 0x00, 0x00, 0x06, 0x00, 0x0F, 0x00, 0x19, 0x80, 0x30, 0xC0, 0x00, 0x00, 0x00, 0x00,
    0x00, 0x00, 0x00, 0x00, 0x00, 0x00, 0x00, 0x00, 0x00, 0x00, 0x00, 0x00, 0x00, 0x00, 0x00, 0x00,
    0x00, 0x00, 0x00, 0x00, 0x00, 0x00, 0x00, 0x00, 0x00, 0x00, 0x00, 0x00, 0x00, 0x00, 0x00, 0x00,
    0x00, 0x00, 0x00, 0x00, 0x00, 0x00, 0x00, 0x00, 0x00, 0x00, 0x00, 0x00, 0x00, 0x00, 0x00, 0x00,
    0x00, 0x00, 0x00, 0x00, 0x00, 0x00, 0x00, 0x00, 0x00, 0x00, 0x00, 0x00, 0x7F, 0xE0, 0x7F, 0xE0,
    0x00, 0x00, 0x00, 0x00, 0x06, 0x00, 0x0F, 0x00, 0x0F, 0x00, 0x0C, 0x00, 0x06, 0x00, 0x03, 0x00,
    0x01, 0x00, 0x00, 0x00, 0x00, 0x00, 0x00, 0x00, 0x00, 0x00, 0x00, 0x00, 0x00, 0x00, 0x00, 0x00,
    0x00, 0x00, 0x00, 0x00, 0x00, 0x00, 0x00, 0x00, 0x00, 0x00, 0x00, 0x00, 0x00, 0x00, 0x00, 0x00,
    0x00, 0x00, 0x00, 0x00, 0x1F, 0x00, 0x3F, 0x80, 0x30, 0xC0, 0x00, 0xC0, 0x1F, 0xC0, 0x3E, 0xC0,
    0x30, 0xC0, 0x30, 0xC0, 0x3F, 0xC0, 0x1E, 0xC0, 0x00, 0x00, 0x00, 0x00, 0x00, 0x00, 0x00, 0x00,
    0x00, 0x00, 0x00, 0x00, 0x30, 0x00, 0x30, 0x00, 0x30, 0x00, 0x30, 0x00, 0x37, 0x00, 0x3F, 0x80,
    0x39, 0xC0, 0x30, 0xC0, 0x30, 0xC0, 0x30, 0xC0, 0x30, 0xC0, 0x39, 0xC0, 0x3F, 0x80, 0x37, 0x00,
    0x00, 0x00, 0x00, 0x00, 0x00, 0x00, 0x00, 0x00, 0x00, 0x00, 0x00, 0x00, 0x00, 0x00, 0x00, 0x00,
    0x00, 0x00, 0x00, 0x00, 0x0F, 0x80, 0x1F, 0xC0, 0x38, 0xC0, 0x30, 0x00, 0x30, 0x00, 0x30, 0x00,
    0x30, 0x00, 0x38, 0xC0, 0x1F, 0xC0, 0x0F, 0x80, 0x00, 0x00, 0x00, 0x00, 0x00, 0x00, 0x00, 0x00,
    0x00, 0x00, 0x00, 0x00, 0x00, 0xC0, 0x00, 0xC0, 0x00, 0xC0, 0x00, 0xC0, 0x0E, 0xC0, 0x1F, 0xC0,
    0x39, 0xC0, 0x30, 0xC0, 0x30, 0xC0, 0x30, 0xC0, 0x30, 0xC0, 0x39, 0xC0, 0x1F, 0xC0, 0x0E, 0xC0,
    0x00, 0x00, 0x00, 0x00, 0x00, 0x00, 0x00, 0x00, 0x00, 0x00, 0x00, 0x00, 0x00, 0x00, 0x00, 0x00,
    0x00, 0x00, 0x00, 0x00, 0x0F, 0x00, 0x1F, 0x80, 0x30, 0xC0, 0x30, 0xC0, 0x3F, 0xC0, 0x3F, 0xC0,
    0x30, 0x00, 0x30, 0xC0, 0x1F, 0xC0, 0x0F, 0x80, 0x00, 0x00, 0x00, 0x00, 0x00, 0x00, 0x00, 0x00,
    0x00, 0x00, 0x00, 0x00, 0x03, 0xC0, 0x07, 0xE0, 0x0C, 0x60, 0x0C, 0x00, 0x1F, 0x00, 0x1F, 0x00,
    0x0C, 0x00, 0x0C, 0x00, 0x0C, 0x00, 0x0C, 0x00, 0x0C, 0x00, 0x0C, 0x00, 0x0C, 0x00, 0x0C, 0x00,
    0x00, 0x00, 0x00, 0x00, 0x00, 0x00, 0x00, 0x00, 0x00, 0x00, 0x00, 0x00, 0x00, 0x00, 0x00, 0x00,
    0x00, 0x00, 0x00, 0x00, 0x0E, 0xC0, 0x1F, 0xC0, 0x38, 0xC0, 0x30, 0xC0, 0x30, 0xC0, 0x30, 0xC0,
    0x30, 0xC0, 0x38, 0xC0, 0x1F, 0xC0, 0x0E, 0xC0, 0x00, 0xC0, 0x00, 0xC0, 0x3F, 0x80, 0x1F, 0x00,
    0x00, 0x00, 0x00, 0x00, 0x30, 0x00, 0x30, 0x00, 0x30, 0x00, 0x30, 0x00, 0x37, 0x80, 0x3F, 0xC0,
    0x38, 0xC0, 0x30, 0xC0, 0x30, 0xC0, 0x30, 0xC0, 0x30, 0xC0, 0x30, 0xC0, 0x30, 0xC0, 0x30, 0xC0,
    0x00, 0x00, 0x00, 0x00, 0x00, 0x00, 0x00, 0x00, 0x00, 0x00, 0x00, 0x00, 0x06, 0x00, 0x06, 0x00,
    0x00, 0x00, 0x00, 0x00, 0x1E, 0x00, 0x1E, 0x00, 0x06, 0x00, 0x06, 0x00, 0x06, 0x00, 0x06, 0x00,
    0x06, 0x00, 0x06, 0x00, 0x06, 0x00, 0x06, 0x00, 0x00, 0x00, 0x00, 0x00, 0x00, 0x00, 0x00, 0x00,
    0x00, 0x00, 0x00, 0x00, 0x01, 0x80, 0x01, 0x80, 0x00, 0x00, 0x00, 0x00, 0x07, 0x80, 0x07, 0x80,
    0x01, 0x80, 0x01, 0x80, 0x01, 0x80, 0x01, 0x80, 0x01, 0x80, 0x01, 0x80, 0x01, 0x80, 0x01, 0x80,
    0x01, 0x80, 0x31, 0x80, 0x1F, 0x00, 0x0E, 0x00, 0x00, 0x00, 0x00, 0x00, 0x30, 0x00, 0x30, 0x00,
    0x30, 0x00, 0x30, 0x00, 0x31, 0xC0, 0x33, 0x80, 0x36, 0x00, 0x3C, 0x00, 0x3C, 0x00, 0x36, 0x00,
    0x33, 0x00, 0x31, 0x80, 0x30, 0xC0, 0x30, 0x60, 0x00, 0x00, 0x00, 0x00, 0x00, 0x00, 0x00, 0x00,
    0x00, 0x00, 0x00, 0x00, 0x1E, 0x00, 0x1E, 0x00, 0x06, 0x00, 0x06, 0x00, 0x06, 0x00, 0x06, 0x00,
    0x06, 0x00, 0x06, 0x00, 0x06, 0x00, 0x06, 0x00, 0x06, 0x00, 0x06, 0x00, 0x06, 0x00, 0x06, 0x00,
    0x00, 0x00, 0x00, 0x00, 0x00, 0x00, 0x00, 0x00, 0x00, 0x00, 0x00, 0x00, 0x00, 0x00, 0x00, 0x00,
    0x00, 0x00, 0x00, 0x00, 0x5D, 0xC0, 0x7F, 0xE0, 0x66, 0x60, 0x66, 0x60, 0x66, 0x60, 0x66, 0x60,
    0x66, 0x60, 0x66, 0x60, 0x66, 0x60, 0x66, 0x60, 0x00, 0x00, 0x00, 0x00, 0x00, 0x00, 0x00, 0x00,
    0x00, 0x00, 0x00, 0x00, 0x00, 0x00, 0x00, 0x00, 0x00, 0x00, 0x00, 0x00, 0x37, 0x80, 0x3F, 0xC0,
    0x38, 0xC0, 0x30, 0xC0, 0x30, 0xC0, 0x30, 0xC0, 0x30, 0xC0, 0x30, 0xC0, 0x30, 0xC0, 0x30, 0xC0,
    0x00, 0x00, 0x00, 0x00, 0x00, 0x00, 0x00, 0x00, 0x00, 0x00, 0x00, 0x00, 0x00, 0x00, 0x00, 0x00,
    0x00, 0x00, 0x00, 0x00, 0x0F, 0x00, 0x1F, 0x80, 0x39, 0xC0, 0x30, 0xC0, 0x30, 0xC0, 0x30, 0xC0,
    0x30, 0xC0, 0x39, 0xC0, 0x1F, 0x80, 0x0F, 0x00, 0x00, 0x00, 0x00, 0x00, 0x00, 0x00, 0x00, 0x00,
    0x00, 0x00, 0x00, 0x00, 0x00, 0x00, 0x00, 0x00, 0x00, 0x00, 0x00, 0x00, 0x37, 0x00, 0x3F, 0x80,
    0x39, 0xC0, 0x30, 0xC0, 0x30, 0xC0, 0x30, 0xC0, 0x30, 0xC0, 0x39, 0xC0, 0x3F, 0x80, 0x37, 0x00,
    0x30, 0x00, 0x30, 0x00, 0x30, 0x00, 0x30, 0x00, 0x00, 0x00, 0x00, 0x00, 0x00, 0x00, 0x00, 0x00,
    0x00, 0x00, 0x00, 0x00, 0x0E, 0xC0, 0x1F, 0xC0, 0x39, 0xC0, 0x30, 0xC0, 0x30, 0xC0, 0x30, 0xC0,
    0x30, 0xC0, 0x39, 0xC0, 0x1F, 0xC0, 0x0E, 0xC0, 0x00, 0xC0, 0x00, 0xC0, 0x00, 0xC0, 0x00, 0xC0,
    0x00, 0x00, 0x00, 0x00, 0x00, 0x00, 0x00, 0x00, 0x00, 0x00, 0x00, 0x00, 0x37, 0x80, 0x3F, 0xC0,
    0x38, 0xC0, 0x30, 0x00, 0x30, 0x00, 0x30, 0x00, 0x30, 0x00, 0x30, 0x00, 0x30, 0x00, 0x30, 0x00,
    0x00, 0x00, 0x00, 0x00, 0x00, 0x00, 0x00, 0x00, 0x00, 0x00, 0x00, 0x00, 0x00, 0x00, 0x00, 0x00,
    0x00, 0x00, 0x00, 0x00, 0x1F, 0x80, 0x3F, 0xC0, 0x30, 0xC0, 0x30, 0x00, 0x3F, 0x00, 0x0F, 0xC0,
    0x00, 0xC0, 0x30, 0xC0, 0x3F, 0xC0, 0x1F, 0x80, 0x00, 0x00, 0x00, 0x00, 0x00, 0x00, 0x00, 0x00,
    0x00, 0x00, 0x00, 0x00, 0x00, 0x00, 0x0C, 0x00, 0x0C, 0x00, 0x0C, 0x00, 0x3F, 0x00, 0x3F, 0x00,
    0x0C, 0x00, 0x0C, 0x00, 0x0C, 0x00, 0x0C, 0x00, 0x0C, 0x00, 0x0C, 0xC0, 0x0F, 0xC0, 0x07, 0x80,
    0x00, 0x00, 0x00, 0x00, 0x00, 0x00, 0x00, 0x00, 0x00, 0x00, 0x00, 0x00, 0x00, 0x00, 0x00, 0x00,
    0x00, 0x00, 0x00, 0x00, 0x30, 0xC0, 0x30, 0xC0, 0x30, 0xC0, 0x30, 0xC0, 0x30, 0xC0, 0x30, 0xC0,
    0x30, 0xC0, 0x31, 0xC0, 0x3F, 0xC0, 0x1E, 0xC0, 0x00, 0x00, 0x00, 0x00, 0x00, 0x00, 0x00, 0x00,
    0x00, 0x00, 0x00, 0x00, 0x00, 0x00, 0x00, 0x00, 0x00, 0x00, 0x00, 0x00, 0x30, 0xC0, 0x30, 0xC0,
    0x30, 0xC0, 0x30, 0xC0, 0x19, 0x80, 0x19, 0x80, 0x19, 0x80, 0x0F, 0x00, 0x06, 0x00, 0x06, 0x00,
    0x00, 0x00, 0x00, 0x00, 0x00, 0x00, 0x00, 0x00, 0x00, 0x00, 0x00, 0x00, 0x00, 0x00, 0x00, 0x00,
    0x00, 0x00, 0x00, 0x00, 0x60, 0x60, 0x60, 0x60, 0x60, 0x60, 0x60, 0x60, 0x30, 0xC0, 0x36, 0xC0,
    0x36, 0xC0, 0x3F, 0xC0, 0x19, 0x80, 0x19, 0x80, 0x00, 0x00, 0x00, 0x00, 0x00, 0x00, 0x00, 0x00,
    0x00, 0x00, 0x00, 0x00, 0x00, 0x00, 0x00, 0x00, 0x00, 0x00, 0x00, 0x00, 0x30, 0xC0, 0x30, 0xC0,
    0x19, 0x80, 0x0F, 0x00, 0x06, 0x00, 0x0F, 0x00, 0x19, 0x80, 0x30, 0xC0, 0x30, 0xC0, 0x30, 0xC0,
    0x00, 0x00, 0x00, 0x00, 0x00, 0x00, 0x00, 0x00, 0x00, 0x00, 0x00, 0x00, 0x00, 0x00, 0x00, 0x00,
    0x00, 0x00, 0x00, 0x00, 0x30, 0x60, 0x30, 0x60, 0x30, 0x60, 0x18, 0xC0, 0x18, 0xC0, 0x18, 0xC0,
    0x0D, 0x80, 0x0D, 0x80, 0x07, 0x80, 0x03, 0x00, 0x03, 0x00, 0x06, 0x00, 0x3E, 0x00, 0x1C, 0x00,
    0x00, 0x00, 0x00, 0x00, 0x00, 0x00, 0x00, 0x00, 0x00, 0x00, 0x00, 0x00, 0x3F, 0xC0, 0x3F, 0xC0,
    0x01, 0x80, 0x03, 0x00, 0x06, 0x00, 0x0C, 0x00, 0x18, 0x00, 0x30, 0x00, 0x3F, 0xC0, 0x3F, 0xC0,
    0x00, 0x00, 0x00, 0x00, 0x00, 0x00, 0x00, 0x00, 0x00, 0x00, 0x00, 0x00, 0x03, 0x80, 0x06, 0x00,
    0x0C, 0x00, 0x0C, 0x00, 0x06, 0x00, 0x06, 0x00, 0x06, 0x00, 0x1C, 0x00, 0x1C, 0x00, 0x06, 0x00,
    0x06, 0x00, 0x06, 0x00, 0x0C, 0x00, 0x0C, 0x00, 0x06, 0x00, 0x03, 0x80, 0x00, 0x00, 0x00, 0x00,
    0x06, 0x00, 0x06, 0x00, 0x06, 0x00, 0x06, 0x00, 0x06, 0x00, 0x06, 0x00, 0x06, 0x00, 0x06, 0x00,
    0x06, 0x00, 0x06, 0x00, 0x06, 0x00, 0x06, 0x00, 0x06, 0x00, 0x06, 0x00, 0x06, 0x00, 0x06, 0x00,
    0x06, 0x00, 0x06, 0x00, 0x06, 0x00, 0x06, 0x00, 0x00, 0x00, 0x00, 0x00, 0x1C, 0x00, 0x06, 0x00,
    0x03, 0x00, 0x03, 0x00, 0x06, 0x00, 0x06, 0x00, 0x06, 0x00, 0x03, 0x80, 0x03, 0x80, 0x06, 0x00,
    0x06, 0x00, 0x06, 0x00, 0x03, 0x00, 0x03, 0x00, 0x06, 0x00, 0x1C, 0x00, 0x00, 0x00, 0x00, 0x00,
    0x00, 0x00, 0x00, 0x00, 0x1C, 0x60, 0x3E, 0xE0, 0x77, 0xC0, 0x63, 0x80, 0x00, 0x00, 0x00, 0x00,
    0x00, 0x00, 0x00, 0x00, 0x00, 0x00, 0x00, 0x00, 0x00, 0x00, 0x00, 0x00, 0x00, 0x00, 0x00, 0x00,
    0x00, 0x00, 0x00, 0x00, 0x00, 0x00, 0x00, 0x00, 0x00, 0x00, 0x03, 0x00, 0x07, 0x80, 0x0D, 0x80,
    0x0C, 0x00, 0x0C, 0x00, 0x0C, 0x00, 0x0C, 0x00, 0x0C, 0x00, 0x0C, 0x00, 0x0C, 0x00, 0x0C, 0x00,
    0x0C, 0x00, 0x6C, 0x00, 0x78, 0x00, 0x30, 0x00, 0x00, 0x00, 0x00, 0x00, 0x00, 0x00, 0x00, 0x00,
};

const display_font_t font_bigfnt = {
    .glyphs = bigfnt_glyphs,
    .bitmap = bigfnt_bitmap,
    .family = &font_family_bigfnt,
    .first_character = 0,
    .glyph_count = 128,
    .height = 20,
    .baseline = 16,
    .fallback_character = 63,
    .style = 0,
};

static const display_font_glyph_t bigfntb_glyphs[] = {
    { 0, 13, 13, 0, 1 }, /* 0x00 */
    { 40, 13, 13, 0, 1 }, /* 0x01 */
    { 80, 13, 13, 0, 1 }, /* 0x02 */
    { 120, 13, 13, 0, 1 }, /* 0x03 */
    { 160, 13, 13, 0, 1 }, /* 0x04 */
    { 200, 13, 13, 0, 1 }, /* 0x05 */
    { 240, 13, 13, 0, 1 }, /* 0x06 */
    { 280, 13, 13, 0, 1 }, /* 0x07 */
    { 320, 13, 13, 0, 1 }, /* 0x08 */
    { 360, 13, 13, 0, 1 }, /* 0x09 */
    { 400, 13, 13, 0, 1 }, /* 0x0A */
    { 440, 13, 13, 0, 1 }, /* 0x0B */
    { 480, 13, 13, 0, 1 }, /* 0x0C */
    { 520, 13, 13, 0, 1 }, /* 0x0D */
    { 560, 13, 13, 0, 1 }, /* 0x0E */
    { 600, 13, 13, 0, 1 }, /* 0x0F */
    { 640, 13, 13, 0, 1 }, /* 0x10 */
    { 680, 13, 13, 0, 1 }, /* 0x11 */
    { 720, 13, 13, 0, 1 }, /* 0x12 */
    { 760, 13, 13, 0, 1 }, /* 0x13 */
    { 800, 13, 13, 0, 1 }, /* 0x14 */
    { 840, 13, 13, 0, 1 }, /* 0x15 */
    { 880, 13, 13, 0, 1 }, /* 0x16 */
    { 920, 13, 13, 0, 1 }, /* 0x17 */
    { 960, 13, 13, 0, 1 }, /* 0x18 */
    { 1000, 13, 13, 0, 1 }, /* 0x19 */
    { 1040, 13, 13, 0, 1 }, /* 0x1A */
    { 1080, 13, 13, 0, 1 }, /* 0x1B */
    { 1120, 13, 13, 0, 1 }, /* 0x1C */
    { 1160, 13, 13, 0, 1 }, /* 0x1D */
    { 1200, 13, 13, 0, 1 }, /* 0x1E */
    { 1240, 13, 13, 0, 1 }, /* 0x1F */
    { 1280, 13, 13, 0, 1 }, /* 0x20 */
    { 1320, 13, 13, 0, 1 }, /* 0x21 */
    { 1360, 13, 13, 0, 1 }, /* 0x22 */
    { 1400, 13, 13, 0, 1 }, /* 0x23 */
    { 1440, 13, 13, 0, 1 }, /* 0x24 */
    { 1480, 13, 13, 0, 1 }, /* 0x25 */
    { 1520, 13, 13, 0, 1 }, /* 0x26 */
    { 1560, 13, 13, 0, 1 }, /* 0x27 */
    { 1600, 13, 13, 0, 1 }, /* 0x28 */
    { 1640, 13, 13, 0, 1 }, /* 0x29 */
    { 1680, 13, 13, 0, 1 }, /* 0x2A */
    { 1720, 13, 13, 0, 1 }, /* 0x2B */
    { 1760, 13, 13, 0, 1 }, /* 0x2C */
    { 1800, 13, 13, 0, 1 }, /* 0x2D */
    { 1840, 13, 13, 0, 1 }, /* 0x2E */
    { 1880, 13, 13, 0, 1 }, /* 0x2F */
    { 1920, 13, 13, 0, 1 }, /* 0x30 */
    { 1960, 13, 13, 0, 1 }, /* 0x31 */
    { 2000, 13, 13, 0, 1 }, /* 0x32 */
    { 2040, 13, 13, 0, 1 }, /* 0x33 */
    { 2080, 13, 13, 0, 1 }, /* 0x34 */
    { 2120, 13, 13, 0, 1 }, /* 0x35 */
    { 2160, 13, 13, 0, 1 }, /* 0x36 */
    { 2200, 13, 13, 0, 1 }, /* 0x37 */
    { 2240, 13, 13, 0, 1 }, /* 0x38 */
    { 2280, 13, 13, 0, 1 }, /* 0x39 */
    { 2320, 13, 13, 0, 1 }, /* 0x3A */
    { 2360, 13, 13, 0, 1 }, /* 0x3B */
    { 2400, 13, 13, 0, 1 }, /* 0x3C */
    { 2440, 13, 13, 0, 1 }, /* 0x3D */
    { 2480, 13, 13, 0, 1 }, /* 0x3E */
    { 2520, 13, 13, 0, 1 }, /* 0x3F */
    { 2560, 13, 13, 0, 1 }, /* 0x40 */
    { 2600, 13, 13, 0, 1 }, /* 0x41 */
    { 2640, 13, 13, 0, 1 }, /* 0x42 */
    { 2680, 13, 13, 0, 1 }, /* 0x43 */
    { 2720, 13, 13, 0, 1 }, /* 0x44 */
    { 2760, 13, 13, 0, 1 }, /* 0x45 */
    { 2800, 13, 13, 0, 1 }, /* 0x46 */
    { 2840, 13, 13, 0, 1 }, /* 0x47 */
    { 2880, 13, 13, 0, 1 }, /* 0x48 */
    { 2920, 13, 13, 0, 1 }, /* 0x49 */
    { 2960, 13, 13, 0, 1 }, /* 0x4A */
    { 3000, 13, 13, 0, 1 }, /* 0x4B */
    { 3040, 13, 13, 0, 1 }, /* 0x4C */
    { 3080, 13, 13, 0, 1 }, /* 0x4D */
    { 3120, 13, 13, 0, 1 }, /* 0x4E */
    { 3160, 13, 13, 0, 1 }, /* 0x4F */
    { 3200, 13, 13, 0, 1 }, /* 0x50 */
    { 3240, 13, 13, 0, 1 }, /* 0x51 */
    { 3280, 13, 13, 0, 1 }, /* 0x52 */
    { 3320, 13, 13, 0, 1 }, /* 0x53 */
    { 3360, 13, 13, 0, 1 }, /* 0x54 */
    { 3400, 13, 13, 0, 1 }, /* 0x55 */
    { 3440, 13, 13, 0, 1 }, /* 0x56 */
    { 3480, 13, 13, 0, 1 }, /* 0x57 */
    { 3520, 13, 13, 0, 1 }, /* 0x58 */
    { 3560, 13, 13, 0, 1 }, /* 0x59 */
    { 3600, 13, 13, 0, 1 }, /* 0x5A */
    { 3640, 13, 13, 0, 1 }, /* 0x5B */
    { 3680, 13, 13, 0, 1 }, /* 0x5C */
    { 3720, 13, 13, 0, 1 }, /* 0x5D */
    { 3760, 13, 13, 0, 1 }, /* 0x5E */
    { 3800, 13, 13, 0, 1 }, /* 0x5F */
    { 3840, 13, 13, 0, 1 }, /* 0x60 */
    { 3880, 13, 13, 0, 1 }, /* 0x61 */
    { 3920, 13, 13, 0, 1 }, /* 0x62 */
    { 3960, 13, 13, 0, 1 }, /* 0x63 */
    { 4000, 13, 13, 0, 1 }, /* 0x64 */
    { 4040, 13, 13, 0, 1 }, /* 0x65 */
    { 4080, 13, 13, 0, 1 }, /* 0x66 */
    { 4120, 13, 13, 0, 1 }, /* 0x67 */
    { 4160, 13, 13, 0, 1 }, /* 0x68 */
    { 4200, 13, 13, 0, 1 }, /* 0x69 */
    { 4240, 13, 13, 0, 1 }, /* 0x6A */
    { 4280, 13, 13, 0, 1 }, /* 0x6B */
    { 4320, 13, 13, 0, 1 }, /* 0x6C */
    { 4360, 13, 13, 0, 1 }, /* 0x6D */
    { 4400, 13, 13, 0, 1 }, /* 0x6E */
    { 4440, 13, 13, 0, 1 }, /* 0x6F */
    { 4480, 13, 13, 0, 1 }, /* 0x70 */
    { 4520, 13, 13, 0, 1 }, /* 0x71 */
    { 4560, 13, 13, 0, 1 }, /* 0x72 */
    { 4600, 13, 13, 0, 1 }, /* 0x73 */
    { 4640, 13, 13, 0, 1 }, /* 0x74 */
    { 4680, 13, 13, 0, 1 }, /* 0x75 */
    { 4720, 13, 13, 0, 1 }, /* 0x76 */
    { 4760, 13, 13, 0, 1 }, /* 0x77 */
    { 4800, 13, 13, 0, 1 }, /* 0x78 */
    { 4840, 13, 13, 0, 1 }, /* 0x79 */
    { 4880, 13, 13, 0, 1 }, /* 0x7A */
    { 4920, 13, 13, 0, 1 }, /* 0x7B */
    { 4960, 13, 13, 0, 1 }, /* 0x7C */
    { 5000, 13, 13, 0, 1 }, /* 0x7D */
    { 5040, 13, 13, 0, 1 }, /* 0x7E */
    { 5080, 13, 13, 0, 1 }, /* 0x7F */
};

static const uint8_t bigfntb_bitmap[] = {
    0x00, 0x00, 0x00, 0x00, 0x00, 0x00, 0x00, 0x00, 0x00, 0x00, 0x00, 0x00, 0x00, 0x00, 0x0F, 0x00,
    0x1F, 0x80, 0x3F, 0xC0, 0x3F, 0xC0, 0x3F, 0xC0, 0x1F, 0x80, 0x0F, 0x00, 0x00, 0x00, 0x00, 0x00,
    0x00, 0x00, 0x00, 0x00, 0x00, 0x00, 0x00, 0x00, 0x00, 0x00, 0x00, 0x00, 0x07, 0x00, 0x07, 0x00,
    0x07, 0x00, 0x07, 0x00, 0x07, 0x00, 0x07, 0x00, 0x07, 0x00, 0x07, 0x00, 0x67, 0x30, 0x77, 0x70,
    0x3F, 0xE0, 0x1F, 0xC0, 0x0F, 0x80, 0x07, 0x00, 0x00, 0x00, 0x00, 0x00, 0x00, 0x00, 0x00, 0x00,
    0x00, 0x00, 0x00, 0x00, 0x00, 0x00, 0x00, 0x00, 0x00, 0x00, 0x00, 0x00, 0x00, 0x00, 0x00, 0x00,
    0x00, 0x70, 0x3E, 0xE0, 0x7F, 0xE0, 0x77, 0xC0, 0x73, 0x80, 0x77, 0xC0, 0x7E, 0xE0, 0x3C, 0x70,
    0x00, 0x00, 0x00, 0x00, 0x00, 0x00, 0x00, 0x00, 0x00, 0x00, 0x0F, 0xC0, 0x1F, 0xE0, 0x38, 0xE0,
    0x38, 0xE0, 0x38, 0xE0, 0x70, 0xE0, 0x7F, 0xC0, 0x7F, 0xC0, 0x70, 0xE0, 0x70, 0xE0, 0x70, 0xE0,
    0x70, 0xE0, 0x70, 0xE0, 0x7F, 0xC0, 0x7F, 0xC0, 0x70, 0x00, 0x70, 0x00, 0x70, 0x00, 0x70, 0x00,
    0x00, 0x00, 0x00, 0x00, 0x00, 0x00, 0x00, 0x00, 0x00, 0x00, 0x00, 0x00, 0x00, 0x00, 0x00, 0x00,
    0x07, 0x00, 0x0F, 0x80, 0x1D, 0xC0, 0x38, 0xE0, 0x00, 0x00, 0x00, 0x00, 0x00, 0x00, 0x00, 0x00,
    0x00, 0x00, 0x00, 0x00, 0x00, 0x00, 0x00, 0x00, 0x00, 0x00, 0x00, 0x00, 0x00, 0x00, 0x00, 0x00,
    0x00, 0x00, 0x00, 0x00, 0x00, 0x00, 0x00, 0x00, 0x3F, 0xE0, 0x3F, 0xE0, 0x00, 0xE0, 0x00, 0xE0,
    0x00, 0xE0, 0x00, 0x00, 0x00, 0x00, 0x00, 0x00, 0x00, 0x00, 0x00, 0x00, 0x00, 0x00, 0x00, 0x00,
    0x00, 0x00, 0x00, 0x00, 0x00, 0x00, 0x00, 0x00, 0x0F, 0xC0, 0x1F, 0xE0, 0x3C, 0xE0, 0x38, 0x00,
    0x38, 0x00, 0x3F, 0xC0, 0x3F, 0xC0, 0x38, 0x00, 0x38, 0x00, 0x3C, 0xE0, 0x1F, 0xE0, 0x0F, 0xC0,
    0x00, 0x00, 0x00, 0x00, 0x00, 0x00, 0x00, 0x00, 0x00, 0x00, 0x00, 0x00, 0x00, 0x00, 0x00, 0x00,
    0x7F, 0xF0, 0x7F, 0xF0, 0x1C, 0xE0, 0x1C, 0xE0, 0x1C, 0xE0, 0x1C, 0xE0, 0x1C, 0xE0, 0x1C, 0xE0,
    0x1C, 0xE0, 0x1C, 0xE0, 0x1C, 0xE0, 0x1C, 0xE0, 0x00, 0x00, 0x00, 0x00, 0x00, 0x00, 0x00, 0x00,
    0x00, 0x00, 0x00, 0x00, 0x38, 0x00, 0x38, 0x00, 0x1C, 0x00, 0x1C, 0x00, 0x0E, 0x00, 0x0E, 0x00,
    0x07, 0x00, 0x07, 0x00, 0x0F, 0x80, 0x0F, 0x80, 0x1D, 0xC0, 0x1D, 0xC0, 0x38, 0xE0, 0x38, 0xE0,
    0x00, 0x00, 0x00, 0x00, 0x00, 0x00, 0x00, 0x00, 0x00, 0x00, 0x00, 0x00, 0x00, 0x00, 0x30, 0x60,
    0x38, 0xE0, 0x1D, 0xC0, 0x0F, 0x80, 0x07, 0x00, 0x0F, 0x80, 0x1D, 0xC0, 0x38, 0xE0, 0x38, 0xE0,
    0x38, 0xE0, 0x38, 0xE0, 0x38, 0xE0, 0x1F, 0xC0, 0x0F, 0x80, 0x00, 0x00, 0x00, 0x00, 0x00, 0x00,
    0x00, 0x00, 0x00, 0x00, 0x07, 0xC0, 0x0F, 0xE0, 0x1C, 0xE0, 0x1C, 0x00, 0x0E, 0x00, 0x07, 0x00,
    0x03, 0x80, 0x07, 0xC0, 0x0E, 0xE0, 0x1C, 0xE0, 0x38, 0x70, 0x38, 0x70, 0x38, 0x70, 0x1F, 0xE0,
    0x0F, 0xC0, 0x00, 0x00, 0x00, 0x00, 0x00, 0x00, 0x00, 0x00, 0x00, 0x00, 0x07, 0x00, 0x0F, 0x80,
    0x1F, 0xC0, 0x3F, 0xE0, 0x77, 0x70, 0x67, 0x30, 0x07, 0x00, 0x07, 0x00, 0x07, 0x00, 0x07, 0x00,
    0x07, 0x00, 0x07, 0x00, 0x07, 0x00, 0x07, 0x00, 0x00, 0x00, 0x00, 0x00, 0x00, 0x00, 0x00, 0x00,
    0x00, 0x00, 0x00, 0x00, 0x00, 0x00, 0x00, 0x00, 0x00, 0x00, 0x07, 0x00, 0x07, 0x00, 0x07, 0x00,
    0x3F, 0xE0, 0x3F, 0xE0, 0x07, 0x00, 0x07, 0x00, 0x07, 0x00, 0x00, 0x00, 0x3F, 0xE0, 0x3F, 0xE0,
    0x00, 0x00, 0x00, 0x00, 0x00, 0x00, 0x00, 0x00, 0x00, 0x00, 0x00, 0x00, 0x00, 0x00, 0x00, 0x00,
    0x00, 0x00, 0x0F, 0x80, 0x1F, 0xC0, 0x3F, 0xE0, 0x77, 0x70, 0x7F, 0xF0, 0x7F, 0xF0, 0x77, 0x70,
    0x3F, 0xE0, 0x1F, 0xC0, 0x0F, 0x80, 0x00, 0x00, 0x00, 0x00, 0x00, 0x00, 0x00, 0x00, 0x00, 0x00,
    0x00, 0x00, 0x00, 0x00, 0x00, 0x00, 0x00, 0x00, 0x00, 0x00, 0x00, 0x00, 0x3F, 0xE0, 0x3F, 0xE0,
    0x77, 0x70, 0x77, 0x70, 0x77, 0x70, 0x77, 0x70, 0x77, 0x70, 0x3F, 0xE0, 0x3F, 0xE0, 0x00, 0x00,
    0x00, 0x00, 0x00, 0x00, 0x00, 0x00, 0x00, 0x00, 0x00, 0x00, 0x0F, 0x80, 0x0F, 0xC0, 0x01, 0xE0,
    0x00, 0xE0, 0x00, 0xE0, 0x0F, 0xE0, 0x1F, 0xE0, 0x3D, 0xE0, 0x38, 0xE0, 0x38, 0xE0, 0x38, 0xE0,
    0x38, 0xE0, 0x3D, 0xE0, 0x1F, 0xC0, 0x0F, 0x00, 0x00, 0x00, 0x00, 0x00, 0x00, 0x00, 0x00, 0x00,
    0x00, 0x00, 0x00, 0x00, 0x00, 0x00, 0x00, 0x00, 0x00, 0x00, 0x00, 0x00, 0x0F, 0xE0, 0x1F, 0xE0,
    0x38, 0x00, 0x38, 0x00, 0x38, 0x00, 0x38, 0x00, 0x1F, 0xE0, 0x0F, 0xE0, 0x00, 0x00, 0x00, 0x00,
    0x00, 0x00, 0x00, 0x00, 0x00, 0x00, 0x00, 0x00, 0x00, 0x00, 0x00, 0x00, 0x00, 0x00, 0x00, 0x00,
    0x00, 0x00, 0x00, 0x00, 0x3F, 0x80, 0x3F, 0xC0, 0x00, 0xE0, 0x00, 0xE0, 0x00, 0xE0, 0x00, 0xE0,
    0x3F, 0xC0, 0x3F, 0x80, 0x00, 0x00, 0x00, 0x00, 0x00, 0x00, 0x00, 0x00, 0x00, 0x00, 0x00, 0x00,
    0x00, 0x00, 0x00, 0x00, 0x0F, 0x80, 0x1F, 0xC0, 0x38, 0xE0, 0x38, 0xE0, 0x38, 0xE0, 0x38, 0xE0,
    0x38, 0xE0, 0x38, 0xE0, 0x38, 0xE0, 0x38, 0xE0, 0x38, 0xE0, 0x38, 0xE0, 0x38, 0xE0, 0x00, 0x00,
    0x00, 0x00, 0x00, 0x00, 0x00, 0x00, 0x00, 0x00, 0x00, 0x00, 0x00, 0x00, 0x00, 0x00, 0x38, 0xE0,
    0x38, 0xE0, 0x38, 0xE0, 0x38, 0xE0, 0x38, 0xE0, 0x38, 0xE0, 0x38, 0xE0, 0x38, 0xE0, 0x38, 0xE0,
    0x38, 0xE0, 0x1F, 0xC0, 0x0F, 0x80, 0x00, 0x00, 0x00, 0x00, 0x00, 0x00, 0x00, 0x00, 0x00, 0x00,
    0x00, 0x00, 0x00, 0x00, 0x38, 0xE0, 0x38, 0xE0, 0x38, 0xE0, 0x38, 0xE0, 0x38, 0xE0, 0x3F, 0xE0,
    0x3F, 0xE0, 0x38, 0xE0, 0x38, 0xE0, 0x38, 0xE0, 0x38, 0xE0, 0x3D, 0xE0, 0x1F, 0xC0, 0x0F, 0x80,
    0x00, 0x00, 0x00, 0x00, 0x00, 0x00, 0x00, 0x00, 0x00, 0x00, 0x00, 0x00, 0x3F, 0xE0, 0x3F, 0xE0,
    0x00, 0xE0, 0x00, 0xE0, 0x00, 0xE0, 0x00, 0xE0, 0x0F, 0xE0, 0x0F, 0xE0, 0x00, 0xE0, 0x00, 0xE0,
    0x00, 0xE0, 0x00, 0xE0, 0x3F, 0xE0, 0x3F, 0xE0, 0x00, 0x00, 0x00, 0x00, 0x00, 0x00, 0x00, 0x00,
    0x00, 0x00, 0x00, 0x00, 0x00, 0x00, 0x0F, 0x00, 0x3F, 0xC0, 0x70, 0xE0, 0x79, 0xE0, 0xFF, 0xF0,
    0xEF, 0x70, 0xEF, 0x70, 0xFF, 0xF0, 0x79, 0xE0, 0x3F, 0xC0, 0x0F, 0x00, 0x00, 0x00, 0x00, 0x00,
    0x00, 0x00, 0x00, 0x00, 0x00, 0x00, 0x00, 0x00, 0x00, 0x00, 0x00, 0x00, 0x00, 0x00, 0x0E, 0x00,
    0x1C, 0x00, 0x38, 0x00, 0x7F, 0xF0, 0x7F, 0xF0, 0x38, 0x00, 0x1C, 0x00, 0x0E, 0x00, 0x03, 0x80,
    0x01, 0xC0, 0x00, 0xE0, 0x7F, 0xF0, 0x7F, 0xF0, 0x00, 0xE0, 0x01, 0xC0, 0x03, 0x80, 0x00, 0x00,
    0x00, 0x00, 0x00, 0x00, 0x00, 0x00, 0x00, 0x00, 0x00, 0x00, 0x0C, 0x00, 0x1C, 0x00, 0x38, 0x00,
    0x7F, 0xF0, 0x7F, 0xF0, 0x38, 0x00, 0x1C, 0x00, 0x0C, 0x00, 0x00, 0x00, 0x00, 0x00, 0x00, 0x00,
    0x00, 0x00, 0x00, 0x00, 0x00, 0x00, 0x00, 0x00, 0x00, 0x00, 0x00, 0x00, 0x00, 0x00, 0x00, 0x00,
    0x00, 0x00, 0x03, 0x80, 0x01, 0xC0, 0x00, 0xE0, 0x7F, 0xF0, 0x7F, 0xF0, 0x00, 0xE0, 0x01, 0xC0,
    0x03, 0x80, 0x00, 0x00, 0x00, 0x00, 0x00, 0x00, 0x00, 0x00, 0x00, 0x00, 0x00, 0x00, 0x00, 0x00,
    0x00, 0x00, 0x00, 0x00, 0x00, 0xE0, 0x00, 0xE0, 0x01, 0xC0, 0x01, 0xC0, 0x3F, 0xE0, 0x3F, 0xE0,
    0x07, 0x00, 0x07, 0x00, 0x3F, 0xE0, 0x3F, 0xE0, 0x1C, 0x00, 0x1C, 0x00, 0x38, 0x00, 0x38, 0x00,
    0x00, 0x00, 0x00, 0x00, 0x00, 0x00, 0x00, 0x00, 0x00, 0x00, 0x07, 0x00, 0x07, 0x00, 0x07, 0x00,
    0x0F, 0x80, 0x0F, 0x80, 0x1D, 0xC0, 0x38, 0xE0, 0x38, 0xE0, 0x1D, 0xC0, 0x0F, 0x80, 0x0F, 0x80,
    0x07, 0x00, 0x07, 0x00, 0x07, 0x00, 0x00, 0x00, 0x00, 0x00, 0x00, 0x00, 0x00, 0x00, 0x00, 0x00,
    0x00, 0x00, 0x00, 0x00, 0x00, 0x00, 0x00, 0x00, 0x00, 0x00, 0x00, 0xE0, 0x03, 0xC0, 0x0F, 0x00,
    0x3C, 0x00, 0x3C, 0x00, 0x0F, 0x00, 0x03, 0xC0, 0x00, 0xE0, 0x00, 0x00, 0x3F, 0xE0, 0x3F, 0xE0,
    0x00, 0x00, 0x00, 0x00, 0x00, 0x00, 0x00, 0x00, 0x00, 0x00, 0x00, 0x00, 0x00, 0x00, 0x00, 0x00,
    0x00, 0x00, 0x38, 0x00, 0x1E, 0x00, 0x07, 0x80, 0x01, 0xE0, 0x01, 0xE0, 0x07, 0x80, 0x1E, 0x00,
    0x38, 0x00, 0x00, 0x00, 0x3F, 0xE0, 0x3F, 0xE0, 0x00, 0x00, 0x00, 0x00, 0x00, 0x00, 0x00, 0x00,
    0x00, 0x00, 0x00, 0x00, 0x00, 0x00, 0x00, 0x00, 0x00, 0x00, 0xFF, 0xF8, 0xFF, 0xF8, 0x00, 0x00,
    0xFF, 0xF8, 0xFF, 0xF8, 0x00, 0x00, 0xFF, 0xF8, 0xFF, 0xF8, 0x00, 0x00, 0x00, 0x00, 0x00, 0x00,
    0x00, 0x00, 0x00, 0x00, 0x00, 0x00, 0x00, 0x00, 0x00, 0x00, 0x00, 0x00, 0x00, 0x00, 0x00, 0x00,
    0x00, 0x00, 0x00, 0x00, 0x00, 0x00, 0x00, 0x00, 0x38, 0xE0, 0x1D, 0xC0, 0x0F, 0x80, 0x07, 0x00,
    0x00, 0x00, 0x00, 0x00, 0x00, 0x00, 0x00, 0x00, 0x00, 0x00, 0x00, 0x00, 0x00, 0x00, 0x00, 0x00,
    0x00, 0x00, 0x00, 0x00, 0x00, 0x00, 0x00, 0x00, 0x00, 0x00, 0x00, 0x00, 0x00, 0x00, 0x00, 0x00,
    0x00, 0x00, 0x00, 0x00, 0x00, 0x00, 0x00, 0x00, 0x00, 0x00, 0x00, 0x00, 0x00, 0x00, 0x00, 0x00,
    0x00, 0x00, 0x00, 0x00, 0x00, 0x00, 0x00, 0x00, 0x00, 0x00, 0x00, 0x00, 0x07, 0x00, 0x07, 0x00,
    0x07, 0x00, 0x07, 0x00, 0x07, 0x00, 0x07, 0x00, 0x07, 0x00, 0x07, 0x00, 0x07, 0x00, 0x07, 0x00,
    0x00, 0x00, 0x00, 0x00, 0x07, 0x00, 0x07, 0x00, 0x00, 0x00, 0x00, 0x00, 0x00, 0x00, 0x00, 0x00,
    0x00, 0x00, 0x1D, 0xC0, 0x1D, 0xC0, 0x1D, 0xC0, 0x1D, 0xC0, 0x1D, 0xC0, 0x00, 0x00, 0x00, 0x00,
    0x00, 0x00, 0x00, 0x00, 0x00, 0x00, 0x00, 0x00, 0x00, 0x00, 0x00, 0x00, 0x00, 0x00, 0x00, 0x00,
    0x00, 0x00, 0x00, 0x00, 0x00, 0x00, 0x00, 0x00, 0x00, 0x00, 0x00, 0x00, 0x07, 0x70, 0x07, 0x70,
    0x0E, 0xE0, 0x1F, 0xF0, 0x1F, 0xF0, 0x0E, 0xE0, 0x0E, 0xE0, 0x1D, 0xC0, 0x1D, 0xC0, 0x3F, 0xE0,
    0x3F, 0xE0, 0x1D, 0xC0, 0x3B, 0x80, 0x3B, 0x80, 0x00, 0x00, 0x00, 0x00, 0x00, 0x00, 0x00, 0x00,
    0x00, 0x00, 0x00, 0x00, 0x07, 0x00, 0x07, 0x00, 0x1F, 0xC0, 0x3F, 0xE0, 0x3F, 0xE0, 0x3F, 0x00,
    0x1F, 0x00, 0x07, 0xC0, 0x07, 0xE0, 0x3F, 0xE0, 0x3F, 0xE0, 0x1F, 0xC0, 0x07, 0x00, 0x07, 0x00,
    0x00, 0x00, 0x00, 0x00, 0x00, 0x00, 0x00, 0x00, 0x00, 0x00, 0x00, 0x00, 0x01, 0xE0, 0x3F, 0xE0,
    0x7C, 0xE0, 0x6D, 0xC0, 0x7D, 0xC0, 0x3B, 0x80, 0x03, 0x80, 0x07, 0x00, 0x07, 0x00, 0x0E, 0xE0,
    0x0F, 0xF0, 0x1D, 0xB0, 0x1D, 0xF0, 0x38, 0xE0, 0x00, 0x00, 0x00, 0x00, 0x00, 0x00, 0x00, 0x00,
    0x00, 0x00, 0x00, 0x00, 0x0F, 0x00, 0x1F, 0x80, 0x39, 0xC0, 0x38, 0x00, 0x38, 0x00, 0x1C, 0x00,
    0x1E, 0x00, 0x3E, 0x00, 0x77, 0xE0, 0x73, 0xC0, 0x73, 0x80, 0x73, 0xC0, 0x7F, 0xC0, 0x3E, 0xE0,
    0x00, 0x00, 0x00, 0x00, 0x00, 0x00, 0x00, 0x00, 0x00, 0x00, 0x00, 0x00, 0x07, 0x00, 0x0F, 0x80,
    0x0F, 0x80, 0x03, 0x80, 0x07, 0x00, 0x0E, 0x00, 0x0C, 0x00, 0x00, 0x00, 0x00, 0x00, 0x00, 0x00,
    0x00, 0x00, 0x00, 0x00, 0x00, 0x00, 0x00, 0x00, 0x00, 0x00, 0x00, 0x00, 0x00, 0x00, 0x00, 0x00,
    0x00, 0x00, 0x00, 0x00, 0x01, 0xC0, 0x03, 0x80, 0x07, 0x80, 0x07, 0x00, 0x0F, 0x00, 0x0E, 0x00,
    0x0E, 0x00, 0x0E, 0x00, 0x0E, 0x00, 0x0E, 0x00, 0x0E, 0x00, 0x0F, 0x00, 0x07, 0x00, 0x07, 0x80,
    0x03, 0x80, 0x01, 0xC0, 0x00, 0x00, 0x00, 0x00, 0x00, 0x00, 0x00, 0x00, 0x1C, 0x00, 0x0E, 0x00,
    0x0F, 0x00, 0x07, 0x00, 0x07, 0x80, 0x03, 0x80, 0x03, 0x80, 0x03, 0x80, 0x03, 0x80, 0x03, 0x80,
    0x03, 0x80, 0x07, 0x80, 0x07, 0x00, 0x0F, 0x00, 0x0E, 0x00, 0x1C, 0x00, 0x00, 0x00, 0x00, 0x00,
    0x00, 0x00, 0x00, 0x00, 0x00, 0x00, 0x00, 0x00, 0x07, 0x00, 0x37, 0x60, 0x3F, 0xE0, 0x1D, 0xC0,
    0x0F, 0x80, 0x1D, 0xC0, 0x3F, 0xE0, 0x37, 0x60, 0x07, 0x00, 0x00, 0x00, 0x00, 0x00, 0x00, 0x00,
    0x00, 0x00, 0x00, 0x00, 0x00, 0x00, 0x00, 0x00, 0x00, 0x00, 0x00, 0x00, 0x00, 0x00, 0x00, 0x00,
    0x00, 0x00, 0x07, 0x00, 0x07, 0x00, 0x07, 0x00, 0x3F, 0xE0, 0x3F, 0xE0, 0x07, 0x00, 0x07, 0x00,
    0x07, 0x00, 0x00, 0x00, 0x00, 0x00, 0x00, 0x00, 0x00, 0x00, 0x00, 0x00, 0x00, 0x00, 0x00, 0x00,
    0x00, 0x00, 0x00, 0x00, 0x00, 0x00, 0x00, 0x00, 0x00, 0x00, 0x00, 0x00, 0x00, 0x00, 0x00, 0x00,
    0x00, 0x00, 0x00, 0x00, 0x00, 0x00, 0x00, 0x00, 0x00, 0x00, 0x07, 0x00, 0x0F, 0x80, 0x0F, 0x80,
    0x03, 0x80, 0x07, 0x00, 0x0E, 0x00, 0x0C, 0x00, 0x00, 0x00, 0x00, 0x00, 0x00, 0x00, 0x00, 0x00,
    0x00, 0x00, 0x00, 0x00, 0x00, 0x00, 0x00, 0x00, 0x3F, 0xE0, 0x3F, 0xE0, 0x00, 0x00, 0x00, 0x00,
    0x00, 0x00, 0x00, 0x00, 0x00, 0x00, 0x00, 0x00, 0x00, 0x00, 0x00, 0x00, 0x00, 0x00, 0x00, 0x00,
    0x00, 0x00, 0x00, 0x00, 0x00, 0x00, 0x00, 0x00, 0x00, 0x00, 0x00, 0x00, 0x00, 0x00, 0x00, 0x00,
    0x00, 0x00, 0x00, 0x00, 0x00, 0x00, 0x00, 0x00, 0x07, 0x00, 0x0F, 0x80, 0x0F, 0x80, 0x07, 0x00,
    0x00, 0x00, 0x00, 0x00, 0x00, 0x00, 0x00, 0x00, 0x00, 0x00, 0x00, 0x00, 0x00, 0xE0, 0x00, 0xE0,
    0x01, 0xC0, 0x01, 0xC0, 0x03, 0x80, 0x03, 0x80, 0x07, 0x00, 0x07, 0x00, 0x0E, 0x00, 0x0E, 0x00,
    0x1C, 0x00, 0x1C, 0x00, 0x38, 0x00, 0x38, 0x00, 0x00, 0x00, 0x00, 0x00, 0x00, 0x00, 0x00, 0x00,
    0x00, 0x00, 0x00, 0x00, 0x00, 0x00, 0x0F, 0x80, 0x1F, 0xC0, 0x3D, 0xE0, 0x38, 0xE0, 0x38, 0xE0,
    0x3B, 0xE0, 0x3F, 0xE0, 0x3C, 0xE0, 0x38, 0xE0, 0x38, 0xE0, 0x3D, 0xE0, 0x1F, 0xC0, 0x0F, 0x80,
    0x00, 0x00, 0x00, 0x00, 0x00, 0x00, 0x00, 0x00, 0x00, 0x00, 0x00, 0x00, 0x00, 0x00, 0x07, 0x00,
    0x0F, 0x00, 0x1F, 0x00, 0x3F, 0x00, 0x07, 0x00, 0x07, 0x00, 0x07, 0x00, 0x07, 0x00, 0x07, 0x00,
    0x07, 0x00, 0x07, 0x00, 0x07, 0x00, 0x07, 0x00, 0x00, 0x00, 0x00, 0x00, 0x00, 0x00, 0x00, 0x00,
    0x00, 0x00, 0x00, 0x00, 0x00, 0x00, 0x0F, 0x80, 0x1F, 0xC0, 0x38, 0xE0, 0x38, 0xE0, 0x00, 0xE0,
    0x01, 0xC0, 0x03, 0x80, 0x07, 0x00, 0x0E, 0x00, 0x1C, 0x00, 0x38, 0x00, 0x3F, 0xE0, 0x3F, 0xE0,
    0x00, 0x00, 0x00, 0x00, 0x00, 0x00, 0x00, 0x00, 0x00, 0x00, 0x00, 0x00, 0x00, 0x00, 0x0F, 0x80,
    0x1F, 0xC0, 0x38, 0xE0, 0x38, 0xE0, 0x00, 0xE0, 0x07, 0xC0, 0x07, 0x80, 0x01, 0xC0, 0x00, 0xE0,
    0x38, 0xE0, 0x38, 0xE0, 0x1F, 0xC0, 0x0F, 0x80, 0x00, 0x00, 0x00, 0x00, 0x00, 0x00, 0x00, 0x00,
    0x00, 0x00, 0x00, 0x00, 0x00, 0x00, 0x01, 0xC0, 0x03, 0x80, 0x07, 0x00, 0x0E, 0x00, 0x1D, 0xC0,
    0x39, 0xC0, 0x39, 0xC0, 0x3F, 0xE0, 0x3F, 0xE0, 0x01, 0xC0, 0x01, 0xC0, 0x01, 0xC0, 0x01, 0xC0,
    0x00, 0x00, 0x00, 0x00, 0x00, 0x00, 0x00, 0x00, 0x00, 0x00, 0x00, 0x00, 0x00, 0x00, 0x1F, 0xE0,
    0x1F, 0xE0, 0x18, 0x00, 0x38, 0x00, 0x38, 0x00, 0x3F, 0x80, 0x3F, 0xC0, 0x00, 0xE0, 0x00, 0xE0,
    0x38, 0xE0, 0x38, 0xE0, 0x1F, 0xC0, 0x0F, 0x80, 0x00, 0x00, 0x00, 0x00, 0x00, 0x00, 0x00, 0x00,
    0x00, 0x00, 0x00, 0x00, 0x00, 0x00, 0x0F, 0x80, 0x1F, 0xC0, 0x38, 0xE0, 0x38, 0x00, 0x3F, 0x80,
    0x3F, 0xC0, 0x3D, 0xE0, 0x38, 0xE0, 0x38, 0xE0, 0x38, 0xE0, 0x3D, 0xE0, 0x1F, 0xC0, 0x0F, 0x80,
    0x00, 0x00, 0x00, 0x00, 0x00, 0x00, 0x00, 0x00, 0x00, 0x00, 0x00, 0x00, 0x00, 0x00, 0x3F, 0xE0,
    0x3F, 0xE0, 0x00, 0xE0, 0x01, 0xC0, 0x01, 0xC0, 0x03, 0x80, 0x07, 0x00, 0x07, 0x00, 0x0E, 0x00,
    0x0E, 0x00, 0x1C, 0x00, 0x1C, 0x00, 0x1C, 0x00, 0x00, 0x00, 0x00, 0x00, 0x00, 0x00, 0x00, 0x00,
    0x00, 0x00, 0x00, 0x00, 0x00, 0x00, 0x0F, 0x80, 0x1F, 0xC0, 0x38, 0xE0, 0x38, 0xE0, 0x38, 0xE0,
    0x1F, 0xC0, 0x0F, 0x80, 0x1D, 0xC0, 0x38, 0xE0, 0x38, 0xE0, 0x38, 0xE0, 0x1F, 0xC0, 0x0F, 0x80,
    0x00, 0x00, 0x00, 0x00, 0x00, 0x00, 0x00, 0x00, 0x00, 0x00, 0x00, 0x00, 0x00, 0x00, 0x0F, 0x80,
    0x1F, 0xC0, 0x3D, 0xE0, 0x38, 0xE0, 0x38, 0xE0, 0x38, 0xE0, 0x3D, 0xE0, 0x1F, 0xE0, 0x0F, 0xE0,
    0x00, 0xE0, 0x38, 0xE0, 0x1F, 0xC0, 0x0F, 0x80, 0x00, 0x00, 0x00, 0x00, 0x00, 0x00, 0x00, 0x00,
    0x00, 0x00, 0x00, 0x00, 0x00, 0x00, 0x00, 0x00, 0x00, 0x00, 0x00, 0x00, 0x07, 0x00, 0x0F, 0x80,
    0x0F, 0x80, 0x07, 0x00, 0x00, 0x00, 0x00, 0x00, 0x07, 0x00, 0x0F, 0x80, 0x0F, 0x80, 0x07, 0x00,
    0x00, 0x00, 0x00, 0x00, 0x00, 0x00, 0x00, 0x00, 0x00, 0x00, 0x00, 0x00, 0x00, 0x00, 0x00, 0x00,
    0x00, 0x00, 0x00, 0x00, 0x07, 0x00, 0x0F, 0x80, 0x0F, 0x80, 0x07, 0x00, 0x00, 0x00, 0x00, 0x00,
    0x00, 0x00, 0x07, 0x00, 0x0F, 0x80, 0x0F, 0x80, 0x03, 0x80, 0x07, 0x00, 0x0E, 0x00, 0x0C, 0x00,
    0x00, 0x00, 0x00, 0x00, 0x00, 0x00, 0x00, 0x00, 0x00, 0x00, 0x00, 0xE0, 0x03, 0xC0, 0x0F, 0x00,
    0x3C, 0x00, 0x3C, 0x00, 0x0F, 0x00, 0x03, 0xC0, 0x00, 0xE0, 0x00, 0x00, 0x00, 0x00, 0x00, 0x00,
    0x00, 0x00, 0x00, 0x00, 0x00, 0x00, 0x00, 0x00, 0x00, 0x00, 0x00, 0x00, 0x00, 0x00, 0x00, 0x00,
    0x00, 0x00, 0x00, 0x00, 0x3F, 0xE0, 0x3F, 0xE0, 0x00, 0x00, 0x00, 0x00, 0x3F, 0xE0, 0x3F, 0xE0,
    0x00, 0x00, 0x00, 0x00, 0x00, 0x00, 0x00, 0x00, 0x00, 0x00, 0x00, 0x00, 0x00, 0x00, 0x00, 0x00,
    0x00, 0x00, 0x00, 0x00, 0x00, 0x00, 0x00, 0x00, 0x00, 0x00, 0x38, 0x00, 0x1E, 0x00, 0x07, 0x80,
    0x01, 0xE0, 0x01, 0xE0, 0x07, 0x80, 0x1E, 0x00, 0x38, 0x00, 0x00, 0x00, 0x00, 0x00, 0x00, 0x00,
    0x00, 0x00, 0x00, 0x00, 0x00, 0x00, 0x00, 0x00, 0x00, 0x00, 0x00, 0x00, 0x0F, 0x80, 0x1F, 0xC0,
    0x38, 0xE0, 0x38, 0xE0, 0x00, 0xE0, 0x01, 0xC0, 0x03, 0x80, 0x07, 0x00, 0x0E, 0x00, 0x0E, 0x00,
    0x00, 0x00, 0x00, 0x00, 0x0E, 0x00, 0x0E, 0x00, 0x00, 0x00, 0x00, 0x00, 0x00, 0x00, 0x00, 0x00,
    0x00, 0x00, 0x00, 0x00, 0x00, 0x00, 0x07, 0x00, 0x1F, 0xC0, 0x38, 0xE0, 0x30, 0x60, 0x37, 0x60,
    0x3F, 0xE0, 0x3D, 0xE0, 0x3D, 0xE0, 0x37, 0xC0, 0x30, 0x00, 0x38, 0xE0, 0x1F, 0xC0, 0x07, 0x00,
    0x00, 0x00, 0x00, 0x00, 0x00, 0x00, 0x00, 0x00, 0x00, 0x00, 0x00, 0x00, 0x0F, 0x80, 0x1F, 0xC0,
    0x3D, 0xE0, 0x38, 0xE0, 0x38, 0xE0, 0x38, 0xE0, 0x38, 0xE0, 0x3F, 0xE0, 0x3F, 0xE0, 0x38, 0xE0,
    0x38, 0xE0, 0x38, 0xE0, 0x38, 0xE0, 0x38, 0xE0, 0x00, 0x00, 0x00, 0x00, 0x00, 0x00, 0x00, 0x00,
    0x00, 0x00, 0x00, 0x00, 0x3F, 0x80, 0x3F, 0xC0, 0x39, 0xE0, 0x38, 0xE0, 0x38, 0xE0, 0x39, 0xC0,
    0x3F, 0xC0, 0x3F, 0xC0, 0x39, 0xC0, 0x38, 0xE0, 0x38, 0xE0, 0x39, 0xE0, 0x3F, 0xC0, 0x3F, 0x80,
    0x00, 0x00, 0x00, 0x00, 0x00, 0x00, 0x00, 0x00, 0x00, 0x00, 0x00, 0x00, 0x0F, 0x80, 0x1F, 0xC0,
    0x3D, 0xE0, 0x38, 0xE0, 0x38, 0x00, 0x38, 0x00, 0x38, 0x00, 0x38, 0x00, 0x38, 0x00, 0x38, 0x00,
    0x38, 0xE0, 0x3D, 0xE0, 0x1F, 0xC0, 0x0F, 0x80, 0x00, 0x00, 0x00, 0x00, 0x00, 0x00, 0x00, 0x00,
    0x00, 0x00, 0x00, 0x00, 0x3F, 0x80, 0x3F, 0xC0, 0x39, 0xE0, 0x38, 0xE0, 0x38, 0xE0, 0x38, 0xE0,
    0x38, 0xE0, 0x38, 0xE0, 0x38, 0xE0, 0x38, 0xE0, 0x38, 0xE0, 0x39, 0xE0, 0x3F, 0xC0, 0x3F, 0x80,
    0x00, 0x00, 0x00, 0x00, 0x00, 0x00, 0x00, 0x00, 0x00, 0x00, 0x00, 0x00, 0x3F, 0xE0, 0x3F, 0xE0,
    0x38, 0x00, 0x38, 0x00, 0x38, 0x00, 0x38, 0x00, 0x3F, 0x80, 0x3F, 0x80, 0x38, 0x00, 0x38, 0x00,
    0x38, 0x00, 0x38, 0x00, 0x3F, 0xE0, 0x3F, 0xE0, 0x00, 0x00, 0x00, 0x00, 0x00, 0x00, 0x00, 0x00,
    0x00, 0x00, 0x00, 0x00, 0x3F, 0xE0, 0x3F, 0xE0, 0x38, 0x00, 0x38, 0x00, 0x38, 0x00, 0x38, 0x00,
    0x3F, 0x80, 0x3F, 0x80, 0x38, 0x00, 0x38, 0x00, 0x38, 0x00, 0x38, 0x00, 0x38, 0x00, 0x38, 0x00,
    0x00, 0x00, 0x00, 0x00, 0x00, 0x00, 0x00, 0x00, 0x00, 0x00, 0x00, 0x00, 0x0F, 0x80, 0x1F, 0xC0,
    0x3D, 0xE0, 0x38, 0xE0, 0x38, 0x00, 0x38, 0x00, 0x38, 0x00, 0x3B, 0xE0, 0x3B, 0xE0, 0x38, 0xE0,
    0x38, 0xE0, 0x3D, 0xE0, 0x1F, 0xC0, 0x0F, 0x80, 0x00, 0x00, 0x00, 0x00, 0x00, 0x00, 0x00, 0x00,
    0x00, 0x00, 0x00, 0x00, 0x38, 0xE0, 0x38, 0xE0, 0x38, 0xE0, 0x38, 0xE0, 0x38, 0xE0, 0x38, 0xE0,
    0x3F, 0xE0, 0x3F, 0xE0, 0x38, 0xE0, 0x38, 0xE0, 0x38, 0xE0, 0x38, 0xE0, 0x38, 0xE0, 0x38, 0xE0,
    0x00, 0x00, 0x00, 0x00, 0x00, 0x00, 0x00, 0x00, 0x00, 0x00, 0x00, 0x00, 0x1F, 0xC0, 0x1F, 0xC0,
    0x07, 0x00, 0x07, 0x00, 0x07, 0x00, 0x07, 0x00, 0x07, 0x00, 0x07, 0x00, 0x07, 0x00, 0x07, 0x00,
    0x07, 0x00, 0x07, 0x00, 0x1F, 0xC0, 0x1F, 0xC0, 0x00, 0x00, 0x00, 0x00, 0x00, 0x00, 0x00, 0x00,
    0x00, 0x00, 0x00, 0x00, 0x00, 0xE0, 0x00, 0xE0, 0x00, 0xE0, 0x00, 0xE0, 0x00, 0xE0, 0x00, 0xE0,
    0x00, 0xE0, 0x00, 0xE0, 0x00, 0xE0, 0x00, 0xE0, 0x38, 0xE0, 0x38, 0xE0, 0x1F, 0xC0, 0x0F, 0x80,
    0x00, 0x00, 0x00, 0x00, 0x00, 0x00, 0x00, 0x00, 0x00, 0x00, 0x00, 0x00, 0x38, 0xE0, 0x38, 0xE0,
    0x39, 0xC0, 0x3B, 0x80, 0x3F, 0x00, 0x3E, 0x00, 0x3C, 0x00, 0x3C, 0x00, 0x3E, 0x00, 0x3F, 0x00,
    0x3B, 0x80, 0x39, 0xC0, 0x38, 0xE0, 0x38, 0xE0, 0x00, 0x00, 0x00, 0x00, 0x00, 0x00, 0x00, 0x00,
    0x00, 0x00, 0x00, 0x00, 0x38, 0x00, 0x38, 0x00, 0x38, 0x00, 0x38, 0x00, 0x38, 0x00, 0x38, 0x00,
    0x38, 0x00, 0x38, 0x00, 0x38, 0x00, 0x38, 0x00, 0x38, 0x00, 0x38, 0x00, 0x3F, 0xE0, 0x3F, 0xE0,
    0x00, 0x00, 0x00, 0x00, 0x00, 0x00, 0x00, 0x00, 0x00, 0x00, 0x00, 0x00, 0x38, 0xE0, 0x3D, 0xE0,
    0x3F, 0xE0, 0x3F, 0xE0, 0x3F, 0xE0, 0x3F, 0xE0, 0x38, 0xE0, 0x38, 0xE0, 0x38, 0xE0, 0x38, 0xE0,
    0x38, 0xE0, 0x38, 0xE0, 0x38, 0xE0, 0x38, 0xE0, 0x00, 0x00, 0x00, 0x00, 0x00, 0x00, 0x00, 0x00,
    0x00, 0x00, 0x00, 0x00, 0x38, 0xE0, 0x3C, 0xE0, 0x3C, 0xE0, 0x3E, 0xE0, 0x3E, 0xE0, 0x3E, 0xE0,
    0x3E, 0xE0, 0x3B, 0xE0, 0x3B, 0xE0, 0x3B, 0xE0, 0x3B, 0xE0, 0x39, 0xE0, 0x39, 0xE0, 0x38, 0xE0,
    0x00, 0x00, 0x00, 0x00, 0x00, 0x00, 0x00, 0x00, 0x00, 0x00, 0x00, 0x00, 0x0F, 0x80, 0x1F, 0xC0,
    0x3D, 0xE0, 0x38, 0xE0, 0x38, 0xE0, 0x38, 0xE0, 0x38, 0xE0, 0x38, 0xE0, 0x38, 0xE0, 0x38, 0xE0,
    0x38, 0xE0, 0x3D, 0xE0, 0x1F, 0xC0, 0x0F, 0x80, 0x00, 0x00, 0x00, 0x00, 0x00, 0x00, 0x00, 0x00,
    0x00, 0x00, 0x00, 0x00, 0x3F, 0x80, 0x3F, 0xC0, 0x39, 0xE0, 0x38, 0xE0, 0x38, 0xE0, 0x39, 0xE0,
    0x3F, 0xC0, 0x3F, 0x80, 0x38, 0x00, 0x38, 0x00, 0x38, 0x00, 0x38, 0x00, 0x38, 0x00, 0x38, 0x00,
    0x00, 0x00, 0x00, 0x00, 0x00, 0x00, 0x00, 0x00, 0x00, 0x00, 0x00, 0x00, 0x0F, 0x80, 0x1F, 0xC0,
    0x3D, 0xE0, 0x38, 0xE0, 0x38, 0xE0, 0x38, 0xE0, 0x38, 0xE0, 0x38, 0xE0, 0x38, 0xE0, 0x38, 0xE0,
    0x3F, 0xE0, 0x3F, 0xE0, 0x1F, 0xC0, 0x0F, 0xE0, 0x00, 0xE0, 0x00, 0x00, 0x00, 0x00, 0x00, 0x00,
    0x00, 0x00, 0x00, 0x00, 0x3F, 0x80, 0x3F, 0xC0, 0x39, 0xE0, 0x38, 0xE0, 0x38, 0xE0, 0x39, 0xE0,
    0x3F, 0xC0, 0x3F, 0x80, 0x3F, 0x00, 0x3B, 0x80, 0x3B, 0x80, 0x39, 0xC0, 0x39, 0xC0, 0x38, 0xE0,
    0x00, 0x00, 0x00, 0x00, 0x00, 0x00, 0x00, 0x00, 0x00, 0x00, 0x00, 0x00, 0x0F, 0x80, 0x1F, 0xC0,
    0x3D, 0xE0, 0x38, 0xE0, 0x38, 0x00, 0x3C, 0x00, 0x1F, 0x80, 0x0F, 0xC0, 0x01, 0xE0, 0x00, 0xE0,
    0x38, 0xE0, 0x3D, 0xE0, 0x1F, 0xC0, 0x0F, 0x80, 0x00, 0x00, 0x00, 0x00, 0x00, 0x00, 0x00, 0x00,
    0x00, 0x00, 0x00, 0x00, 0x3F, 0xE0, 0x3F, 0xE0, 0x07, 0x00, 0x07, 0x00, 0x07, 0x00, 0x07, 0x00,
    0x07, 0x00, 0x07, 0x00, 0x07, 0x00, 0x07, 0x00, 0x07, 0x00, 0x07, 0x00, 0x07, 0x00, 0x07, 0x00,
    0x00, 0x00, 0x00, 0x00, 0x00, 0x00, 0x00, 0x00, 0x00, 0x00, 0x00, 0x00, 0x38, 0xE0, 0x38, 0xE0,
    0x38, 0xE0, 0x38, 0xE0, 0x38, 0xE0, 0x38, 0xE0, 0x38, 0xE0, 0x38, 0xE0, 0x38, 0xE0, 0x38, 0xE0,
    0x38, 0xE0, 0x3D, 0xE0, 0x1F, 0xC0, 0x0F, 0x80, 0x00, 0x00, 0x00, 0x00, 0x00, 0x00, 0x00, 0x00,
    0x00, 0x00, 0x00, 0x00, 0x38, 0xE0, 0x38, 0xE0, 0x38, 0xE0, 0x38, 0xE0, 0x38, 0xE0, 0x38, 0xE0,
    0x1D, 0xC0, 0x1D, 0xC0, 0x1D, 0xC0, 0x0D, 0x80, 0x0F, 0x80, 0x0F, 0x80, 0x07, 0x00, 0x07, 0x00,
    0x00, 0x00, 0x00, 0x00, 0x00, 0x00, 0x00, 0x00, 0x00, 0x00, 0x00, 0x00, 0x38, 0xE0, 0x38, 0xE0,
    0x38, 0xE0, 0x38, 0xE0, 0x38, 0xE0, 0x38, 0xE0, 0x38, 0xE0, 0x38, 0xE0, 0x3F, 0xE0, 0x3F, 0xE0,
    0x3F, 0xE0, 0x3F, 0xE0, 0x3D, 0xE0, 0x38, 0xE0, 0x00, 0x00, 0x00, 0x00, 0x00, 0x00, 0x00, 0x00,
    0x00, 0x00, 0x00, 0x00, 0x38, 0xE0, 0x38, 0xE0, 0x1D, 0xC0, 0x1D, 0xC0, 0x0F, 0x80, 0x0F, 0x80,
    0x07, 0x00, 0x07, 0x00, 0x0F, 0x80, 0x0F, 0x80, 0x1D, 0xC0, 0x1D, 0xC0, 0x38, 0xE0, 0x38, 0xE0,
    0x00, 0x00, 0x00, 0x00, 0x00, 0x00, 0x00, 0x00, 0x00, 0x00, 0x00, 0x00, 0x38, 0xE0, 0x38, 0xE0,
    0x38, 0xE0, 0x38, 0xE0, 0x1D, 0xC0, 0x1D, 0xC0, 0x0F, 0x80, 0x0F, 0x80, 0x07, 0x00, 0x07, 0x00,
    0x07, 0x00, 0x07, 0x00, 0x07, 0x00, 0x07, 0x00, 0x00, 0x00, 0x00, 0x00, 0x00, 0x00, 0x00, 0x00,
    0x00, 0x00, 0x00, 0x00, 0x3F, 0xE0, 0x3F, 0xE0, 0x00, 0x60, 0x00, 0xE0, 0x01, 0xC0, 0x03, 0x80,
    0x07, 0x00, 0x07, 0x00, 0x0E, 0x00, 0x1C, 0x00, 0x38, 0x00, 0x30, 0x00, 0x3F, 0xE0, 0x3F, 0xE0,
    0x00, 0x00, 0x00, 0x00, 0x00, 0x00, 0x00, 0x00, 0x00, 0x00, 0x00, 0x00, 0x0F, 0xC0, 0x0F, 0xC0,
    0x0E, 0x00, 0x0E, 0x00, 0x0E, 0x00, 0x0E, 0x00, 0x0E, 0x00, 0x0E, 0x00, 0x0E, 0x00, 0x0E, 0x00,
    0x0E, 0x00, 0x0E, 0x00, 0x0E, 0x00, 0x0E, 0x00, 0x0F, 0xC0, 0x0F, 0xC0, 0x00, 0x00, 0x00, 0x00,
    0x00, 0x00, 0x00, 0x00, 0x38, 0x00, 0x38, 0x00, 0x1C, 0x00, 0x1C, 0x00, 0x0E, 0x00, 0x0E, 0x00,
    0x07, 0x00, 0x07, 0x00, 0x03, 0x80, 0x03, 0x80, 0x01, 0xC0, 0x01, 0xC0, 0x00, 0xE0, 0x00, 0xE0,
    0x00, 0x00, 0x00, 0x00, 0x00, 0x00, 0x00, 0x00, 0x00, 0x00, 0x00, 0x00, 0x1F, 0x80, 0x1F, 0x80,
    0x03, 0x80, 0x03, 0x80, 0x03, 0x80, 0x03, 0x80, 0x03, 0x80, 0x03, 0x80, 0x03, 0x80, 0x03, 0x80,
    0x03, 0x80, 0x03, 0x80, 0x03, 0x80, 0x03, 0x80, 0x1F, 0x80, 0x1F, 0x80, 0x00, 0x00, 0x00, 0x00,
    0x00, 0x00, 0x00, 0x00, 0x07, 0x00, 0x0F, 0x80, 0x1D, 0xC0, 0x38, 0xE0, 0x00, 0x00, 0x00, 0x00,
    0x00, 0x00, 0x00, 0x00, 0x00, 0x00, 0x00, 0x00, 0x00, 0x00, 0x00, 0x00, 0x00, 0x00, 0x00, 0x00,
    0x00, 0x00, 0x00, 0x00, 0x00, 0x00, 0x00, 0x00, 0x00, 0x00, 0x00, 0x00, 0x00, 0x00, 0x00, 0x00,
    0x00, 0x00, 0x00, 0x00, 0x00, 0x00, 0x00, 0x00, 0x00, 0x00, 0x00, 0x00, 0x00, 0x00, 0x00, 0x00,
    0x00, 0x00, 0x00, 0x00, 0x00, 0x00, 0x00, 0x00, 0x00, 0x00, 0x00, 0x00, 0x7F, 0xF0, 0x7F, 0xF0,
    0x00, 0x00, 0x00, 0x00, 0x07, 0x00, 0x0F, 0x80, 0x0F, 0x80, 0x0E, 0x00, 0x07, 0x00, 0x03, 0x80,
    0x01, 0x80, 0x00, 0x00, 0x00, 0x00, 0x00, 0x00, 0x00, 0x00, 0x00, 0x00, 0x00, 0x00, 0x00, 0x00,
    0x00, 0x00, 0x00, 0x00, 0x00, 0x00, 0x00, 0x00, 0x00, 0x00, 0x00, 0x00, 0x00, 0x00, 0x00, 0x00,
    0x00, 0x00, 0x00, 0x00, 0x1F, 0x80, 0x3F, 0xC0, 0x38, 0xE0, 0x00, 0xE0, 0x1F, 0xE0, 0x3F, 0xE0,
    0x38, 0xE0, 0x38, 0xE0, 0x3F, 0xE0, 0x1F, 0xE0, 0x00, 0x00, 0x00, 0x00, 0x00, 0x00, 0x00, 0x00,
    0x00, 0x00, 0x00, 0x00, 0x38, 0x00, 0x38, 0x00, 0x38, 0x00, 0x38, 0x00, 0x3F, 0x80, 0x3F, 0xC0,
    0x3D, 0xE0, 0x38, 0xE0, 0x38, 0xE0, 0x38, 0xE0, 0x38, 0xE0, 0x3D, 0xE0, 0x3F, 0xC0, 0x3F, 0x80,
    0x00, 0x00, 0x00, 0x00, 0x00, 0x00, 0x00, 0x00, 0x00, 0x00, 0x00, 0x00, 0x00, 0x00, 0x00, 0x00,
    0x00, 0x00, 0x00, 0x00, 0x0F, 0xC0, 0x1F, 0xE0, 0x3C, 0xE0, 0x38, 0x00, 0x38, 0x00, 0x38, 0x00,
    0x38, 0x00, 0x3C, 0xE0, 0x1F, 0xE0, 0x0F, 0xC0, 0x00, 0x00, 0x00, 0x00, 0x00, 0x00, 0x00, 0x00,
    0x00, 0x00, 0x00, 0x00, 0x00, 0xE0, 0x00, 0xE0, 0x00, 0xE0, 0x00, 0xE0, 0x0F, 0xE0, 0x1F, 0xE0,
    0x3D, 0xE0, 0x38, 0xE0, 0x38, 0xE0, 0x38, 0xE0, 0x38, 0xE0, 0x3D, 0xE0, 0x1F, 0xE0, 0x0F, 0xE0,
    0x00, 0x00, 0x00, 0x00, 0x00, 0x00, 0x00, 0x00, 0x00, 0x00, 0x00, 0x00, 0x00, 0x00, 0x00, 0x00,
    0x00, 0x00, 0x00, 0x00, 0x0F, 0x80, 0x1F, 0xC0, 0x38, 0xE0, 0x38, 0xE0, 0x3F, 0xE0, 0x3F, 0xE0,
    0x38, 0x00, 0x38, 0xE0, 0x1F, 0xE0, 0x0F, 0xC0, 0x00, 0x00, 0x00, 0x00, 0x00, 0x00, 0x00, 0x00,
    0x00, 0x00, 0x00, 0x00, 0x03, 0xE0, 0x07, 0xF0, 0x0E, 0x70, 0x0E, 0x00, 0x1F, 0x80, 0x1F, 0x80,
    0x0E, 0x00, 0x0E, 0x00, 0x0E, 0x00, 0x0E, 0x00, 0x0E, 0x00, 0x0E, 0x00, 0x0E, 0x00, 0x0E, 0x00,
    0x00, 0x00, 0x00, 0x00, 0x00, 0x00, 0x00, 0x00, 0x00, 0x00, 0x00, 0x00, 0x00, 0x00, 0x00, 0x00,
    0x00, 0x00, 0x00, 0x00, 0x0F, 0xE0, 0x1F, 0xE0, 0x3C, 0xE0, 0x38, 0xE0, 0x38, 0xE0, 0x38, 0xE0,
    0x38, 0xE0, 0x3C, 0xE0, 0x1F, 0xE0, 0x0F, 0xE0, 0x00, 0xE0, 0x00, 0xE0, 0x3F, 0xC0, 0x1F, 0x80,
    0x00, 0x00, 0x00, 0x00, 0x38, 0x00, 0x38, 0x00, 0x38, 0x00, 0x38, 0x00, 0x3F, 0xC0, 0x3F, 0xE0,
    0x3C, 0xE0, 0x38, 0xE0, 0x38, 0xE0, 0x38, 0xE0, 0x38, 0xE0, 0x38, 0xE0, 0x38, 0xE0, 0x38, 0xE0,
    0x00, 0x00, 0x00, 0x00, 0x00, 0x00, 0x00, 0x00, 0x00, 0x00, 0x00, 0x00, 0x07, 0x00, 0x07, 0x00,
    0x00, 0x00, 0x00, 0x00, 0x1F, 0x00, 0x1F, 0x00, 0x07, 0x00, 0x07, 0x00, 0x07, 0x00, 0x07, 0x00,
    0x07, 0x00, 0x07, 0x00, 0x07, 0x00, 0x07, 0x00, 0x00, 0x00, 0x00, 0x00, 0x00, 0x00, 0x00, 0x00,
    0x00, 0x00, 0x00, 0x00, 0x01, 0xC0, 0x01, 0xC0, 0x00, 0x00, 0x00, 0x00, 0x07, 0xC0, 0x07, 0xC0,
    0x01, 0xC0, 0x01, 0xC0, 0x01, 0xC0, 0x01, 0xC0, 0x01, 0xC0, 0x01, 0xC0, 0x01, 0xC0, 0x01, 0xC0,
    0x01, 0xC0, 0x39, 0xC0, 0x1F, 0x80, 0x0F, 0x00, 0x00, 0x00, 0x00, 0x00, 0x38, 0x00, 0x38, 0x00,
    0x38, 0x00, 0x38, 0x00, 0x39, 0xE0, 0x3B, 0xC0, 0x3F, 0x00, 0x3E, 0x00, 0x3E, 0x00, 0x3F, 0x00,
    0x3B, 0x80, 0x39, 0xC0, 0x38, 0xE0, 0x38, 0x70, 0x00, 0x00, 0x00, 0x00, 0x00, 0x00, 0x00, 0x00,
    0x00, 0x00, 0x00, 0x00, 0x1F, 0x00, 0x1F, 0x00, 0x07, 0x00, 0x07, 0x00, 0x07, 0x00, 0x07, 0x00,
    0x07, 0x00, 0x07, 0x00, 0x07, 0x00, 0x07, 0x00, 0x07, 0x00, 0x07, 0x00, 0x07, 0x00, 0x07, 0x00,
    0x00, 0x00, 0x00, 0x00, 0x00, 0x00, 0x00, 0x00, 0x00, 0x00, 0x00, 0x00, 0x00, 0x00, 0x00, 0x00,
    0x00, 0x00, 0x00, 0x00, 0x7F, 0xE0, 0x7F, 0xF0, 0x77, 0x70, 0x77, 0x70, 0x77, 0x70, 0x77, 0x70,
    0x77, 0x70, 0x77, 0x70, 0x77, 0x70, 0x77, 0x70, 0x00, 0x00, 0x00, 0x00, 0x00, 0x00, 0x00, 0x00,
    0x00, 0x00, 0x00, 0x00, 0x00, 0x00, 0x00, 0x00, 0x00, 0x00, 0x00, 0x00, 0x3F, 0xC0, 0x3F, 0xE0,
    0x3C, 0xE0, 0x38, 0xE0, 0x38, 0xE0, 0x38, 0xE0, 0x38, 0xE0, 0x38, 0xE0, 0x38, 0xE0, 0x38, 0xE0,
    0x00, 0x00, 0x00, 0x00, 0x00, 0x00, 0x00, 0x00, 0x00, 0x00, 0x00, 0x00, 0x00, 0x00, 0x00, 0x00,
    0x00, 0x00, 0x00, 0x00, 0x0F, 0x80, 0x1F, 0xC0, 0x3D, 0xE0, 0x38, 0xE0, 0x38, 0xE0, 0x38, 0xE0,
    0x38, 0xE0, 0x3D, 0xE0, 0x1F, 0xC0, 0x0F, 0x80, 0x00, 0x00, 0x00, 0x00, 0x00, 0x00, 0x00, 0x00,
    0x00, 0x00, 0x00, 0x00, 0x00, 0x00, 0x00, 0x00, 0x00, 0x00, 0x00, 0x00, 0x3F, 0x80, 0x3F, 0xC0,
    0x3D, 0xE0, 0x38, 0xE0, 0x38, 0xE0, 0x38, 0xE0, 0x38, 0xE0, 0x3D, 0xE0, 0x3F, 0xC0, 0x3F, 0x80,
    0x38, 0x00, 0x38, 0x00, 0x38, 0x00, 0x38, 0x00, 0x00, 0x00, 0x00, 0x00, 0x00, 0x00, 0x00, 0x00,
    0x00, 0x00, 0x00, 0x00, 0x0F, 0xE0, 0x1F, 0xE0, 0x3D, 0xE0, 0x38, 0xE0, 0x38, 0xE0, 0x38, 0xE0,
    0x38, 0xE0, 0x3D, 0xE0, 0x1F, 0xE0, 0x0F, 0xE0, 0x00, 0xE0, 0x00, 0xE0, 0x00, 0xE0, 0x00, 0xE0,
    0x00, 0x00, 0x00, 0x00, 0x00, 0x00, 0x00, 0x00, 0x00, 0x00, 0x00, 0x00, 0x3F, 0xC0, 0x3F, 0xE0,
    0x3C, 0xE0, 0x38, 0x00, 0x38, 0x00, 0x38, 0x00, 0x38, 0x00, 0x38, 0x00, 0x38, 0x00, 0x38, 0x00,
    0x00, 0x00, 0x00, 0x00, 0x00, 0x00, 0x00, 0x00, 0x00, 0x00, 0x00, 0x00, 0x00, 0x00, 0x00, 0x00,
    0x00, 0x00, 0x00, 0x00, 0x1F, 0xC0, 0x3F, 0xE0, 0x38, 0xE0, 0x38, 0x00, 0x3F, 0x80, 0x0F, 0xE0,
    0x00, 0xE0, 0x38, 0xE0, 0x3F, 0xE0, 0x1F, 0xC0, 0x00, 0x00, 0x00, 0x00, 0x00, 0x00, 0x00, 0x00,
    0x00, 0x00, 0x00, 0x00, 0x00, 0x00, 0x0E, 0x00, 0x0E, 0x00, 0x0E, 0x00, 0x3F, 0x80, 0x3F, 0x80,
    0x0E, 0x00, 0x0E, 0x00, 0x0E, 0x00, 0x0E, 0x00, 0x0E, 0x00, 0x0E, 0xE0, 0x0F, 0xE0, 0x07, 0xC0,
    0x00, 0x00, 0x00, 0x00, 0x00, 0x00, 0x00, 0x00, 0x00, 0x00, 0x00, 0x00, 0x00, 0x00, 0x00, 0x00,
    0x00, 0x00, 0x00, 0x00, 0x38, 0xE0, 0x38, 0xE0, 0x38, 0xE0, 0x38, 0xE0, 0x38, 0xE0, 0x38, 0xE0,
    0x38, 0xE0, 0x39, 0xE0, 0x3F, 0xE0, 0x1F, 0xE0, 0x00, 0x00, 0x00, 0x00, 0x00, 0x00, 0x00, 0x00,
    0x00, 0x00, 0x00, 0x00, 0x00, 0x00, 0x00, 0x00, 0x00, 0x00, 0x00, 0x00, 0x38, 0xE0, 0x38, 0xE0,
    0x38, 0xE0, 0x38, 0xE0, 0x1D, 0xC0, 0x1D, 0xC0, 0x1D, 0xC0, 0x0F, 0x80, 0x07, 0x00, 0x07, 0x00,
    0x00, 0x00, 0x00, 0x00, 0x00, 0x00, 0x00, 0x00, 0x00, 0x00, 0x00, 0x00, 0x00, 0x00, 0x00, 0x00,
    0x00, 0x00, 0x00, 0x00, 0x70, 0x70, 0x70, 0x70, 0x70, 0x70, 0x70, 0x70, 0x38, 0xE0, 0x3F, 0xE0,
    0x3F, 0xE0, 0x3F, 0xE0, 0x1D, 0xC0, 0x1D, 0xC0, 0x00, 0x00, 0x00, 0x00, 0x00, 0x00, 0x00, 0x00,
    0x00, 0x00, 0x00, 0x00, 0x00, 0x00, 0x00, 0x00, 0x00, 0x00, 0x00, 0x00, 0x38, 0xE0, 0x38, 0xE0,
    0x1D, 0xC0, 0x0F, 0x80, 0x07, 0x00, 0x0F, 0x80, 0x1D, 0xC0, 0x38, 0xE0, 0x38, 0xE0, 0x38, 0xE0,
    0x00, 0x00, 0x00, 0x00, 0x00, 0x00, 0x00, 0x00, 0x00, 0x00, 0x00, 0x00, 0x00, 0x00, 0x00, 0x00,
    0x00, 0x00, 0x00, 0x00, 0x38, 0x70, 0x38, 0x70, 0x38, 0x70, 0x1C, 0xE0, 0x1C, 0xE0, 0x1C, 0xE0,
    0x0F, 0xC0, 0x0F, 0xC0, 0x07, 0xC0, 0x03, 0x80, 0x03, 0x80, 0x07, 0x00, 0x3F, 0x00, 0x1E, 0x00,
    0x00, 0x00, 0x00, 0x00, 0x00, 0x00, 0x00, 0x00, 0x00, 0x00, 0x00, 0x00, 0x3F, 0xE0, 0x3F, 0xE0,
    0x01, 0xC0, 0x03, 0x80, 0x07, 0x00, 0x0E, 0x00, 0x1C, 0x00, 0x38, 0x00, 0x3F, 0xE0, 0x3F, 0xE0,
    0x00, 0x00, 0x00, 0x00, 0x00, 0x00, 0x00, 0x00, 0x00, 0x00, 0x00, 0x00, 0x03, 0xC0, 0x07, 0x00,
    0x0E, 0x00, 0x0E, 0x00, 0x07, 0x00, 0x07, 0x00, 0x07, 0x00, 0x1E, 0x00, 0x1E, 0x00, 0x07, 0x00,
    0x07, 0x00, 0x07, 0x00, 0x0E, 0x00, 0x0E, 0x00, 0x07, 0x00, 0x03, 0xC0, 0x00, 0x00, 0x00, 0x00,
    0x07, 0x00, 0x07, 0x00, 0x07, 0x00, 0x07, 0x00, 0x07, 0x00, 0x07, 0x00, 0x07, 0x00, 0x07, 0x00,
    0x07, 0x00, 0x07, 0x00, 0x07, 0x00, 0x07, 0x00, 0x07, 0x00, 0x07, 0x00, 0x07, 0x00, 0x07, 0x00,
    0x07, 0x00, 0x07, 0x00, 0x07, 0x00, 0x07, 0x00, 0x00, 0x00, 0x00, 0x00, 0x1E, 0x00, 0x07, 0x00,
    0x03, 0x80, 0x03, 0x80, 0x07, 0x00, 0x07, 0x00, 0x07, 0x00, 0x03, 0xC0, 0x03, 0xC0, 0x07, 0x00,
    0x07, 0x00, 0x07, 0x00, 0x03, 0x80, 0x03, 0x80, 0x07, 0x00, 0x1E, 0x00, 0x00, 0x00, 0x00, 0x00,
    0x00, 0x00, 0x00, 0x00, 0x1E, 0x70, 0x3F, 0xF0, 0x7F, 0xE0, 0x73, 0xC0, 0x00, 0x00, 0x00, 0x00,
    0x00, 0x00, 0x00, 0x00, 0x00, 0x00, 0x00, 0x00, 0x00, 0x00, 0x00, 0x00, 0x00, 0x00, 0x00, 0x00,
    0x00, 0x00, 0x00, 0x00, 0x00, 0x00, 0x00, 0x00, 0x00, 0x00, 0x03, 0x80, 0x07, 0xC0, 0x0F, 0xC0,
    0x0E, 0x00, 0x0E, 0x00, 0x0E, 0x00, 0x0E, 0x00, 0x0E, 0x00, 0x0E, 0x00, 0x0E, 0x00, 0x0E, 0x00,
    0x0E, 0x00, 0x7E, 0x00, 0x7C, 0x00, 0x38, 0x00, 0x00, 0x00, 0x00, 0x00, 0x00, 0x00, 0x00, 0x00,
};

const display_font_t font_bigfntb = {
    .glyphs = bigfntb_glyphs,
    .bitmap = bigfntb_bitmap,
    .family = &font_family_bigfnt,
    .first_character = 0,
    .glyph_count = 128,
    .height = 20,
    .baseline = 16,
    .fallback_character = 63,
    .style = 1,
};

static const display_font_glyph_t bigfnti_glyphs[] = {
    { 0, 7, 13, 3, 1 }, /* 0x00 */
    { 20, 10, 13, 2, 1 }, /* 0x01 */
    { 60, 12, 13, 1, 1 }, /* 0x02 */
    { 100, 13, 13, 0, 1 }, /* 0x03 */
    { 140, 8, 13, 3, 1 }, /* 0x04 */
    { 160, 9, 13, 3, 1 }, /* 0x05 */
    { 200, 10, 13, 2, 1 }, /* 0x06 */
    { 240, 11, 13, 3, 1 }, /* 0x07 */
    { 280, 8, 13, 2, 1 }, /* 0x08 */
    { 300, 11, 13, 2, 1 }, /* 0x09 */
    { 340, 11, 13, 2, 1 }, /* 0x0A */
    { 380, 10, 13, 3, 1 }, /* 0x0B */
    { 420, 10, 13, 2, 1 }, /* 0x0C */
    { 460, 11, 13, 2, 1 }, /* 0x0D */
    { 500, 11, 13, 2, 1 }, /* 0x0E */
    { 540, 11, 13, 2, 1 }, /* 0x0F */
    { 580, 9, 13, 3, 1 }, /* 0x10 */
    { 620, 10, 13, 2, 1 }, /* 0x11 */
    { 660, 11, 13, 2, 1 }, /* 0x12 */
    { 700, 10, 13, 3, 1 }, /* 0x13 */
    { 740, 11, 13, 2, 1 }, /* 0x14 */
    { 780, 11, 13, 2, 1 }, /* 0x15 */
    { 820, 12, 13, 1, 1 }, /* 0x16 */
    { 860, 12, 13, 1, 1 }, /* 0x17 */
    { 900, 11, 13, 2, 1 }, /* 0x18 */
    { 940, 11, 13, 2, 1 }, /* 0x19 */
    { 980, 11, 13, 2, 1 }, /* 0x1A */
    { 1020, 8, 13, 4, 1 }, /* 0x1B */
    { 1040, 10, 13, 2, 1 }, /* 0x1C */
    { 1080, 10, 13, 2, 1 }, /* 0x1D */
    { 1120, 13, 13, 1, 1 }, /* 0x1E */
    { 1160, 8, 13, 4, 1 }, /* 0x1F */
    { 1180, 0, 13, -1, 1 }, /* 0x20 */
    { 1180, 5, 13, 5, 1 }, /* 0x21 */
    { 1200, 7, 13, 5, 1 }, /* 0x22 */
    { 1220, 12, 13, 2, 1 }, /* 0x23 */
    { 1260, 9, 13, 3, 1 }, /* 0x24 */
    { 1300, 11, 13, 2, 1 }, /* 0x25 */
    { 1340, 11, 13, 1, 1 }, /* 0x26 */
    { 1380, 5, 13, 6, 1 }, /* 0x27 */
    { 1400, 8, 13, 4, 1 }, /* 0x28 */
    { 1420, 8, 13, 2, 1 }, /* 0x29 */
    { 1440, 9, 13, 3, 1 }, /* 0x2A */
    { 1480, 9, 13, 3, 1 }, /* 0x2B */
    { 1520, 5, 13, 3, 1 }, /* 0x2C */
    { 1540, 9, 13, 3, 1 }, /* 0x2D */
    { 1580, 4, 13, 4, 1 }, /* 0x2E */
    { 1600, 11, 13, 2, 1 }, /* 0x2F */
    { 1640, 10, 13, 2, 1 }, /* 0x30 */
    { 1680, 6, 13, 4, 1 }, /* 0x31 */
    { 1700, 10, 13, 2, 1 }, /* 0x32 */
    { 1740, 10, 13, 2, 1 }, /* 0x33 */
    { 1780, 9, 13, 3, 1 }, /* 0x34 */
    { 1820, 11, 13, 2, 1 }, /* 0x35 */
    { 1860, 10, 13, 2, 1 }, /* 0x36 */
    { 1900, 10, 13, 3, 1 }, /* 0x37 */
    { 1940, 10, 13, 2, 1 }, /* 0x38 */
    { 1980, 10, 13, 2, 1 }, /* 0x39 */
    { 2020, 6, 13, 4, 1 }, /* 0x3A */
    { 2040, 7, 13, 3, 1 }, /* 0x3B */
    { 2060, 9, 13, 3, 1 }, /* 0x3C */
    { 2100, 9, 13, 3, 1 }, /* 0x3D */
    { 2140, 9, 13, 3, 1 }, /* 0x3E */
    { 2180, 9, 13, 4, 1 }, /* 0x3F */
    { 2220, 10, 13, 2, 1 }, /* 0x40 */
    { 2260, 11, 13, 2, 1 }, /* 0x41 */
    { 2300, 11, 13, 2, 1 }, /* 0x42 */
    { 2340, 11, 13, 2, 1 }, /* 0x43 */
    { 2380, 11, 13, 2, 1 }, /* 0x44 */
    { 2420, 11, 13, 2, 1 }, /* 0x45 */
    { 2460, 11, 13, 2, 1 }, /* 0x46 */
    { 2500, 11, 13, 2, 1 }, /* 0x47 */
    { 2540, 11, 13, 2, 1 }, /* 0x48 */
    { 2580, 9, 13, 3, 1 }, /* 0x49 */
    { 2620, 11, 13, 2, 1 }, /* 0x4A */
    { 2660, 11, 13, 2, 1 }, /* 0x4B */
    { 2700, 8, 13, 2, 1 }, /* 0x4C */
    { 2720, 11, 13, 2, 1 }, /* 0x4D */
    { 2760, 11, 13, 2, 1 }, /* 0x4E */
    { 2800, 11, 13, 2, 1 }, /* 0x4F */
    { 2840, 11, 13, 2, 1 }, /* 0x50 */
    { 2880, 11, 13, 2, 1 }, /* 0x51 */
    { 2920, 11, 13, 2, 1 }, /* 0x52 */
    { 2960, 11, 13, 2, 1 }, /* 0x53 */
    { 3000, 8, 13, 5, 1 }, /* 0x54 */
    { 3020, 11, 13, 2, 1 }, /* 0x55 */
    { 3060, 9, 13, 4, 1 }, /* 0x56 */
    { 3100, 11, 13, 2, 1 }, /* 0x57 */
    { 3140, 11, 13, 2, 1 }, /* 0x58 */
    { 3180, 9, 13, 4, 1 }, /* 0x59 */
    { 3220, 11, 13, 2, 1 }, /* 0x5A */
    { 3260, 9, 13, 3, 1 }, /* 0x5B */
    { 3300, 5, 13, 5, 1 }, /* 0x5C */
    { 3320, 9, 13, 2, 1 }, /* 0x5D */
    { 3360, 8, 13, 4, 1 }, /* 0x5E */
    { 3380, 10, 13, 0, 1 }, /* 0x5F */
    { 3420, 5, 13, 6, 1 }, /* 0x60 */
    { 3440, 10, 13, 2, 1 }, /* 0x61 */
    { 3480, 10, 13, 2, 1 }, /* 0x62 */
    { 3520, 10, 13, 2, 1 }, /* 0x63 */
    { 3560, 11, 13, 2, 1 }, /* 0x64 */
    { 3600, 10, 13, 2, 1 }, /* 0x65 */
    { 3640, 10, 13, 4, 1 }, /* 0x66 */
    { 3680, 11, 13, 1, 1 }, /* 0x67 */
    { 3720, 10, 13, 2, 1 }, /* 0x68 */
    { 3760, 5, 13, 5, 1 }, /* 0x69 */
    { 3780, 11, 13, 1, 1 }, /* 0x6A */
    { 3820, 10, 13, 2, 1 }, /* 0x6B */
    { 3860, 5, 13, 5, 1 }, /* 0x6C */
    { 3880, 12, 13, 1, 1 }, /* 0x6D */
    { 3920, 10, 13, 2, 1 }, /* 0x6E */
    { 3960, 10, 13, 2, 1 }, /* 0x6F */
    { 4000, 11, 13, 1, 1 }, /* 0x70 */
    { 4040, 10, 13, 2, 1 }, /* 0x71 */
    { 4080, 10, 13, 2, 1 }, /* 0x72 */
    { 4120, 10, 13, 2, 1 }, /* 0x73 */
    { 4160, 6, 13, 4, 1 }, /* 0x74 */
    { 4180, 10, 13, 2, 1 }, /* 0x75 */
    { 4220, 9, 13, 3, 1 }, /* 0x76 */
    { 4260, 11, 13, 2, 1 }, /* 0x77 */
    { 4300, 10, 13, 2, 1 }, /* 0x78 */
    { 4340, 12, 13, 1, 1 }, /* 0x79 */
    { 4380, 10, 13, 2, 1 }, /* 0x7A */
    { 4420, 8, 13, 4, 1 }, /* 0x7B */
    { 4440, 7, 13, 4, 1 }, /* 0x7C */
    { 4460, 9, 13, 2, 1 }, /* 0x7D */
    { 4500, 11, 13, 3, 1 }, /* 0x7E */
    { 4540, 11, 13, 1, 1 }, /* 0x7F */
};

static const uint8_t bigfnti_bitmap[] = {
    0x00, 0x00, 0x00, 0x00, 0x00, 0x00, 0x00, 0x1C, 0x3E, 0xFE, 0xFE, 0xFE, 0x7C, 0x70, 0x00, 0x00,
    0x00, 0x00, 0x00, 0x00, 0x00, 0x00, 0x00, 0x00, 0x03, 0x00, 0x03, 0x00, 0x03, 0x00, 0x06, 0x00,
    0x06, 0x00, 0x06, 0x00, 0x06, 0x00, 0x0C, 0x00, 0x8C, 0x40, 0xCC, 0xC0, 0x6D, 0x80, 0x7E, 0x00,
    0x3C, 0x00, 0x18, 0x00, 0x00, 0x00, 0x00, 0x00, 0x00, 0x00, 0x00, 0x00, 0x00, 0x00, 0x00, 0x00,
    0x00, 0x00, 0x00, 0x00, 0x00, 0x00, 0x00, 0x00, 0x00, 0x00, 0x00, 0x00, 0x00, 0x30, 0x3C, 0xC0,
    0x6D, 0xC0, 0x67, 0x80, 0x63, 0x00, 0xCF, 0x00, 0xD9, 0x80, 0x70, 0xC0, 0x00, 0x00, 0x00, 0x00,
    0x00, 0x00, 0x00, 0x00, 0x00, 0x00, 0x01, 0xF0, 0x03, 0xF8, 0x06, 0x18, 0x06, 0x18, 0x0C, 0x30,
    0x18, 0x30, 0x1F, 0xE0, 0x1F, 0xE0, 0x30, 0x60, 0x30, 0x60, 0x30, 0x60, 0x30, 0x60, 0x60, 0xC0,
    0x7F, 0x80, 0x7F, 0x80, 0x60, 0x00, 0xC0, 0x00, 0xC0, 0x00, 0xC0, 0x00, 0x00, 0x00, 0x00, 0x00,
    0x00, 0x00, 0x00, 0x00, 0x0C, 0x3C, 0x66, 0xC3, 0x00, 0x00, 0x00, 0x00, 0x00, 0x00, 0x00, 0x00,
    0x00, 0x00, 0x00, 0x00, 0x00, 0x00, 0x00, 0x00, 0x00, 0x00, 0x00, 0x00, 0x00, 0x00, 0x00, 0x00,
    0x7F, 0x80, 0xFF, 0x00, 0x03, 0x00, 0x03, 0x00, 0x03, 0x00, 0x00, 0x00, 0x00, 0x00, 0x00, 0x00,
    0x00, 0x00, 0x00, 0x00, 0x00, 0x00, 0x00, 0x00, 0x00, 0x00, 0x00, 0x00, 0x00, 0x00, 0x00, 0x00,
    0x07, 0xC0, 0x1F, 0xC0, 0x38, 0xC0, 0x30, 0x00, 0x30, 0x00, 0x7F, 0x00, 0x7F, 0x00, 0x60, 0x00,
    0x60, 0x00, 0xE3, 0x00, 0x7F, 0x00, 0x3E, 0x00, 0x00, 0x00, 0x00, 0x00, 0x00, 0x00, 0x00, 0x00,
    0x00, 0x00, 0x00, 0x00, 0x00, 0x00, 0x00, 0x00, 0x7F, 0xE0, 0xFF, 0xC0, 0x31, 0x80, 0x31, 0x80,
    0x31, 0x80, 0x63, 0x00, 0x63, 0x00, 0x63, 0x00, 0x63, 0x00, 0xC6, 0x00, 0xC6, 0x00, 0xC6, 0x00,
    0x00, 0x00, 0x00, 0x00, 0x00, 0x00, 0x00, 0x00, 0x00, 0x00, 0x18, 0x18, 0x0C, 0x18, 0x0C, 0x0C,
    0x06, 0x0C, 0x1E, 0x1E, 0x33, 0x66, 0xC3, 0xC3, 0x00, 0x00, 0x00, 0x00, 0x00, 0x00, 0x00, 0x00,
    0x00, 0x00, 0x10, 0x20, 0x18, 0x60, 0x19, 0x80, 0x0F, 0x00, 0x06, 0x00, 0x0F, 0x00, 0x33, 0x00,
    0x61, 0x80, 0x61, 0x80, 0x61, 0x80, 0xC3, 0x00, 0xC3, 0x00, 0x7E, 0x00, 0x3C, 0x00, 0x00, 0x00,
    0x00, 0x00, 0x00, 0x00, 0x00, 0x00, 0x00, 0x00, 0x03, 0xC0, 0x07, 0xE0, 0x0C, 0x60, 0x18, 0x00,
    0x0C, 0x00, 0x06, 0x00, 0x03, 0x00, 0x0F, 0x00, 0x19, 0x80, 0x31, 0x80, 0x60, 0xC0, 0xC1, 0x80,
    0xC1, 0x80, 0x7F, 0x00, 0x3E, 0x00, 0x00, 0x00, 0x00, 0x00, 0x00, 0x00, 0x00, 0x00, 0x00, 0x00,
    0x06, 0x00, 0x0F, 0x00, 0x1F, 0x80, 0x6D, 0x80, 0xCC, 0xC0, 0x8C, 0x40, 0x0C, 0x00, 0x18, 0x00,
    0x18, 0x00, 0x18, 0x00, 0x18, 0x00, 0x30, 0x00, 0x30, 0x00, 0x30, 0x00, 0x00, 0x00, 0x00, 0x00,
    0x00, 0x00, 0x00, 0x00, 0x00, 0x00, 0x00, 0x00, 0x00, 0x00, 0x00, 0x00, 0x00, 0x00, 0x06, 0x00,
    0x06, 0x00, 0x06, 0x00, 0x3F, 0xC0, 0x7F, 0x80, 0x0C, 0x00, 0x0C, 0x00, 0x0C, 0x00, 0x00, 0x00,
    0xFF, 0x00, 0xFF, 0x00, 0x00, 0x00, 0x00, 0x00, 0x00, 0x00, 0x00, 0x00, 0x00, 0x00, 0x00, 0x00,
    0x00, 0x00, 0x00, 0x00, 0x00, 0x00, 0x0F, 0x00, 0x1F, 0x80, 0x36, 0xC0, 0x66, 0x60, 0xFF, 0xC0,
    0xFF, 0xC0, 0xCC, 0xC0, 0x6D, 0x80, 0x7E, 0x00, 0x3C, 0x00, 0x00, 0x00, 0x00, 0x00, 0x00, 0x00,
    0x00, 0x00, 0x00, 0x00, 0x00, 0x00, 0x00, 0x00, 0x00, 0x00, 0x00, 0x00, 0x00, 0x00, 0x00, 0x00,
    0x3D, 0xC0, 0x3D, 0xC0, 0x66, 0x60, 0xCC, 0xC0, 0xCC, 0xC0, 0xCC, 0xC0, 0xCC, 0xC0, 0xF7, 0x00,
    0xF7, 0x00, 0x00, 0x00, 0x00, 0x00, 0x00, 0x00, 0x00, 0x00, 0x00, 0x00, 0x00, 0x00, 0x07, 0x80,
    0x07, 0xC0, 0x00, 0xE0, 0x00, 0x60, 0x00, 0xC0, 0x0E, 0xC0, 0x1F, 0xC0, 0x39, 0xC0, 0x61, 0x80,
    0x61, 0x80, 0x61, 0x80, 0x61, 0x80, 0xE7, 0x00, 0x7E, 0x00, 0x38, 0x00, 0x00, 0x00, 0x00, 0x00,
    0x00, 0x00, 0x00, 0x00, 0x00, 0x00, 0x00, 0x00, 0x00, 0x00, 0x00, 0x00, 0x00, 0x00, 0x00, 0x00,
    0x1F, 0x80, 0x3F, 0x80, 0x60, 0x00, 0xC0, 0x00, 0xC0, 0x00, 0xC0, 0x00, 0x7F, 0x00, 0x7E, 0x00,
    0x00, 0x00, 0x00, 0x00, 0x00, 0x00, 0x00, 0x00, 0x00, 0x00, 0x00, 0x00, 0x00, 0x00, 0x00, 0x00,
    0x00, 0x00, 0x00, 0x00, 0x00, 0x00, 0x00, 0x00, 0x3F, 0x00, 0x3F, 0x80, 0x00, 0xC0, 0x01, 0x80,
    0x01, 0x80, 0x01, 0x80, 0x7F, 0x00, 0xFC, 0x00, 0x00, 0x00, 0x00, 0x00, 0x00, 0x00, 0x00, 0x00,
    0x00, 0x00, 0x00, 0x00, 0x00, 0x00, 0x00, 0x00, 0x07, 0x80, 0x0F, 0xC0, 0x18, 0x60, 0x30, 0xC0,
    0x30, 0xC0, 0x30, 0xC0, 0x30, 0xC0, 0x61, 0x80, 0x61, 0x80, 0x61, 0x80, 0x61, 0x80, 0xC3, 0x00,
    0xC3, 0x00, 0x00, 0x00, 0x00, 0x00, 0x00, 0x00, 0x00, 0x00, 0x00, 0x00, 0x00, 0x00, 0x00, 0x00,
    0x00, 0x00, 0x30, 0xC0, 0x30, 0xC0, 0x61, 0x80, 0x61, 0x80, 0x61, 0x80, 0x61, 0x80, 0xC3, 0x00,
    0xC3, 0x00, 0xC3, 0x00, 0xC3, 0x00, 0xFC, 0x00, 0x78, 0x00, 0x00, 0x00, 0x00, 0x00, 0x00, 0x00,
    0x00, 0x00, 0x00, 0x00, 0x00, 0x00, 0x00, 0x00, 0x18, 0x60, 0x18, 0x60, 0x18, 0x60, 0x30, 0xC0,
    0x30, 0xC0, 0x3F, 0xC0, 0x3F, 0xC0, 0x61, 0x80, 0x61, 0x80, 0x61, 0x80, 0x61, 0x80, 0xE7, 0x00,
    0x7E, 0x00, 0x3C, 0x00, 0x00, 0x00, 0x00, 0x00, 0x00, 0x00, 0x00, 0x00, 0x00, 0x00, 0x00, 0x00,
    0x1F, 0xE0, 0x1F, 0xE0, 0x00, 0x60, 0x00, 0xC0, 0x00, 0xC0, 0x00, 0xC0, 0x0F, 0xC0, 0x1F, 0x80,
    0x01, 0x80, 0x01, 0x80, 0x01, 0x80, 0x03, 0x00, 0xFF, 0x00, 0xFF, 0x00, 0x00, 0x00, 0x00, 0x00,
    0x00, 0x00, 0x00, 0x00, 0x00, 0x00, 0x00, 0x00, 0x00, 0x00, 0x03, 0x80, 0x0F, 0xE0, 0x30, 0x60,
    0x38, 0xE0, 0x6D, 0xB0, 0x67, 0x30, 0xCE, 0x60, 0xDB, 0x60, 0x71, 0xC0, 0x3F, 0x80, 0x1C, 0x00,
    0x00, 0x00, 0x00, 0x00, 0x00, 0x00, 0x00, 0x00, 0x00, 0x00, 0x00, 0x00, 0x00, 0x00, 0x00, 0x00,
    0x00, 0x00, 0x03, 0x00, 0x06, 0x00, 0x18, 0x00, 0x3F, 0xF0, 0x3F, 0xF0, 0x18, 0x00, 0x18, 0x00,
    0x0C, 0x00, 0x03, 0x00, 0x01, 0x80, 0x01, 0x80, 0xFF, 0xC0, 0xFF, 0xC0, 0x01, 0x80, 0x06, 0x00,
    0x0C, 0x00, 0x00, 0x00, 0x00, 0x00, 0x00, 0x00, 0x00, 0x00, 0x00, 0x00, 0x00, 0x00, 0x08, 0x00,
    0x18, 0x00, 0x30, 0x00, 0x7F, 0xE0, 0xFF, 0xC0, 0x60, 0x00, 0x30, 0x00, 0x10, 0x00, 0x00, 0x00,
    0x00, 0x00, 0x00, 0x00, 0x00, 0x00, 0x00, 0x00, 0x00, 0x00, 0x00, 0x00, 0x00, 0x00, 0x00, 0x00,
    0x00, 0x00, 0x00, 0x00, 0x00, 0x00, 0x03, 0x00, 0x01, 0x80, 0x00, 0xC0, 0x7F, 0xE0, 0xFF, 0xC0,
    0x01, 0x80, 0x03, 0x00, 0x06, 0x00, 0x00, 0x00, 0x00, 0x00, 0x00, 0x00, 0x00, 0x00, 0x00, 0x00,
    0x00, 0x00, 0x00, 0x00, 0x00, 0x00, 0x00, 0x00, 0x00, 0x60, 0x00, 0x60, 0x00, 0xC0, 0x01, 0x80,
    0x3F, 0xC0, 0x3F, 0xC0, 0x06, 0x00, 0x0C, 0x00, 0x7F, 0x80, 0x7F, 0x80, 0x30, 0x00, 0x60, 0x00,
    0xC0, 0x00, 0xC0, 0x00, 0x00, 0x00, 0x00, 0x00, 0x00, 0x00, 0x00, 0x00, 0x00, 0x0C, 0x0C, 0x0C,
    0x1E, 0x3C, 0x66, 0xC3, 0xC3, 0xCC, 0x78, 0x78, 0x30, 0x60, 0x60, 0x00, 0x00, 0x00, 0x00, 0x00,
    0x00, 0x00, 0x00, 0x00, 0x00, 0x00, 0x00, 0x00, 0x00, 0x00, 0x00, 0xC0, 0x03, 0x80, 0x0E, 0x00,
    0x38, 0x00, 0x70, 0x00, 0x1C, 0x00, 0x07, 0x00, 0x01, 0x80, 0x00, 0x00, 0xFF, 0x00, 0xFF, 0x00,
    0x00, 0x00, 0x00, 0x00, 0x00, 0x00, 0x00, 0x00, 0x00, 0x00, 0x00, 0x00, 0x00, 0x00, 0x00, 0x00,
    0x00, 0x00, 0x30, 0x00, 0x1C, 0x00, 0x07, 0x00, 0x01, 0xC0, 0x03, 0x80, 0x0E, 0x00, 0x38, 0x00,
    0x60, 0x00, 0x00, 0x00, 0xFF, 0x00, 0xFF, 0x00, 0x00, 0x00, 0x00, 0x00, 0x00, 0x00, 0x00, 0x00,
    0x00, 0x00, 0x00, 0x00, 0x00, 0x00, 0x00, 0x00, 0x00, 0x00, 0x7F, 0xF8, 0x7F, 0xF8, 0x00, 0x00,
    0x7F, 0xF8, 0xFF, 0xF0, 0x00, 0x00, 0xFF, 0xF0, 0xFF, 0xF0, 0x00, 0x00, 0x00, 0x00, 0x00, 0x00,
    0x00, 0x00, 0x00, 0x00, 0x00, 0x00, 0x00, 0x00, 0x00, 0x00, 0x00, 0x00, 0x00, 0x00, 0x00, 0x00,
    0xC3, 0xCC, 0x78, 0x30, 0x00, 0x00, 0x00, 0x00, 0x00, 0x00, 0x00, 0x00, 0x00, 0x00, 0x18, 0x18,
    0x18, 0x30, 0x30, 0x30, 0x30, 0x60, 0x60, 0x60, 0x00, 0x00, 0xC0, 0xC0, 0x00, 0x00, 0x00, 0x00,
    0x00, 0x66, 0x66, 0x66, 0x66, 0xCC, 0x00, 0x00, 0x00, 0x00, 0x00, 0x00, 0x00, 0x00, 0x00, 0x00,
    0x00, 0x00, 0x00, 0x00, 0x00, 0x00, 0x00, 0x00, 0x03, 0x30, 0x03, 0x30, 0x06, 0x60, 0x1F, 0xE0,
    0x1F, 0xE0, 0x0C, 0xC0, 0x0C, 0xC0, 0x33, 0x00, 0x33, 0x00, 0x7F, 0x80, 0x7F, 0x80, 0x66, 0x00,
    0xCC, 0x00, 0xCC, 0x00, 0x00, 0x00, 0x00, 0x00, 0x00, 0x00, 0x00, 0x00, 0x00, 0x00, 0x00, 0x00,
    0x06, 0x00, 0x06, 0x00, 0x1F, 0x80, 0x7F, 0x80, 0x6D, 0x80, 0x6C, 0x00, 0x3C, 0x00, 0x1E, 0x00,
    0x1B, 0x00, 0xDB, 0x00, 0xFF, 0x00, 0xFC, 0x00, 0x30, 0x00, 0x30, 0x00, 0x00, 0x00, 0x00, 0x00,
    0x00, 0x00, 0x00, 0x00, 0x00, 0x00, 0x00, 0x00, 0x00, 0xE0, 0x1F, 0x60, 0x34, 0x60, 0x49, 0x80,
    0x59, 0x80, 0x33, 0x00, 0x03, 0x00, 0x0C, 0x00, 0x0C, 0x00, 0x19, 0x80, 0x1B, 0x40, 0x64, 0x80,
    0x65, 0x80, 0xC3, 0x00, 0x00, 0x00, 0x00, 0x00, 0x00, 0x00, 0x00, 0x00, 0x00, 0x00, 0x00, 0x00,
    0x03, 0x80, 0x07, 0xC0, 0x0C, 0x60, 0x18, 0x00, 0x18, 0x00, 0x0C, 0x00, 0x0E, 0x00, 0x34, 0x00,
    0x66, 0xC0, 0x63, 0x80, 0x63, 0x00, 0xC7, 0x00, 0xFD, 0x00, 0x79, 0x80, 0x00, 0x00, 0x00, 0x00,
    0x00, 0x00, 0x00, 0x00, 0x00, 0x00, 0x30, 0x78, 0x78, 0x30, 0x60, 0xC0, 0x80, 0x00, 0x00, 0x00,
    0x00, 0x00, 0x00, 0x00, 0x00, 0x00, 0x00, 0x00, 0x00, 0x00, 0x03, 0x06, 0x0E, 0x18, 0x38, 0x30,
    0x30, 0x60, 0x60, 0x60, 0x60, 0xE0, 0x60, 0x70, 0x30, 0x30, 0x00, 0x00, 0x00, 0x00, 0x0C, 0x06,
    0x07, 0x06, 0x07, 0x03, 0x03, 0x06, 0x06, 0x06, 0x06, 0x1C, 0x18, 0x38, 0x30, 0xC0, 0x00, 0x00,
    0x00, 0x00, 0x00, 0x00, 0x00, 0x00, 0x00, 0x00, 0x06, 0x00, 0x4C, 0x80, 0x6D, 0x80, 0x33, 0x00,
    0x1E, 0x00, 0x66, 0x00, 0xDB, 0x00, 0x99, 0x00, 0x18, 0x00, 0x00, 0x00, 0x00, 0x00, 0x00, 0x00,
    0x00, 0x00, 0x00, 0x00, 0x00, 0x00, 0x00, 0x00, 0x00, 0x00, 0x00, 0x00, 0x00, 0x00, 0x00, 0x00,
    0x00, 0x00, 0x0C, 0x00, 0x0C, 0x00, 0x0C, 0x00, 0x7F, 0x80, 0xFF, 0x00, 0x18, 0x00, 0x18, 0x00,
    0x18, 0x00, 0x00, 0x00, 0x00, 0x00, 0x00, 0x00, 0x00, 0x00, 0x00, 0x00, 0x00, 0x00, 0x00, 0x00,
    0x00, 0x00, 0x00, 0x00, 0x00, 0x00, 0x00, 0x00, 0x00, 0x00, 0x00, 0x00, 0x00, 0x30, 0x78, 0x78,
    0x18, 0x60, 0xC0, 0x80, 0x00, 0x00, 0x00, 0x00, 0x00, 0x00, 0x00, 0x00, 0x00, 0x00, 0x00, 0x00,
    0x00, 0x00, 0x00, 0x00, 0x7F, 0x80, 0xFF, 0x00, 0x00, 0x00, 0x00, 0x00, 0x00, 0x00, 0x00, 0x00,
    0x00, 0x00, 0x00, 0x00, 0x00, 0x00, 0x00, 0x00, 0x00, 0x00, 0x00, 0x00, 0x00, 0x00, 0x00, 0x00,
    0x00, 0x00, 0x00, 0x00, 0x00, 0x00, 0x00, 0x00, 0x30, 0xF0, 0xF0, 0x60, 0x00, 0x00, 0x00, 0x00,
    0x00, 0x00, 0x00, 0x00, 0x00, 0x60, 0x00, 0x60, 0x00, 0xC0, 0x01, 0x80, 0x03, 0x00, 0x03, 0x00,
    0x06, 0x00, 0x0C, 0x00, 0x18, 0x00, 0x18, 0x00, 0x30, 0x00, 0x60, 0x00, 0xC0, 0x00, 0xC0, 0x00,
    0x00, 0x00, 0x00, 0x00, 0x00, 0x00, 0x00, 0x00, 0x00, 0x00, 0x00, 0x00, 0x00, 0x00, 0x07, 0x80,
    0x0F, 0xC0, 0x39, 0xC0, 0x30, 0xC0, 0x30, 0xC0, 0x33, 0xC0, 0x7D, 0x80, 0x71, 0x80, 0x61, 0x80,
    0x61, 0x80, 0xE7, 0x00, 0x7E, 0x00, 0x3C, 0x00, 0x00, 0x00, 0x00, 0x00, 0x00, 0x00, 0x00, 0x00,
    0x00, 0x00, 0x00, 0x0C, 0x1C, 0x78, 0xD8, 0x18, 0x18, 0x30, 0x30, 0x30, 0x30, 0x60, 0x60, 0x60,
    0x00, 0x00, 0x00, 0x00, 0x00, 0x00, 0x00, 0x00, 0x00, 0x00, 0x07, 0x80, 0x0F, 0xC0, 0x30, 0xC0,
    0x30, 0xC0, 0x00, 0xC0, 0x01, 0x80, 0x06, 0x00, 0x0C, 0x00, 0x18, 0x00, 0x30, 0x00, 0xC0, 0x00,
    0xFF, 0x00, 0xFF, 0x00, 0x00, 0x00, 0x00, 0x00, 0x00, 0x00, 0x00, 0x00, 0x00, 0x00, 0x00, 0x00,
    0x00, 0x00, 0x07, 0x80, 0x0F, 0xC0, 0x30, 0xC0, 0x30, 0xC0, 0x00, 0xC0, 0x07, 0x80, 0x0E, 0x00,
    0x03, 0x00, 0x01, 0x80, 0x61, 0x80, 0xC3, 0x00, 0x7E, 0x00, 0x3C, 0x00, 0x00, 0x00, 0x00, 0x00,
    0x00, 0x00, 0x00, 0x00, 0x00, 0x00, 0x00, 0x00, 0x00, 0x00, 0x01, 0x80, 0x03, 0x00, 0x0C, 0x00,
    0x18, 0x00, 0x33, 0x00, 0x63, 0x00, 0xC6, 0x00, 0xFF, 0x00, 0xFF, 0x00, 0x06, 0x00, 0x0C, 0x00,
    0x0C, 0x00, 0x0C, 0x00, 0x00, 0x00, 0x00, 0x00, 0x00, 0x00, 0x00, 0x00, 0x00, 0x00, 0x00, 0x00,
    0x00, 0x00, 0x0F, 0xE0, 0x0F, 0xE0, 0x10, 0x00, 0x30, 0x00, 0x30, 0x00, 0x3F, 0x00, 0x7F, 0x00,
    0x01, 0x80, 0x01, 0x80, 0x61, 0x80, 0xC3, 0x00, 0x7E, 0x00, 0x3C, 0x00, 0x00, 0x00, 0x00, 0x00,
    0x00, 0x00, 0x00, 0x00, 0x00, 0x00, 0x00, 0x00, 0x00, 0x00, 0x07, 0x80, 0x0F, 0xC0, 0x30, 0xC0,
    0x30, 0x00, 0x37, 0x00, 0x3F, 0x80, 0x73, 0x80, 0x61, 0x80, 0x61, 0x80, 0x61, 0x80, 0xE7, 0x00,
    0x7E, 0x00, 0x3C, 0x00, 0x00, 0x00, 0x00, 0x00, 0x00, 0x00, 0x00, 0x00, 0x00, 0x00, 0x00, 0x00,
    0x00, 0x00, 0x3F, 0xC0, 0x3F, 0xC0, 0x01, 0x80, 0x03, 0x00, 0x03, 0x00, 0x06, 0x00, 0x18, 0x00,
    0x18, 0x00, 0x30, 0x00, 0x30, 0x00, 0xC0, 0x00, 0xC0, 0x00, 0xC0, 0x00, 0x00, 0x00, 0x00, 0x00,
    0x00, 0x00, 0x00, 0x00, 0x00, 0x00, 0x00, 0x00, 0x00, 0x00, 0x07, 0x80, 0x0F, 0xC0, 0x30, 0xC0,
    0x30, 0xC0, 0x30, 0xC0, 0x1D, 0x80, 0x1E, 0x00, 0x33, 0x00, 0x61, 0x80, 0x61, 0x80, 0xC3, 0x00,
    0x7E, 0x00, 0x3C, 0x00, 0x00, 0x00, 0x00, 0x00, 0x00, 0x00, 0x00, 0x00, 0x00, 0x00, 0x00, 0x00,
    0x00, 0x00, 0x07, 0x80, 0x0F, 0xC0, 0x39, 0xC0, 0x30, 0xC0, 0x30, 0xC0, 0x30, 0xC0, 0x73, 0x80,
    0x3F, 0x80, 0x1D, 0x80, 0x01, 0x80, 0xC3, 0x00, 0x7E, 0x00, 0x3C, 0x00, 0x00, 0x00, 0x00, 0x00,
    0x00, 0x00, 0x00, 0x00, 0x00, 0x00, 0x00, 0x00, 0x00, 0x00, 0x18, 0x3C, 0x3C, 0x30, 0x00, 0x00,
    0x30, 0xF0, 0xF0, 0x60, 0x00, 0x00, 0x00, 0x00, 0x00, 0x00, 0x00, 0x00, 0x00, 0x00, 0x0C, 0x1E,
    0x1E, 0x18, 0x00, 0x00, 0x00, 0x30, 0x78, 0x78, 0x18, 0x60, 0xC0, 0x80, 0x00, 0x00, 0x00, 0x00,
    0x00, 0x00, 0x00, 0x00, 0x00, 0x00, 0x01, 0x80, 0x07, 0x00, 0x1C, 0x00, 0x70, 0x00, 0xE0, 0x00,
    0x38, 0x00, 0x0E, 0x00, 0x03, 0x00, 0x00, 0x00, 0x00, 0x00, 0x00, 0x00, 0x00, 0x00, 0x00, 0x00,
    0x00, 0x00, 0x00, 0x00, 0x00, 0x00, 0x00, 0x00, 0x00, 0x00, 0x00, 0x00, 0x00, 0x00, 0x00, 0x00,
    0x7F, 0x80, 0x7F, 0x80, 0x00, 0x00, 0x00, 0x00, 0xFF, 0x00, 0xFF, 0x00, 0x00, 0x00, 0x00, 0x00,
    0x00, 0x00, 0x00, 0x00, 0x00, 0x00, 0x00, 0x00, 0x00, 0x00, 0x00, 0x00, 0x00, 0x00, 0x00, 0x00,
    0x00, 0x00, 0x00, 0x00, 0x00, 0x00, 0x60, 0x00, 0x38, 0x00, 0x0E, 0x00, 0x03, 0x80, 0x07, 0x00,
    0x1C, 0x00, 0x70, 0x00, 0xC0, 0x00, 0x00, 0x00, 0x00, 0x00, 0x00, 0x00, 0x00, 0x00, 0x00, 0x00,
    0x00, 0x00, 0x00, 0x00, 0x00, 0x00, 0x00, 0x00, 0x1E, 0x00, 0x3F, 0x00, 0x61, 0x80, 0xC3, 0x00,
    0x03, 0x00, 0x06, 0x00, 0x0C, 0x00, 0x30, 0x00, 0x60, 0x00, 0x60, 0x00, 0x00, 0x00, 0x00, 0x00,
    0xC0, 0x00, 0xC0, 0x00, 0x00, 0x00, 0x00, 0x00, 0x00, 0x00, 0x00, 0x00, 0x00, 0x00, 0x00, 0x00,
    0x00, 0x00, 0x03, 0x00, 0x0F, 0xC0, 0x30, 0xC0, 0x20, 0x40, 0x26, 0x40, 0x2F, 0x40, 0x52, 0x80,
    0x52, 0x80, 0x4F, 0x00, 0x40, 0x00, 0xC3, 0x00, 0x7E, 0x00, 0x18, 0x00, 0x00, 0x00, 0x00, 0x00,
    0x00, 0x00, 0x00, 0x00, 0x00, 0x00, 0x00, 0x00, 0x07, 0x80, 0x0F, 0xC0, 0x1C, 0xE0, 0x30, 0xC0,
    0x30, 0xC0, 0x30, 0xC0, 0x30, 0xC0, 0x7F, 0x80, 0x7F, 0x80, 0x61, 0x80, 0x61, 0x80, 0xC3, 0x00,
    0xC3, 0x00, 0xC3, 0x00, 0x00, 0x00, 0x00, 0x00, 0x00, 0x00, 0x00, 0x00, 0x00, 0x00, 0x00, 0x00,
    0x1F, 0x80, 0x1F, 0xC0, 0x18, 0xE0, 0x30, 0xC0, 0x30, 0xC0, 0x31, 0x80, 0x3F, 0x80, 0x7F, 0x00,
    0x63, 0x00, 0x61, 0x80, 0x61, 0x80, 0xC7, 0x00, 0xFE, 0x00, 0xFC, 0x00, 0x00, 0x00, 0x00, 0x00,
    0x00, 0x00, 0x00, 0x00, 0x00, 0x00, 0x00, 0x00, 0x07, 0x80, 0x0F, 0xC0, 0x1C, 0xE0, 0x30, 0xC0,
    0x30, 0x00, 0x30, 0x00, 0x30, 0x00, 0x60, 0x00, 0x60, 0x00, 0x60, 0x00, 0x61, 0x80, 0xE7, 0x00,
    0x7E, 0x00, 0x3C, 0x00, 0x00, 0x00, 0x00, 0x00, 0x00, 0x00, 0x00, 0x00, 0x00, 0x00, 0x00, 0x00,
    0x1F, 0x80, 0x1F, 0xC0, 0x18, 0xE0, 0x30, 0xC0, 0x30, 0xC0, 0x30, 0xC0, 0x30, 0xC0, 0x61, 0x80,
    0x61, 0x80, 0x61, 0x80, 0x61, 0x80, 0xC7, 0x00, 0xFE, 0x00, 0xFC, 0x00, 0x00, 0x00, 0x00, 0x00,
    0x00, 0x00, 0x00, 0x00, 0x00, 0x00, 0x00, 0x00, 0x1F, 0xE0, 0x1F, 0xE0, 0x18, 0x00, 0x30, 0x00,
    0x30, 0x00, 0x30, 0x00, 0x3F, 0x00, 0x7E, 0x00, 0x60, 0x00, 0x60, 0x00, 0x60, 0x00, 0xC0, 0x00,
    0xFF, 0x00, 0xFF, 0x00, 0x00, 0x00, 0x00, 0x00, 0x00, 0x00, 0x00, 0x00, 0x00, 0x00, 0x00, 0x00,
    0x1F, 0xE0, 0x1F, 0xE0, 0x18, 0x00, 0x30, 0x00, 0x30, 0x00, 0x30, 0x00, 0x3F, 0x00, 0x7E, 0x00,
    0x60, 0x00, 0x60, 0x00, 0x60, 0x00, 0xC0, 0x00, 0xC0, 0x00, 0xC0, 0x00, 0x00, 0x00, 0x00, 0x00,
    0x00, 0x00, 0x00, 0x00, 0x00, 0x00, 0x00, 0x00, 0x07, 0x80, 0x0F, 0xC0, 0x1C, 0xE0, 0x30, 0xC0,
    0x30, 0x00, 0x30, 0x00, 0x30, 0x00, 0x67, 0x80, 0x67, 0x80, 0x61, 0x80, 0x61, 0x80, 0xE7, 0x00,
    0x7E, 0x00, 0x3C, 0x00, 0x00, 0x00, 0x00, 0x00, 0x00, 0x00, 0x00, 0x00, 0x00, 0x00, 0x00, 0x00,
    0x18, 0x60, 0x18, 0x60, 0x18, 0x60, 0x30, 0xC0, 0x30, 0xC0, 0x30, 0xC0, 0x3F, 0xC0, 0x7F, 0x80,
    0x61, 0x80, 0x61, 0x80, 0x61, 0x80, 0xC3, 0x00, 0xC3, 0x00, 0xC3, 0x00, 0x00, 0x00, 0x00, 0x00,
    0x00, 0x00, 0x00, 0x00, 0x00, 0x00, 0x00, 0x00, 0x1F, 0x80, 0x1F, 0x80, 0x06, 0x00, 0x0C, 0x00,
    0x0C, 0x00, 0x0C, 0x00, 0x0C, 0x00, 0x18, 0x00, 0x18, 0x00, 0x18, 0x00, 0x18, 0x00, 0x30, 0x00,
    0xFC, 0x00, 0xFC, 0x00, 0x00, 0x00, 0x00, 0x00, 0x00, 0x00, 0x00, 0x00, 0x00, 0x00, 0x00, 0x00,
    0x00, 0x60, 0x00, 0x60, 0x00, 0x60, 0x00, 0xC0, 0x00, 0xC0, 0x00, 0xC0, 0x00, 0xC0, 0x01, 0x80,
    0x01, 0x80, 0x01, 0x80, 0x61, 0x80, 0xC3, 0x00, 0x7E, 0x00, 0x3C, 0x00, 0x00, 0x00, 0x00, 0x00,
    0x00, 0x00, 0x00, 0x00, 0x00, 0x00, 0x00, 0x00, 0x18, 0x60, 0x18, 0x60, 0x18, 0xC0, 0x33, 0x00,
    0x36, 0x00, 0x3C, 0x00, 0x38, 0x00, 0x70, 0x00, 0x78, 0x00, 0x6C, 0x00, 0x66, 0x00, 0xC6, 0x00,
    0xC3, 0x00, 0xC3, 0x00, 0x00, 0x00, 0x00, 0x00, 0x00, 0x00, 0x00, 0x00, 0x00, 0x00, 0x18, 0x18,
    0x18, 0x30, 0x30, 0x30, 0x30, 0x60, 0x60, 0x60, 0x60, 0xC0, 0xFF, 0xFF, 0x00, 0x00, 0x00, 0x00,
    0x00, 0x00, 0x00, 0x00, 0x18, 0x60, 0x1C, 0xE0, 0x1F, 0xE0, 0x36, 0xC0, 0x36, 0xC0, 0x36, 0xC0,
    0x30, 0xC0, 0x61, 0x80, 0x61, 0x80, 0x61, 0x80, 0x61, 0x80, 0xC3, 0x00, 0xC3, 0x00, 0xC3, 0x00,
    0x00, 0x00, 0x00, 0x00, 0x00, 0x00, 0x00, 0x00, 0x00, 0x00, 0x00, 0x00, 0x18, 0x60, 0x1C, 0x60,
    0x1C, 0x60, 0x3C, 0xC0, 0x3C, 0xC0, 0x34, 0xC0, 0x34, 0xC0, 0x65, 0x80, 0x65, 0x80, 0x67, 0x80,
    0x67, 0x80, 0xC7, 0x00, 0xC7, 0x00, 0xC3, 0x00, 0x00, 0x00, 0x00, 0x00, 0x00, 0x00, 0x00, 0x00,
    0x00, 0x00, 0x00, 0x00, 0x07, 0x80, 0x0F, 0xC0, 0x1C, 0xE0, 0x30, 0xC0, 0x30, 0xC0, 0x30, 0xC0,
    0x30, 0xC0, 0x61, 0x80, 0x61, 0x80, 0x61, 0x80, 0x61, 0x80, 0xE7, 0x00, 0x7E, 0x00, 0x3C, 0x00,
    0x00, 0x00, 0x00, 0x00, 0x00, 0x00, 0x00, 0x00, 0x00, 0x00, 0x00, 0x00, 0x1F, 0x80, 0x1F, 0xC0,
    0x18, 0xE0, 0x30, 0xC0, 0x30, 0xC0, 0x31, 0xC0, 0x3F, 0x80, 0x7E, 0x00, 0x60, 0x00, 0x60, 0x00,
    0x60, 0x00, 0xC0, 0x00, 0xC0, 0x00, 0xC0, 0x00, 0x00, 0x00, 0x00, 0x00, 0x00, 0x00, 0x00, 0x00,
    0x00, 0x00, 0x00, 0x00, 0x07, 0x80, 0x0F, 0xC0, 0x1C, 0xE0, 0x30, 0xC0, 0x30, 0xC0, 0x30, 0xC0,
    0x30, 0xC0, 0x61, 0x80, 0x61, 0x80, 0x61, 0x80, 0x6D, 0x80, 0xEF, 0x00, 0x7E, 0x00, 0x3F, 0x00,
    0x03, 0x00, 0x00, 0x00, 0x00, 0x00, 0x00, 0x00, 0x00, 0x00, 0x00, 0x00, 0x1F, 0x80, 0x1F, 0xC0,
    0x18, 0xE0, 0x30, 0xC0, 0x30, 0xC0, 0x31, 0xC0, 0x3F, 0x80, 0x7E, 0x00, 0x6C, 0x00, 0x66, 0x00,
    0x66, 0x00, 0xC6, 0x00, 0xC6, 0x00, 0xC3, 0x00, 0x00, 0x00, 0x00, 0x00, 0x00, 0x00, 0x00, 0x00,
    0x00, 0x00, 0x00, 0x00, 0x07, 0x80, 0x0F, 0xC0, 0x1C, 0xE0, 0x30, 0xC0, 0x30, 0x00, 0x38, 0x00,
    0x1F, 0x00, 0x1F, 0x00, 0x03, 0x80, 0x01, 0x80, 0x61, 0x80, 0xE7, 0x00, 0x7E, 0x00, 0x3C, 0x00,
    0x00, 0x00, 0x00, 0x00, 0x00, 0x00, 0x00, 0x00, 0x00, 0x00, 0xFF, 0xFF, 0x18, 0x30, 0x30, 0x30,
    0x30, 0x60, 0x60, 0x60, 0x60, 0xC0, 0xC0, 0xC0, 0x00, 0x00, 0x00, 0x00, 0x00, 0x00, 0x00, 0x00,
    0x18, 0x60, 0x18, 0x60, 0x18, 0x60, 0x30, 0xC0, 0x30, 0xC0, 0x30, 0xC0, 0x30, 0xC0, 0x61, 0x80,
    0x61, 0x80, 0x61, 0x80, 0x61, 0x80, 0xE7, 0x00, 0x7E, 0x00, 0x3C, 0x00, 0x00, 0x00, 0x00, 0x00,
    0x00, 0x00, 0x00, 0x00, 0x00, 0x00, 0x00, 0x00, 0x61, 0x80, 0x61, 0x80, 0x61, 0x80, 0xC3, 0x00,
    0xC3, 0x00, 0xC3, 0x00, 0x66, 0x00, 0xCC, 0x00, 0xCC, 0x00, 0x48, 0x00, 0x78, 0x00, 0xF0, 0x00,
    0x60, 0x00, 0x60, 0x00, 0x00, 0x00, 0x00, 0x00, 0x00, 0x00, 0x00, 0x00, 0x00, 0x00, 0x00, 0x00,
    0x18, 0x60, 0x18, 0x60, 0x18, 0x60, 0x30, 0xC0, 0x30, 0xC0, 0x30, 0xC0, 0x30, 0xC0, 0x61, 0x80,
    0x6D, 0x80, 0x6D, 0x80, 0x6D, 0x80, 0xFF, 0x00, 0xE7, 0x00, 0xC3, 0x00, 0x00, 0x00, 0x00, 0x00,
    0x00, 0x00, 0x00, 0x00, 0x00, 0x00, 0x00, 0x00, 0x18, 0x60, 0x18, 0x60, 0x0C, 0xC0, 0x19, 0x80,
    0x0F, 0x00, 0x0F, 0x00, 0x06, 0x00, 0x0C, 0x00, 0x1E, 0x00, 0x1E, 0x00, 0x33, 0x00, 0x66, 0x00,
    0xC3, 0x00, 0xC3, 0x00, 0x00, 0x00, 0x00, 0x00, 0x00, 0x00, 0x00, 0x00, 0x00, 0x00, 0x00, 0x00,
    0x61, 0x80, 0x61, 0x80, 0x61, 0x80, 0xC3, 0x00, 0x66, 0x00, 0x66, 0x00, 0x3C, 0x00, 0x78, 0x00,
    0x30, 0x00, 0x30, 0x00, 0x30, 0x00, 0x60, 0x00, 0x60, 0x00, 0x60, 0x00, 0x00, 0x00, 0x00, 0x00,
    0x00, 0x00, 0x00, 0x00, 0x00, 0x00, 0x00, 0x00, 0x1F, 0xE0, 0x1F, 0xE0, 0x00, 0x20, 0x00, 0xC0,
    0x01, 0x80, 0x03, 0x00, 0x06, 0x00, 0x0C, 0x00, 0x18, 0x00, 0x30, 0x00, 0x60, 0x00, 0x80, 0x00,
    0xFF, 0x00, 0xFF, 0x00, 0x00, 0x00, 0x00, 0x00, 0x00, 0x00, 0x00, 0x00, 0x00, 0x00, 0x00, 0x00,
    0x0F, 0x80, 0x0F, 0x80, 0x0C, 0x00, 0x18, 0x00, 0x18, 0x00, 0x18, 0x00, 0x18, 0x00, 0x30, 0x00,
    0x30, 0x00, 0x30, 0x00, 0x30, 0x00, 0x60, 0x00, 0x60, 0x00, 0x60, 0x00, 0x7C, 0x00, 0xF8, 0x00,
    0x00, 0x00, 0x00, 0x00, 0x00, 0x00, 0xC0, 0xC0, 0x60, 0xC0, 0x60, 0x60, 0x30, 0x60, 0x30, 0x30,
    0x18, 0x30, 0x18, 0x18, 0x00, 0x00, 0x00, 0x00, 0x00, 0x00, 0x00, 0x00, 0x0F, 0x80, 0x0F, 0x80,
    0x01, 0x80, 0x03, 0x00, 0x03, 0x00, 0x03, 0x00, 0x03, 0x00, 0x06, 0x00, 0x06, 0x00, 0x06, 0x00,
    0x06, 0x00, 0x0C, 0x00, 0x0C, 0x00, 0x0C, 0x00, 0x7C, 0x00, 0xF8, 0x00, 0x00, 0x00, 0x00, 0x00,
    0x00, 0x00, 0x0C, 0x1E, 0x33, 0xC3, 0x00, 0x00, 0x00, 0x00, 0x00, 0x00, 0x00, 0x00, 0x00, 0x00,
    0x00, 0x00, 0x00, 0x00, 0x00, 0x00, 0x00, 0x00, 0x00, 0x00, 0x00, 0x00, 0x00, 0x00, 0x00, 0x00,
    0x00, 0x00, 0x00, 0x00, 0x00, 0x00, 0x00, 0x00, 0x00, 0x00, 0x00, 0x00, 0x00, 0x00, 0x00, 0x00,
    0x00, 0x00, 0x00, 0x00, 0x00, 0x00, 0x00, 0x00, 0xFF, 0xC0, 0xFF, 0xC0, 0x00, 0x00, 0x30, 0x78,
    0x78, 0xC0, 0x60, 0x30, 0x10, 0x00, 0x00, 0x00, 0x00, 0x00, 0x00, 0x00, 0x00, 0x00, 0x00, 0x00,
    0x00, 0x00, 0x00, 0x00, 0x00, 0x00, 0x00, 0x00, 0x00, 0x00, 0x00, 0x00, 0x1F, 0x00, 0x3F, 0x80,
    0x30, 0xC0, 0x01, 0x80, 0x3F, 0x80, 0x7D, 0x80, 0x61, 0x80, 0xC3, 0x00, 0xFF, 0x00, 0x7B, 0x00,
    0x00, 0x00, 0x00, 0x00, 0x00, 0x00, 0x00, 0x00, 0x00, 0x00, 0x00, 0x00, 0x18, 0x00, 0x18, 0x00,
    0x18, 0x00, 0x30, 0x00, 0x37, 0x00, 0x3F, 0x80, 0x39, 0xC0, 0x61, 0x80, 0x61, 0x80, 0x61, 0x80,
    0x61, 0x80, 0xE7, 0x00, 0xFE, 0x00, 0xDC, 0x00, 0x00, 0x00, 0x00, 0x00, 0x00, 0x00, 0x00, 0x00,
    0x00, 0x00, 0x00, 0x00, 0x00, 0x00, 0x00, 0x00, 0x00, 0x00, 0x00, 0x00, 0x0F, 0x80, 0x1F, 0xC0,
    0x38, 0xC0, 0x60, 0x00, 0x60, 0x00, 0x60, 0x00, 0x60, 0x00, 0xE3, 0x00, 0x7F, 0x00, 0x3E, 0x00,
    0x00, 0x00, 0x00, 0x00, 0x00, 0x00, 0x00, 0x00, 0x00, 0x00, 0x00, 0x00, 0x00, 0x60, 0x00, 0x60,
    0x00, 0x60, 0x00, 0xC0, 0x0E, 0xC0, 0x1F, 0xC0, 0x39, 0xC0, 0x61, 0x80, 0x61, 0x80, 0x61, 0x80,
    0x61, 0x80, 0xE7, 0x00, 0x7F, 0x00, 0x3B, 0x00, 0x00, 0x00, 0x00, 0x00, 0x00, 0x00, 0x00, 0x00,
    0x00, 0x00, 0x00, 0x00, 0x00, 0x00, 0x00, 0x00, 0x00, 0x00, 0x00, 0x00, 0x0F, 0x00, 0x1F, 0x80,
    0x30, 0xC0, 0x61, 0x80, 0x7F, 0x80, 0x7F, 0x80, 0x60, 0x00, 0xC3, 0x00, 0x7F, 0x00, 0x3E, 0x00,
    0x00, 0x00, 0x00, 0x00, 0x00, 0x00, 0x00, 0x00, 0x00, 0x00, 0x00, 0x00, 0x07, 0x80, 0x0F, 0xC0,
    0x18, 0xC0, 0x30, 0x00, 0x7C, 0x00, 0x7C, 0x00, 0x30, 0x00, 0x60, 0x00, 0x60, 0x00, 0x60, 0x00,
    0x60, 0x00, 0xC0, 0x00, 0xC0, 0x00, 0xC0, 0x00, 0x00, 0x00, 0x00, 0x00, 0x00, 0x00, 0x00, 0x00,
    0x00, 0x00, 0x00, 0x00, 0x00, 0x00, 0x00, 0x00, 0x00, 0x00, 0x00, 0x00, 0x07, 0x60, 0x0F, 0xE0,
    0x1C, 0x60, 0x30, 0xC0, 0x30, 0xC0, 0x30, 0xC0, 0x30, 0xC0, 0x71, 0x80, 0x3F, 0x80, 0x1D, 0x80,
    0x01, 0x80, 0x03, 0x00, 0xFE, 0x00, 0x7C, 0x00, 0x00, 0x00, 0x00, 0x00, 0x18, 0x00, 0x18, 0x00,
    0x18, 0x00, 0x30, 0x00, 0x37, 0x80, 0x3F, 0xC0, 0x38, 0xC0, 0x61, 0x80, 0x61, 0x80, 0x61, 0x80,
    0x61, 0x80, 0xC3, 0x00, 0xC3, 0x00, 0xC3, 0x00, 0x00, 0x00, 0x00, 0x00, 0x00, 0x00, 0x00, 0x00,
    0x00, 0x00, 0x18, 0x18, 0x00, 0x00, 0xF0, 0xF0, 0x30, 0x60, 0x60, 0x60, 0x60, 0xC0, 0xC0, 0xC0,
    0x00, 0x00, 0x00, 0x00, 0x00, 0x00, 0x00, 0x00, 0x00, 0x60, 0x00, 0x60, 0x00, 0x00, 0x00, 0x00,
    0x03, 0xC0, 0x03, 0xC0, 0x00, 0xC0, 0x01, 0x80, 0x01, 0x80, 0x01, 0x80, 0x01, 0x80, 0x03, 0x00,
    0x03, 0x00, 0x03, 0x00, 0x03, 0x00, 0xC6, 0x00, 0x7C, 0x00, 0x38, 0x00, 0x00, 0x00, 0x00, 0x00,
    0x18, 0x00, 0x18, 0x00, 0x18, 0x00, 0x30, 0x00, 0x31, 0xC0, 0x33, 0x80, 0x36, 0x00, 0x78, 0x00,
    0x78, 0x00, 0x6C, 0x00, 0x66, 0x00, 0xC6, 0x00, 0xC3, 0x00, 0xC1, 0x80, 0x00, 0x00, 0x00, 0x00,
    0x00, 0x00, 0x00, 0x00, 0x00, 0x00, 0x78, 0x78, 0x18, 0x30, 0x30, 0x30, 0x30, 0x60, 0x60, 0x60,
    0x60, 0xC0, 0xC0, 0xC0, 0x00, 0x00, 0x00, 0x00, 0x00, 0x00, 0x00, 0x00, 0x00, 0x00, 0x00, 0x00,
    0x00, 0x00, 0x00, 0x00, 0x2E, 0xE0, 0x3F, 0xF0, 0x33, 0x30, 0x66, 0x60, 0x66, 0x60, 0x66, 0x60,
    0x66, 0x60, 0xCC, 0xC0, 0xCC, 0xC0, 0xCC, 0xC0, 0x00, 0x00, 0x00, 0x00, 0x00, 0x00, 0x00, 0x00,
    0x00, 0x00, 0x00, 0x00, 0x00, 0x00, 0x00, 0x00, 0x00, 0x00, 0x00, 0x00, 0x37, 0x80, 0x3F, 0xC0,
    0x38, 0xC0, 0x61, 0x80, 0x61, 0x80, 0x61, 0x80, 0x61, 0x80, 0xC3, 0x00, 0xC3, 0x00, 0xC3, 0x00,
    0x00, 0x00, 0x00, 0x00, 0x00, 0x00, 0x00, 0x00, 0x00, 0x00, 0x00, 0x00, 0x00, 0x00, 0x00, 0x00,
    0x00, 0x00, 0x00, 0x00, 0x0F, 0x00, 0x1F, 0x80, 0x39, 0xC0, 0x61, 0x80, 0x61, 0x80, 0x61, 0x80,
    0x61, 0x80, 0xE7, 0x00, 0x7E, 0x00, 0x3C, 0x00, 0x00, 0x00, 0x00, 0x00, 0x00, 0x00, 0x00, 0x00,
    0x00, 0x00, 0x00, 0x00, 0x00, 0x00, 0x00, 0x00, 0x00, 0x00, 0x00, 0x00, 0x1B, 0x80, 0x1F, 0xC0,
    0x1C, 0xE0, 0x30, 0xC0, 0x30, 0xC0, 0x30, 0xC0, 0x30, 0xC0, 0x73, 0x80, 0x7F, 0x00, 0x6E, 0x00,
    0x60, 0x00, 0xC0, 0x00, 0xC0, 0x00, 0xC0, 0x00, 0x00, 0x00, 0x00, 0x00, 0x00, 0x00, 0x00, 0x00,
    0x00, 0x00, 0x00, 0x00, 0x0E, 0xC0, 0x1F, 0xC0, 0x39, 0xC0, 0x61, 0x80, 0x61, 0x80, 0x61, 0x80,
    0x61, 0x80, 0xE7, 0x00, 0x7F, 0x00, 0x3B, 0x00, 0x03, 0x00, 0x06, 0x00, 0x06, 0x00, 0x06, 0x00,
    0x00, 0x00, 0x00, 0x00, 0x00, 0x00, 0x00, 0x00, 0x00, 0x00, 0x00, 0x00, 0x37, 0x80, 0x3F, 0xC0,
    0x38, 0xC0, 0x60, 0x00, 0x60, 0x00, 0x60, 0x00, 0x60, 0x00, 0xC0, 0x00, 0xC0, 0x00, 0xC0, 0x00,
    0x00, 0x00, 0x00, 0x00, 0x00, 0x00, 0x00, 0x00, 0x00, 0x00, 0x00, 0x00, 0x00, 0x00, 0x00, 0x00,
    0x00, 0x00, 0x00, 0x00, 0x1F, 0x80, 0x3F, 0xC0, 0x30, 0xC0, 0x60, 0x00, 0x7E, 0x00, 0x1F, 0x80,
    0x01, 0x80, 0xC3, 0x00, 0xFF, 0x00, 0x7E, 0x00, 0x00, 0x00, 0x00, 0x00, 0x00, 0x00, 0x00, 0x00,
    0x00, 0x00, 0x00, 0x18, 0x18, 0x30, 0xFC, 0xFC, 0x30, 0x60, 0x60, 0x60, 0x60, 0xCC, 0xFC, 0x78,
    0x00, 0x00, 0x00, 0x00, 0x00, 0x00, 0x00, 0x00, 0x00, 0x00, 0x00, 0x00, 0x00, 0x00, 0x00, 0x00,
    0x30, 0xC0, 0x30, 0xC0, 0x30, 0xC0, 0x61, 0x80, 0x61, 0x80, 0x61, 0x80, 0x61, 0x80, 0xC7, 0x00,
    0xFF, 0x00, 0x7B, 0x00, 0x00, 0x00, 0x00, 0x00, 0x00, 0x00, 0x00, 0x00, 0x00, 0x00, 0x00, 0x00,
    0x00, 0x00, 0x00, 0x00, 0x00, 0x00, 0x00, 0x00, 0x61, 0x80, 0x61, 0x80, 0x61, 0x80, 0xC3, 0x00,
    0x66, 0x00, 0x66, 0x00, 0x66, 0x00, 0x78, 0x00, 0x30, 0x00, 0x30, 0x00, 0x00, 0x00, 0x00, 0x00,
    0x00, 0x00, 0x00, 0x00, 0x00, 0x00, 0x00, 0x00, 0x00, 0x00, 0x00, 0x00, 0x00, 0x00, 0x00, 0x00,
    0x60, 0x60, 0x60, 0x60, 0x60, 0x60, 0xC0, 0xC0, 0x61, 0x80, 0x6D, 0x80, 0x6D, 0x80, 0xFF, 0x00,
    0x66, 0x00, 0x66, 0x00, 0x00, 0x00, 0x00, 0x00, 0x00, 0x00, 0x00, 0x00, 0x00, 0x00, 0x00, 0x00,
    0x00, 0x00, 0x00, 0x00, 0x00, 0x00, 0x00, 0x00, 0x30, 0xC0, 0x30, 0xC0, 0x19, 0x80, 0x1E, 0x00,
    0x0C, 0x00, 0x1E, 0x00, 0x33, 0x00, 0xC3, 0x00, 0xC3, 0x00, 0xC3, 0x00, 0x00, 0x00, 0x00, 0x00,
    0x00, 0x00, 0x00, 0x00, 0x00, 0x00, 0x00, 0x00, 0x00, 0x00, 0x00, 0x00, 0x00, 0x00, 0x00, 0x00,
    0x18, 0x30, 0x18, 0x30, 0x18, 0x30, 0x18, 0xC0, 0x18, 0xC0, 0x18, 0xC0, 0x0D, 0x80, 0x1B, 0x00,
    0x0F, 0x00, 0x06, 0x00, 0x06, 0x00, 0x18, 0x00, 0xF8, 0x00, 0x70, 0x00, 0x00, 0x00, 0x00, 0x00,
    0x00, 0x00, 0x00, 0x00, 0x00, 0x00, 0x00, 0x00, 0x3F, 0xC0, 0x3F, 0xC0, 0x01, 0x80, 0x06, 0x00,
    0x0C, 0x00, 0x18, 0x00, 0x30, 0x00, 0xC0, 0x00, 0xFF, 0x00, 0xFF, 0x00, 0x00, 0x00, 0x00, 0x00,
    0x00, 0x00, 0x00, 0x00, 0x00, 0x00, 0x07, 0x0C, 0x18, 0x30, 0x18, 0x18, 0x18, 0xE0, 0xE0, 0x30,
    0x30, 0x60, 0xC0, 0xC0, 0x60, 0x70, 0x00, 0x00, 0x06, 0x0C, 0x0C, 0x0C, 0x0C, 0x18, 0x18, 0x18,
    0x18, 0x30, 0x30, 0x30, 0x30, 0x60, 0x60, 0x60, 0x60, 0xC0, 0xC0, 0xC0, 0x00, 0x00, 0x00, 0x00,
    0x0E, 0x00, 0x03, 0x00, 0x01, 0x80, 0x03, 0x00, 0x06, 0x00, 0x06, 0x00, 0x06, 0x00, 0x07, 0x00,
    0x07, 0x00, 0x0C, 0x00, 0x0C, 0x00, 0x18, 0x00, 0x0C, 0x00, 0x0C, 0x00, 0x18, 0x00, 0xE0, 0x00,
    0x00, 0x00, 0x00, 0x00, 0x00, 0x00, 0x00, 0x00, 0x1C, 0x60, 0x3E, 0xE0, 0x77, 0xC0, 0xC7, 0x00,
    0x00, 0x00, 0x00, 0x00, 0x00, 0x00, 0x00, 0x00, 0x00, 0x00, 0x00, 0x00, 0x00, 0x00, 0x00, 0x00,
    0x00, 0x00, 0x00, 0x00, 0x00, 0x00, 0x00, 0x00, 0x00, 0x00, 0x00, 0x00, 0x00, 0x00, 0x00, 0xC0,
    0x01, 0xE0, 0x03, 0x60, 0x03, 0x00, 0x06, 0x00, 0x06, 0x00, 0x06, 0x00, 0x06, 0x00, 0x0C, 0x00,
    0x0C, 0x00, 0x0C, 0x00, 0x0C, 0x00, 0xD8, 0x00, 0xF0, 0x00, 0x60, 0x00, 0x00, 0x00, 0x00, 0x00,
    0x00, 0x00, 0x00, 0x00,
};

const display_font_t font_bigfnti = {
    .glyphs = bigfnti_glyphs,
    .bitmap = bigfnti_bitmap,
    .family = &font_family_bigfnt,
    .first_character = 0,
    .glyph_count = 128,
    .height = 20,
    .baseline = 16,
    .fallback_character = 63,
    .style = 2,
};

static const display_font_glyph_t eurex24i_glyphs[] = {
    { 0, 3, 11, 6, 1 }, /* 0x00 */
    { 24, 10, 13, 1, 1 }, /* 0x01 */
    { 72, 16, 17, 3, 1 }, /* 0x02 */
    { 120, 16, 17, 3, 1 }, /* 0x03 */
    { 168, 12, 16, 2, 1 }, /* 0x04 */
    { 216, 10, 16, 3, 1 }, /* 0x05 */
    { 264, 13, 12, 1, 1 }, /* 0x06 */
    { 312, 16, 24, 6, 1 }, /* 0x07 */
    { 360, 4, 12, 8, 1 }, /* 0x08 */
    { 384, 3, 12, 8, 1 }, /* 0x09 */
    { 408, 12, 16, 5, 1 }, /* 0x0A */
    { 456, 14, 16, 3, 1 }, /* 0x0B */
    { 504, 16, 18, 3, 1 }, /* 0x0C */
    { 552, 16, 23, 5, 1 }, /* 0x0D */
    { 600, 22, 22, 2, 1 }, /* 0x0E */
    { 672, 14, 4, -3, 1 }, /* 0x0F */
    { 720, 7, 12, 6, 1 }, /* 0x10 */
    { 744, 7, 12, 7, 1 }, /* 0x11 */
    { 768, 7, 12, 2, 1 }, /* 0x12 */
    { 792, 7, 12, 7, 1 }, /* 0x13 */
    { 816, 6, 12, 7, 1 }, /* 0x14 */
    { 840, 5, 6, 3, 1 }, /* 0x15 */
    { 864, 6, 7, 2, 1 }, /* 0x16 */
    { 888, 11, 12, 3, 1 }, /* 0x17 */
    { 936, 11, 12, 2, 1 }, /* 0x18 */
    { 984, 29, 32, 4, 1 }, /* 0x19 */
    { 1080, 9, 11, 5, 1 }, /* 0x1A */
    { 1128, 9, 11, 1, 1 }, /* 0x1B */
    { 1176, 26, 23, 0, 1 }, /* 0x1C */
    { 1272, 18, 19, 2, 1 }, /* 0x1D */
    { 1344, 17, 19, 1, 1 }, /* 0x1E */
    { 1416, 6, 11, 4, 1 }, /* 0x1F */
    { 1440, 0, 10, 0, 1 }, /* 0x20 */
    { 1440, 6, 11, 4, 1 }, /* 0x21 */
    { 1464, 9, 11, 5, 1 }, /* 0x22 */
    { 1512, 0, 0, 0, 0 }, /* 0x23 */
    { 1512, 22, 22, 2, 1 }, /* 0x24 */
    { 1584, 29, 31, 3, 1 }, /* 0x25 */
    { 1680, 23, 25, 3, 1 }, /* 0x26 */
    { 1752, 4, 6, 5, 1 }, /* 0x27 */
    { 1776, 9, 8, 3, 1 }, /* 0x28 */
    { 1824, 9, 8, 1, 1 }, /* 0x29 */
    { 1872, 10, 16, 6, 1 }, /* 0x2A */
    { 1920, 0, 0, 0, 0 }, /* 0x2B */
    { 1920, 4, 11, 3, 1 }, /* 0x2C */
    { 1944, 8, 11, 3, 1 }, /* 0x2D */
    { 1968, 3, 11, 4, 1 }, /* 0x2E */
    { 1992, 14, 9, 0, 1 }, /* 0x2F */
    { 2040, 21, 22, 3, 1 }, /* 0x30 */
    { 2112, 11, 15, 5, 1 }, /* 0x31 */
    { 2160, 22, 22, 2, 1 }, /* 0x32 */
    { 2232, 22, 22, 2, 1 }, /* 0x33 */
    { 2304, 21, 23, 2, 1 }, /* 0x34 */
    { 2376, 21, 23, 3, 1 }, /* 0x35 */
    { 2448, 21, 22, 3, 1 }, /* 0x36 */
    { 2520, 20, 23, 6, 1 }, /* 0x37 */
    { 2592, 21, 22, 3, 1 }, /* 0x38 */
    { 2664, 21, 22, 3, 1 }, /* 0x39 */
    { 2736, 6, 11, 4, 1 }, /* 0x3A */
    { 2760, 7, 11, 3, 1 }, /* 0x3B */
    { 2784, 0, 0, 0, 0 }, /* 0x3C */
    { 2784, 0, 0, 0, 0 }, /* 0x3D */
    { 2784, 0, 0, 0, 0 }, /* 0x3E */
    { 2784, 17, 19, 4, 1 }, /* 0x3F */
    { 2856, 0, 0, 0, 0 }, /* 0x40 */
    { 2856, 23, 23, 0, 1 }, /* 0x41 */
    { 2928, 23, 23, 2, 1 }, /* 0x42 */
    { 3000, 22, 23, 3, 1 }, /* 0x43 */
    { 3072, 24, 24, 2, 1 }, /* 0x44 */
    { 3144, 22, 21, 2, 1 }, /* 0x45 */
    { 3216, 21, 20, 2, 1 }, /* 0x46 */
    { 3288, 23, 24, 3, 1 }, /* 0x47 */
    { 3360, 25, 25, 2, 1 }, /* 0x48 */
    { 3456, 7, 7, 2, 1 }, /* 0x49 */
    { 3480, 20, 19, 1, 1 }, /* 0x4A */
    { 3552, 23, 22, 2, 1 }, /* 0x4B */
    { 3624, 16, 18, 2, 1 }, /* 0x4C */
    { 3672, 32, 32, 2, 1 }, /* 0x4D */
    { 3768, 26, 26, 2, 1 }, /* 0x4E */
    { 3864, 24, 26, 3, 1 }, /* 0x4F */
    { 3936, 23, 23, 2, 1 }, /* 0x50 */
    { 4008, 24, 26, 3, 1 }, /* 0x51 */
    { 4080, 23, 23, 2, 1 }, /* 0x52 */
    { 4152, 21, 22, 3, 1 }, /* 0x53 */
    { 4224, 19, 20, 5, 1 }, /* 0x54 */
    { 4296, 23, 24, 3, 1 }, /* 0x55 */
    { 4368, 22, 22, 4, 1 }, /* 0x56 */
    { 4440, 31, 31, 4, 1 }, /* 0x57 */
    { 4536, 24, 21, 0, 1 }, /* 0x58 */
    { 4608, 20, 22, 5, 1 }, /* 0x59 */
    { 4680, 24, 22, 1, 1 }, /* 0x5A */
    { 4752, 10, 9, 2, 1 }, /* 0x5B */
    { 4800, 4, 6, 1, 1 }, /* 0x5C */
    { 4824, 10, 9, 1, 1 }, /* 0x5D */
    { 4872, 7, 12, 6, 1 }, /* 0x5E */
    { 4896, 0, 0, 0, 0 }, /* 0x5F */
    { 4896, 4, 6, 5, 1 }, /* 0x60 */
    { 4920, 17, 19, 2, 1 }, /* 0x61 */
    { 4992, 17, 18, 2, 1 }, /* 0x62 */
    { 5064, 16, 17, 2, 1 }, /* 0x63 */
    { 5112, 19, 18, 2, 1 }, /* 0x64 */
    { 5184, 16, 18, 3, 1 }, /* 0x65 */
    { 5232, 12, 10, 3, 1 }, /* 0x66 */
    { 5280, 19, 19, 1, 1 }, /* 0x67 */
    { 5352, 17, 19, 2, 1 }, /* 0x68 */
    { 5424, 5, 7, 3, 1 }, /* 0x69 */
    { 5448, 9, 6, -1, 1 }, /* 0x6A */
    { 5496, 15, 16, 2, 1 }, /* 0x6B */
    { 5544, 6, 7, 3, 1 }, /* 0x6C */
    { 5568, 27, 29, 2, 1 }, /* 0x6D */
    { 5664, 17, 19, 2, 1 }, /* 0x6E */
    { 5736, 17, 19, 3, 1 }, /* 0x6F */
    { 5808, 18, 18, 1, 1 }, /* 0x70 */
    { 5880, 18, 19, 2, 1 }, /* 0x71 */
    { 5952, 15, 15, 2, 1 }, /* 0x72 */
    { 6000, 16, 18, 3, 1 }, /* 0x73 */
    { 6048, 13, 14, 3, 1 }, /* 0x74 */
    { 6096, 17, 19, 3, 1 }, /* 0x75 */
    { 6168, 16, 16, 3, 1 }, /* 0x76 */
    { 6216, 24, 24, 3, 1 }, /* 0x77 */
    { 6288, 16, 16, 1, 1 }, /* 0x78 */
    { 6336, 16, 16, 3, 1 }, /* 0x79 */
    { 6384, 17, 16, 1, 1 }, /* 0x7A */
    { 6456, 0, 0, 0, 0 }, /* 0x7B */
    { 6456, 0, 0, 0, 0 }, /* 0x7C */
    { 6456, 0, 0, 0, 0 }, /* 0x7D */
    { 6456, 8, 12, 6, 1 }, /* 0x7E */
    { 6480, 5, 6, 2, 1 }, /* 0x7F */
    { 6504, 0, 0, 0, 0 }, /* 0x80 */
    { 6504, 0, 0, 0, 0 }, /* 0x81 */
    { 6504, 0, 0, 0, 0 }, /* 0x82 */
    { 6504, 0, 0, 0, 0 }, /* 0x83 */
    { 6504, 0, 0, 0, 0 }, /* 0x84 */
    { 6504, 0, 0, 0, 0 }, /* 0x85 */
    { 6504, 0, 0, 0, 0 }, /* 0x86 */
    { 6504, 0, 0, 0, 0 }, /* 0x87 */
    { 6504, 0, 0, 0, 0 }, /* 0x88 */
    { 6504, 0, 0, 0, 0 }, /* 0x89 */
    { 6504, 0, 0, 0, 0 }, /* 0x8A */
    { 6504, 0, 0, 0, 0 }, /* 0x8B */
    { 6504, 0, 0, 0, 0 }, /* 0x8C */
    { 6504, 0, 0, 0, 0 }, /* 0x8D */
    { 6504, 0, 0, 0, 0 }, /* 0x8E */
    { 6504, 0, 0, 0, 0 }, /* 0x8F */
    { 6504, 0, 0, 0, 0 }, /* 0x90 */
    { 6504, 0, 0, 0, 0 }, /* 0x91 */
    { 6504, 0, 0, 0, 0 }, /* 0x92 */
    { 6504, 0, 0, 0, 0 }, /* 0x93 */
    { 6504, 0, 0, 0, 0 }, /* 0x94 */
    { 6504, 0, 0, 0, 0 }, /* 0x95 */
    { 6504, 0, 0, 0, 0 }, /* 0x96 */
    { 6504, 0, 0, 0, 0 }, /* 0x97 */
    { 6504, 0, 0, 0, 0 }, /* 0x98 */
    { 6504, 0, 0, 0, 0 }, /* 0x99 */
    { 6504, 0, 0, 0, 0 }, /* 0x9A */
    { 6504, 0, 0, 0, 0 }, /* 0x9B */
    { 6504, 0, 0, 0, 0 }, /* 0x9C */
    { 6504, 0, 0, 0, 0 }, /* 0x9D */
    { 6504, 0, 0, 0, 0 }, /* 0x9E */
    { 6504, 0, 0, 0, 0 }, /* 0x9F */
    { 6504, 0, 0, 0, 0 }, /* 0xA0 */
    { 6504, 0, 0, 0, 0 }, /* 0xA1 */
    { 6504, 0, 0, 0, 0 }, /* 0xA2 */
    { 6504, 0, 0, 0, 0 }, /* 0xA3 */
    { 6504, 0, 0, 0, 0 }, /* 0xA4 */
    { 6504, 0, 0, 0, 0 }, /* 0xA5 */
    { 6504, 0, 0, 0, 0 }, /* 0xA6 */
    { 6504, 0, 0, 0, 0 }, /* 0xA7 */
};

static const uint8_t eurex24i_bitmap[] = {
    0x00, 0x00, 0x00, 0x00, 0x00, 0x00, 0x00, 0x00, 0x60, 0xE0, 0x40, 0x00, 0x00, 0x00, 0x00, 0x00,
    0x00, 0x00, 0x00, 0x00, 0x00, 0x00, 0x00, 0x00, 0x00, 0x00, 0x00, 0x00, 0x00, 0x00, 0x00, 0x00,
    0x00, 0x00, 0x00, 0x00, 0x00, 0x00, 0x00, 0x00, 0x00, 0x00, 0xFC, 0x40, 0x26, 0xC0, 0x25, 0x40,
    0x25, 0x40, 0x00, 0x00, 0x00, 0x00, 0x00, 0x00, 0x00, 0x00, 0x00, 0x00, 0x00, 0x00, 0x00, 0x00,
    0x00, 0x00, 0x00, 0x00, 0x00, 0x00, 0x00, 0x00, 0x00, 0x00, 0x03, 0xF3, 0x07, 0xF3, 0x0C, 0x06,
    0x08, 0x00, 0x18, 0x00, 0xFF, 0xE6, 0xFF, 0xEC, 0x10, 0x0C, 0x30, 0x0C, 0x30, 0x0C, 0x30, 0x18,
    0x60, 0x18, 0x60, 0x18, 0x60, 0x30, 0x60, 0x30, 0xC0, 0x30, 0xC0, 0x30, 0x00, 0x00, 0x00, 0x00,
    0x00, 0x00, 0x00, 0x00, 0x00, 0x00, 0x00, 0x00, 0x00, 0x00, 0x03, 0xF3, 0x07, 0xF3, 0x0C, 0x06,
    0x08, 0x06, 0x18, 0x06, 0xFF, 0xE6, 0xFF, 0xEC, 0x10, 0x0C, 0x30, 0x0C, 0x30, 0x0C, 0x30, 0x18,
    0x60, 0x18, 0x60, 0x18, 0x60, 0x30, 0x60, 0x30, 0xC0, 0x30, 0xC0, 0x30, 0x00, 0x00, 0x00, 0x00,
    0x00, 0x00, 0x00, 0x00, 0x00, 0x00, 0x00, 0x00, 0x0F, 0x00, 0x30, 0xC0, 0x40, 0x20, 0x4F, 0x20,
    0x88, 0x90, 0x89, 0x90, 0x9E, 0x10, 0x91, 0x10, 0x53, 0x20, 0x40, 0x20, 0x30, 0xC0, 0x0F, 0x00,
    0x00, 0x00, 0x00, 0x00, 0x00, 0x00, 0x00, 0x00, 0x00, 0x00, 0x00, 0x00, 0x00, 0x00, 0x00, 0x00,
    0x00, 0x00, 0x00, 0x00, 0x00, 0x00, 0x00, 0x00, 0x00, 0x00, 0x00, 0x00, 0xFC, 0x40, 0x26, 0xC0,
    0x25, 0x40, 0x25, 0x40, 0x00, 0x00, 0x00, 0x00, 0x00, 0x00, 0x00, 0x00, 0x00, 0x00, 0x00, 0x00,
    0x00, 0x00, 0x00, 0x00, 0x00, 0x00, 0x00, 0x00, 0x00, 0x00, 0x00, 0x00, 0x00, 0x00, 0x00, 0x00,
    0x00, 0x00, 0x00, 0x00, 0x00, 0x00, 0x00, 0x00, 0x00, 0x00, 0x00, 0x00, 0x00, 0x00, 0x00, 0x00,
    0x00, 0x00, 0x00, 0x00, 0x00, 0x00, 0x00, 0x00, 0x00, 0x00, 0x00, 0x00, 0x00, 0x00, 0x7F, 0xF8,
    0xFF, 0xF8, 0x00, 0x00, 0x00, 0x00, 0x00, 0x00, 0x00, 0x00, 0x00, 0x00, 0x00, 0x00, 0x00, 0x00,
    0x00, 0x00, 0x00, 0x00, 0x00, 0x00, 0x00, 0x00, 0x00, 0x00, 0x00, 0x00, 0x00, 0x00, 0x00, 0x00,
    0x00, 0x00, 0x00, 0x00, 0x00, 0x00, 0x00, 0x00, 0x00, 0x00, 0x00, 0x00, 0x00, 0x00, 0xFF, 0xFF,
    0xFF, 0xFE, 0x00, 0x00, 0x00, 0x00, 0x00, 0x00, 0x00, 0x00, 0x00, 0x00, 0x00, 0x00, 0x00, 0x00,
    0x00, 0x00, 0x00, 0x00, 0x00, 0x00, 0x00, 0x00, 0x00, 0x30, 0x60, 0xC0, 0x00, 0x00, 0x00, 0x00,
    0x00, 0x00, 0x00, 0x00, 0x00, 0x00, 0x00, 0x00, 0x00, 0x00, 0x00, 0x00, 0x00, 0x00, 0x00, 0x00,
    0x00, 0xC0, 0xC0, 0x60, 0x00, 0x00, 0x00, 0x00, 0x00, 0x00, 0x00, 0x00, 0x00, 0x00, 0x00, 0x00,
    0x00, 0x00, 0x00, 0x00, 0x00, 0x00, 0x00, 0x00, 0x00, 0x00, 0x03, 0x00, 0x03, 0x00, 0x02, 0x00,
    0x06, 0x00, 0xFF, 0xF0, 0xFF, 0xF0, 0x04, 0x00, 0x0C, 0x00, 0x0C, 0x00, 0x0C, 0x00, 0x08, 0x00,
    0x18, 0x00, 0x18, 0x00, 0x18, 0x00, 0x10, 0x00, 0x30, 0x00, 0x30, 0x00, 0x00, 0x00, 0x00, 0x00,
    0x00, 0x00, 0x00, 0x00, 0x00, 0x00, 0x00, 0x00, 0x00, 0x00, 0x00, 0xC0, 0x00, 0xC0, 0x00, 0x80,
    0x01, 0x80, 0x3F, 0xFC, 0x01, 0x80, 0x01, 0x00, 0x03, 0x00, 0x03, 0x00, 0x03, 0x00, 0x02, 0x00,
    0xFF, 0xF0, 0xFF, 0xF0, 0x06, 0x00, 0x04, 0x00, 0x0C, 0x00, 0x0C, 0x00, 0x00, 0x00, 0x00, 0x00,
    0x00, 0x00, 0x00, 0x00, 0x00, 0x00, 0x00, 0x00, 0x00, 0x00, 0x0F, 0xFE, 0x1C, 0x03, 0x18, 0x02,
    0x18, 0x00, 0x1F, 0x80, 0x1F, 0xFC, 0x20, 0x3F, 0x60, 0x03, 0x60, 0x03, 0x7E, 0x06, 0x3F, 0xFC,
    0x01, 0xF8, 0x00, 0x1C, 0x40, 0x0C, 0xC0, 0x18, 0xFF, 0xF8, 0x7F, 0xF0, 0x00, 0x00, 0x00, 0x00,
    0x00, 0x00, 0x00, 0x00, 0x00, 0x00, 0x00, 0x00, 0x00, 0x00, 0x00, 0x00, 0x00, 0x00, 0x00, 0x0C,
    0x00, 0x0C, 0x00, 0x18, 0x0F, 0xFE, 0x1F, 0xFF, 0x30, 0x63, 0x60, 0x63, 0x60, 0xC0, 0x60, 0xC0,
    0x61, 0x80, 0xC1, 0x86, 0xC3, 0x06, 0xE2, 0x0E, 0x7F, 0xFC, 0x3F, 0xF0, 0x0C, 0x00, 0x18, 0x00,
    0x18, 0x00, 0x00, 0x00, 0x00, 0x00, 0x00, 0x00, 0x00, 0x00, 0x00, 0x00, 0xFF, 0xF8, 0x01, 0xFF,
    0xFC, 0x03, 0x80, 0x0C, 0x03, 0x00, 0x0C, 0x03, 0x00, 0x0C, 0x06, 0x00, 0x00, 0x06, 0x00, 0x00,
    0x06, 0x00, 0x00, 0x3F, 0xFE, 0x00, 0x7F, 0xFE, 0x00, 0x0C, 0x00, 0x00, 0x0C, 0x00, 0x00, 0x0C,
    0x00, 0x00, 0x18, 0x00, 0x00, 0x38, 0x00, 0x00, 0xFF, 0xFF, 0xE0, 0xFF, 0xFF, 0xE0, 0x00, 0x00,
    0x00, 0x00, 0x00, 0x00, 0x00, 0x00, 0x00, 0x00, 0x00, 0x00, 0x00, 0x00, 0x00, 0x00, 0x00, 0x00,
    0x00, 0x00, 0x00, 0x04, 0x00, 0x0C, 0x00, 0x18, 0x00, 0x30, 0x00, 0x60, 0x00, 0x40, 0x00, 0xC0,
    0x01, 0x80, 0x03, 0x00, 0x06, 0x00, 0x04, 0x00, 0x08, 0x00, 0x18, 0x00, 0x30, 0x00, 0x60, 0x00,
    0xC0, 0x00, 0x80, 0x00, 0x00, 0x00, 0x00, 0x00, 0x00, 0x00, 0x00, 0x00, 0x00, 0x00, 0x00, 0x00,
    0x00, 0x66, 0x66, 0xCC, 0x00, 0x00, 0x00, 0x00, 0x00, 0x00, 0x00, 0x00, 0x00, 0x00, 0x00, 0x00,
    0x00, 0x00, 0x00, 0x00, 0x00, 0x00, 0x00, 0x00, 0x00, 0xC6, 0x4C, 0x78, 0x70, 0x00, 0x00, 0x00,
    0x00, 0x00, 0x00, 0x00, 0x00, 0x00, 0x00, 0x00, 0x00, 0x00, 0x00, 0x00, 0x00, 0x00, 0x00, 0x00,
    0x00, 0x00, 0x00, 0x00, 0x00, 0x00, 0x00, 0x00, 0x00, 0x00, 0x00, 0x00, 0x00, 0x00, 0x00, 0x00,
    0x00, 0x00, 0x10, 0x10, 0x3E, 0x02, 0xFE, 0xFC, 0x00, 0x82, 0xC4, 0xFC, 0x00, 0x00, 0x00, 0x00,
    0x00, 0x00, 0x00, 0x00, 0x00, 0x00, 0x00, 0x00, 0x00, 0x00, 0x00, 0x00, 0x00, 0x00, 0x00, 0x00,
    0x00, 0x00, 0xFC, 0x00, 0x00, 0x00, 0x00, 0x00, 0x00, 0x00, 0x00, 0x00, 0x00, 0x00, 0x00, 0x00,
    0x00, 0x00, 0x00, 0x00, 0x00, 0x00, 0x00, 0x00, 0x00, 0x00, 0x00, 0x00, 0x00, 0x00, 0x00, 0x00,
    0x18, 0x30, 0x60, 0xC0, 0xC0, 0xC0, 0x60, 0x60, 0x00, 0x00, 0x00, 0x00, 0x00, 0x00, 0x00, 0x00,
    0x00, 0x00, 0x00, 0x00, 0x00, 0x00, 0x00, 0x00, 0x30, 0x18, 0x18, 0x0C, 0x18, 0x30, 0x60, 0xC0,
    0x00, 0x00, 0x00, 0x00, 0x00, 0x00, 0x00, 0x00, 0x00, 0x00, 0x00, 0x00, 0x00, 0x00, 0x00, 0x00,
    0x00, 0x00, 0x00, 0x00, 0x00, 0x00, 0x00, 0x00, 0x18, 0xE0, 0x31, 0xC0, 0x63, 0x80, 0xC7, 0x00,
    0xC7, 0x00, 0x63, 0x00, 0x63, 0x80, 0x31, 0x80, 0x00, 0x00, 0x00, 0x00, 0x00, 0x00, 0x00, 0x00,
    0x00, 0x00, 0x00, 0x00, 0x00, 0x00, 0x00, 0x00, 0x00, 0x00, 0x00, 0x00, 0x00, 0x00, 0x00, 0x00,
    0x00, 0x00, 0x00, 0x00, 0x00, 0x00, 0x00, 0x00, 0x31, 0x80, 0x38, 0xC0, 0x18, 0xC0, 0x1C, 0x60,
    0x18, 0xC0, 0x31, 0x80, 0x63, 0x00, 0xC6, 0x00, 0x00, 0x00, 0x00, 0x00, 0x00, 0x00, 0x00, 0x00,
    0x00, 0x00, 0x00, 0x00, 0x00, 0x00, 0x00, 0x00, 0x00, 0x00, 0x00, 0x00, 0x3F, 0x82, 0x00, 0x00,
    0x71, 0xC6, 0x00, 0x00, 0x40, 0xCC, 0x00, 0x00, 0x40, 0x88, 0x00, 0x00, 0xC0, 0x98, 0x00, 0x00,
    0xC1, 0x90, 0x00, 0x00, 0xC1, 0x30, 0x00, 0x00, 0xFF, 0x60, 0x00, 0x00, 0x7E, 0x47, 0xC1, 0xF0,
    0x00, 0xDF, 0xE7, 0xF8, 0x00, 0x90, 0x2C, 0x18, 0x01, 0xB0, 0x6C, 0x18, 0x03, 0x30, 0x68, 0x18,
    0x02, 0x20, 0x48, 0x10, 0x06, 0x20, 0x58, 0x30, 0x04, 0x60, 0xD8, 0x30, 0x0C, 0x3F, 0x9F, 0xE0,
    0x00, 0x00, 0x00, 0x00, 0x00, 0x00, 0x00, 0x00, 0x00, 0x00, 0x00, 0x00, 0x00, 0x00, 0x00, 0x00,
    0x00, 0x00, 0x00, 0x00, 0x00, 0x00, 0x00, 0x00, 0x00, 0x00, 0x73, 0x80, 0x42, 0x00, 0xE7, 0x00,
    0xE7, 0x00, 0xE7, 0x00, 0x00, 0x00, 0x00, 0x00, 0x00, 0x00, 0x00, 0x00, 0x00, 0x00, 0x00, 0x00,
    0x00, 0x00, 0x00, 0x00, 0x00, 0x00, 0x00, 0x00, 0x00, 0x00, 0x00, 0x00, 0x00, 0x00, 0x00, 0x00,
    0x00, 0x00, 0x00, 0x00, 0x00, 0x00, 0x00, 0x00, 0x00, 0x00, 0x00, 0x00, 0x00, 0x00, 0x00, 0x00,
    0x00, 0x00, 0x00, 0x00, 0x00, 0x00, 0x00, 0x00, 0x00, 0x00, 0x00, 0x00, 0x00, 0x00, 0x00, 0x00,
    0x00, 0x00, 0x00, 0x00, 0x00, 0x00, 0x73, 0x80, 0x73, 0x80, 0x73, 0x00, 0x21, 0x00, 0xE7, 0x00,
    0xC6, 0x00, 0x00, 0x00, 0x00, 0x00, 0x00, 0x00, 0x00, 0x00, 0x00, 0x00, 0x00, 0x00, 0x1F, 0xC0,
    0x00, 0x00, 0x7C, 0xC0, 0x00, 0x00, 0xE0, 0x00, 0x00, 0x00, 0xC0, 0x00, 0x00, 0x01, 0x80, 0x00,
    0x00, 0x03, 0x80, 0x00, 0x00, 0x03, 0x00, 0x00, 0x00, 0x07, 0x00, 0x00, 0x00, 0xFF, 0xF0, 0x00,
    0x00, 0x0E, 0x00, 0x00, 0x00, 0x0C, 0x00, 0x00, 0x00, 0x1C, 0x00, 0x00, 0x00, 0x18, 0x00, 0x00,
    0x00, 0x38, 0x00, 0x00, 0x00, 0x30, 0x00, 0x00, 0x00, 0x70, 0x00, 0x00, 0x00, 0x60, 0x00, 0x00,
    0x00, 0xC0, 0x00, 0x00, 0x01, 0xC0, 0x00, 0x00, 0xCF, 0x80, 0x00, 0x00, 0xFE, 0x00, 0x00, 0x00,
    0x00, 0x00, 0x00, 0x00, 0x00, 0x00, 0x00, 0x00, 0x00, 0x00, 0x00, 0x03, 0xFF, 0x80, 0x07, 0x03,
    0xC0, 0x0C, 0x00, 0xC0, 0x0C, 0x00, 0xC0, 0x18, 0x00, 0xC0, 0x18, 0x01, 0x80, 0x18, 0x03, 0x80,
    0x30, 0xFE, 0x00, 0x30, 0x07, 0x00, 0x30, 0x01, 0x80, 0x30, 0x01, 0x80, 0x60, 0x01, 0x80, 0x60,
    0x03, 0x00, 0x60, 0x03, 0x00, 0x60, 0x03, 0x00, 0xC2, 0x1E, 0x00, 0xC3, 0xFC, 0x00, 0x00, 0x00,
    0x00, 0x00, 0x00, 0x00, 0x00, 0x00, 0x00, 0x00, 0x00, 0x00, 0x00, 0x00, 0x00, 0x00, 0x00, 0x00,
    0x00, 0x00, 0x00, 0x00, 0x00, 0x00, 0x00, 0x00, 0x00, 0x00, 0x00, 0x00, 0x00, 0x00, 0x00, 0x00,
    0x00, 0x00, 0x00, 0x1C, 0x00, 0x00, 0x1C, 0x00, 0x00, 0x18, 0x00, 0x00, 0x00, 0x00, 0x00, 0x00,
    0x00, 0x00, 0x30, 0x00, 0x01, 0xF0, 0x00, 0x1F, 0xE0, 0x00, 0x3C, 0x00, 0x00, 0x60, 0x00, 0x00,
    0x60, 0x00, 0x00, 0xC0, 0x01, 0x80, 0xC0, 0x01, 0x80, 0xC0, 0x03, 0x00, 0xF8, 0x1F, 0x00, 0x7F,
    0xFE, 0x00, 0x00, 0x00, 0x00, 0x00, 0x00, 0x00, 0x00, 0x00, 0x00, 0x00, 0x00, 0x00, 0x1C, 0x18,
    0x18, 0x00, 0x00, 0x30, 0x30, 0x20, 0x60, 0x60, 0x60, 0x60, 0xC0, 0xC0, 0xC0, 0xC0, 0x00, 0x00,
    0x00, 0x04, 0x0C, 0x0C, 0x0C, 0x08, 0x18, 0x18, 0x18, 0x18, 0x30, 0x30, 0x30, 0x00, 0x00, 0x60,
    0x60, 0xE0, 0x00, 0x00, 0x00, 0x00, 0x00, 0x00, 0x00, 0x00, 0x73, 0x80, 0x73, 0x80, 0x63, 0x00,
    0x63, 0x00, 0xE7, 0x00, 0x84, 0x00, 0x00, 0x00, 0x00, 0x00, 0x00, 0x00, 0x00, 0x00, 0x00, 0x00,
    0x00, 0x00, 0x00, 0x00, 0x00, 0x00, 0x00, 0x00, 0x00, 0x00, 0x00, 0x00, 0x00, 0x00, 0x00, 0x00,
    0x00, 0x00, 0x00, 0x00, 0x00, 0x00, 0x00, 0x00, 0x00, 0x04, 0x00, 0x03, 0xFF, 0xF8, 0x0F, 0xFF,
    0xFC, 0x1C, 0x0C, 0x0C, 0x18, 0x08, 0x0C, 0x18, 0x18, 0x0C, 0x30, 0x18, 0x00, 0x38, 0x18, 0x00,
    0x1F, 0xFF, 0xE0, 0x0F, 0xFF, 0xF0, 0x00, 0x30, 0x38, 0x00, 0x30, 0x18, 0x60, 0x20, 0x30, 0x60,
    0x60, 0x30, 0xE0, 0x60, 0x30, 0xE0, 0x60, 0x60, 0x7F, 0xFF, 0xC0, 0x3F, 0xFF, 0x00, 0x00, 0xC0,
    0x00, 0x00, 0x00, 0x00, 0x00, 0x00, 0x00, 0x00, 0x00, 0x00, 0x00, 0x00, 0x00, 0x00, 0x00, 0x00,
    0x00, 0x00, 0x00, 0x00, 0x1F, 0xF8, 0x10, 0x00, 0x3F, 0xFC, 0x30, 0x00, 0x30, 0x0C, 0x60, 0x00,
    0x60, 0x0C, 0x40, 0x00, 0x60, 0x0C, 0xC0, 0x00, 0x60, 0x08, 0x80, 0x00, 0x40, 0x19, 0xBF, 0xF0,
    0xC0, 0x1B, 0x7F, 0xF8, 0xC0, 0x12, 0x60, 0x18, 0xFF, 0xF6, 0xC0, 0x18, 0x7F, 0xE4, 0xC0, 0x18,
    0x00, 0x0C, 0xC0, 0x18, 0x00, 0x08, 0x80, 0x30, 0x00, 0x19, 0x80, 0x30, 0x00, 0x31, 0x80, 0x20,
    0x00, 0x21, 0xFF, 0xE0, 0x00, 0x60, 0xFF, 0xC0, 0x00, 0x00, 0x00, 0x00, 0x00, 0x00, 0x00, 0x00,
    0x00, 0x00, 0x00, 0x00, 0x00, 0x00, 0x00, 0x00, 0x00, 0x00, 0x00, 0x00, 0x00, 0x00, 0x00, 0x00,
    0x00, 0x00, 0x00, 0x03, 0xFF, 0xF0, 0x07, 0xFF, 0xF8, 0x06, 0x00, 0x18, 0x0E, 0x00, 0x18, 0x0C,
    0x00, 0x38, 0x0E, 0x00, 0x00, 0x07, 0x80, 0x00, 0x1F, 0xC0, 0x00, 0x70, 0xF0, 0x18, 0x60, 0x7C,
    0x18, 0xE0, 0x1E, 0x18, 0xC0, 0x07, 0x98, 0xC0, 0x03, 0xF0, 0xC0, 0x00, 0xF0, 0xC0, 0x00, 0x7C,
    0xFF, 0xFF, 0xFE, 0x7F, 0xFF, 0x84, 0x00, 0x00, 0x00, 0x00, 0x00, 0x00, 0x00, 0x00, 0x00, 0x00,
    0x00, 0x00, 0x00, 0x00, 0x00, 0x00, 0x00, 0x00, 0x00, 0x70, 0x70, 0x60, 0x60, 0xE0, 0x80, 0x00,
    0x00, 0x00, 0x00, 0x00, 0x00, 0x00, 0x00, 0x00, 0x00, 0x00, 0x00, 0x00, 0x00, 0x00, 0x00, 0x00,
    0x00, 0x00, 0x0F, 0x80, 0x1F, 0x80, 0x18, 0x00, 0x30, 0x00, 0x30, 0x00, 0x30, 0x00, 0x60, 0x00,
    0x60, 0x00, 0x60, 0x00, 0x60, 0x00, 0xC0, 0x00, 0xC0, 0x00, 0xC0, 0x00, 0xC0, 0x00, 0xC0, 0x00,
    0xF8, 0x00, 0x78, 0x00, 0x00, 0x00, 0x00, 0x00, 0x00, 0x00, 0x00, 0x00, 0x00, 0x00, 0x00, 0x00,
    0x00, 0x00, 0x0F, 0x00, 0x0F, 0x80, 0x01, 0x80, 0x01, 0x80, 0x01, 0x80, 0x03, 0x00, 0x03, 0x00,
    0x03, 0x00, 0x03, 0x00, 0x06, 0x00, 0x06, 0x00, 0x06, 0x00, 0x06, 0x00, 0x0C, 0x00, 0x0C, 0x00,
    0xF8, 0x00, 0xF0, 0x00, 0x00, 0x00, 0x00, 0x00, 0x00, 0x00, 0x00, 0x00, 0x00, 0x00, 0x00, 0x00,
    0x00, 0x00, 0x19, 0x80, 0x19, 0x80, 0x0A, 0x00, 0x0C, 0x00, 0xFF, 0xC0, 0x0C, 0x00, 0x14, 0x00,
    0x66, 0x00, 0x66, 0x00, 0x00, 0x00, 0x00, 0x00, 0x00, 0x00, 0x00, 0x00, 0x00, 0x00, 0x00, 0x00,
    0x00, 0x00, 0x00, 0x00, 0x00, 0x00, 0x00, 0x00, 0x00, 0x00, 0x00, 0x00, 0x00, 0x00, 0x00, 0x00,
    0x00, 0x00, 0x00, 0x00, 0x00, 0x00, 0x00, 0x00, 0x00, 0x00, 0x00, 0x00, 0x00, 0x00, 0x00, 0x30,
    0x70, 0x70, 0x30, 0x60, 0xC0, 0x00, 0x00, 0x00, 0x00, 0x00, 0x00, 0x00, 0x00, 0x00, 0x00, 0x00,
    0x00, 0x00, 0x00, 0x7F, 0xFE, 0x00, 0x00, 0x00, 0x00, 0x00, 0x00, 0x00, 0x00, 0x00, 0x00, 0x00,
    0x00, 0x00, 0x00, 0x00, 0x00, 0x00, 0x00, 0x00, 0x00, 0x00, 0x00, 0x00, 0x00, 0x00, 0x00, 0x60,
    0xE0, 0xE0, 0x00, 0x00, 0x00, 0x00, 0x00, 0x00, 0x00, 0x00, 0x00, 0x0C, 0x00, 0x18, 0x00, 0x30,
    0x00, 0x20, 0x00, 0x40, 0x00, 0xC0, 0x01, 0x80, 0x03, 0x00, 0x02, 0x00, 0x06, 0x00, 0x0C, 0x00,
    0x18, 0x00, 0x10, 0x00, 0x20, 0x00, 0x60, 0x00, 0xC0, 0x00, 0x80, 0x00, 0x00, 0x00, 0x00, 0x00,
    0x00, 0x00, 0x00, 0x00, 0x00, 0x00, 0x00, 0x00, 0x00, 0x00, 0x00, 0x03, 0xFF, 0xE0, 0x0F, 0xFF,
    0xF0, 0x1C, 0x00, 0x38, 0x30, 0x00, 0x18, 0x30, 0x00, 0x18, 0x60, 0x00, 0x18, 0x60, 0x00, 0x38,
    0x60, 0x00, 0x30, 0x60, 0x00, 0x30, 0xC0, 0x00, 0x30, 0xC0, 0x00, 0x60, 0xC0, 0x00, 0x60, 0xC0,
    0x00, 0x60, 0xC0, 0x00, 0xC0, 0xC0, 0x01, 0xC0, 0xFF, 0xFF, 0x80, 0x7F, 0xFE, 0x00, 0x00, 0x00,
    0x00, 0x00, 0x00, 0x00, 0x00, 0x00, 0x00, 0x00, 0x00, 0x00, 0x00, 0x00, 0x00, 0x00, 0x00, 0x00,
    0x00, 0x00, 0x00, 0xE0, 0x03, 0xE0, 0x07, 0xC0, 0x1E, 0xC0, 0x38, 0xC0, 0xE0, 0xC0, 0xC1, 0x80,
    0x01, 0x80, 0x01, 0x80, 0x01, 0x80, 0x03, 0x00, 0x03, 0x00, 0x03, 0x00, 0x03, 0x00, 0x06, 0x00,
    0x06, 0x00, 0x06, 0x00, 0x00, 0x00, 0x00, 0x00, 0x00, 0x00, 0x00, 0x00, 0x00, 0x00, 0x00, 0x00,
    0x00, 0x00, 0x00, 0x01, 0xFF, 0xF0, 0x07, 0xFF, 0xF8, 0x0E, 0x00, 0x1C, 0x0C, 0x00, 0x0C, 0x18,
    0x00, 0x0C, 0x18, 0x00, 0x1C, 0x00, 0x00, 0x18, 0x00, 0x00, 0x38, 0x00, 0x03, 0xF0, 0x0F, 0xFF,
    0xE0, 0x1F, 0xF8, 0x00, 0x30, 0x00, 0x00, 0x60, 0x00, 0x00, 0x60, 0x00, 0x00, 0xE0, 0x00, 0x00,
    0xFF, 0xFF, 0xE0, 0xFF, 0xFF, 0xE0, 0x00, 0x00, 0x00, 0x00, 0x00, 0x00, 0x00, 0x00, 0x00, 0x00,
    0x00, 0x00, 0x00, 0x00, 0x00, 0x00, 0x00, 0x00, 0x00, 0x00, 0x00, 0x03, 0xFF, 0xF0, 0x07, 0xFF,
    0xFC, 0x0E, 0x00, 0x1C, 0x18, 0x00, 0x0C, 0x18, 0x00, 0x0C, 0x00, 0x00, 0x18, 0x00, 0x00, 0x18,
    0x00, 0x7F, 0xF0, 0x00, 0x7F, 0xE0, 0x00, 0x00, 0x30, 0x00, 0x00, 0x30, 0x60, 0x00, 0x30, 0x60,
    0x00, 0x30, 0xE0, 0x00, 0x70, 0xE0, 0x00, 0x60, 0x7F, 0xFF, 0xC0, 0x3F, 0xFF, 0x80, 0x00, 0x00,
    0x00, 0x00, 0x00, 0x00, 0x00, 0x00, 0x00, 0x00, 0x00, 0x00, 0x00, 0x00, 0x00, 0x00, 0x00, 0x00,
    0x00, 0x00, 0x00, 0x00, 0x00, 0x78, 0x00, 0x00, 0xF8, 0x00, 0x03, 0xB0, 0x00, 0x07, 0x30, 0x00,
    0x1C, 0x30, 0x00, 0x38, 0x30, 0x00, 0xE0, 0x60, 0x03, 0x80, 0x60, 0x07, 0x00, 0x60, 0x1C, 0x00,
    0x60, 0x38, 0x00, 0xC0, 0x60, 0x00, 0xC0, 0xFF, 0xFF, 0xF8, 0xFF, 0xFF, 0xF0, 0x00, 0x01, 0x80,
    0x00, 0x01, 0x80, 0x00, 0x01, 0x80, 0x00, 0x00, 0x00, 0x00, 0x00, 0x00, 0x00, 0x00, 0x00, 0x00,
    0x00, 0x00, 0x00, 0x00, 0x00, 0x00, 0x00, 0x00, 0x00, 0x00, 0x00, 0x1F, 0xFF, 0xF8, 0x1F, 0xFF,
    0xF8, 0x18, 0x00, 0x00, 0x18, 0x00, 0x00, 0x30, 0x00, 0x00, 0x31, 0xFF, 0x00, 0x3F, 0xFF, 0xC0,
    0x38, 0x00, 0xE0, 0x70, 0x00, 0x30, 0x00, 0x00, 0x30, 0x00, 0x00, 0x30, 0x00, 0x00, 0x60, 0xC0,
    0x00, 0x60, 0xC0, 0x00, 0xE0, 0xE0, 0x01, 0xC0, 0xFF, 0xFF, 0x80, 0x7F, 0xFE, 0x00, 0x00, 0x00,
    0x00, 0x00, 0x00, 0x00, 0x00, 0x00, 0x00, 0x00, 0x00, 0x00, 0x00, 0x00, 0x00, 0x00, 0x00, 0x00,
    0x00, 0x00, 0x00, 0x03, 0xFF, 0xE0, 0x0F, 0xFF, 0xF8, 0x1C, 0x00, 0x38, 0x18, 0x00, 0x18, 0x30,
    0x00, 0x18, 0x30, 0x00, 0x00, 0x30, 0x00, 0x00, 0x77, 0xFF, 0xC0, 0x6F, 0xFF, 0xE0, 0x70, 0x00,
    0x60, 0x60, 0x00, 0x60, 0xE0, 0x00, 0x60, 0xC0, 0x00, 0x60, 0xC0, 0x00, 0xC0, 0xE0, 0x01, 0xC0,
    0xFF, 0xFF, 0x80, 0x3F, 0xFE, 0x00, 0x00, 0x00, 0x00, 0x00, 0x00, 0x00, 0x00, 0x00, 0x00, 0x00,
    0x00, 0x00, 0x00, 0x00, 0x00, 0x00, 0x00, 0x00, 0x00, 0x00, 0x00, 0xFF, 0xFF, 0xF0, 0xFF, 0xFF,
    0xF0, 0x00, 0x00, 0x60, 0x00, 0x00, 0xC0, 0x00, 0x03, 0x80, 0x00, 0x07, 0x00, 0x00, 0x0E, 0x00,
    0x00, 0x1C, 0x00, 0x00, 0x38, 0x00, 0x00, 0x70, 0x00, 0x01, 0xC0, 0x00, 0x03, 0x80, 0x00, 0x07,
    0x00, 0x00, 0x0E, 0x00, 0x00, 0x1C, 0x00, 0x00, 0x38, 0x00, 0x00, 0x70, 0x00, 0x00, 0x00, 0x00,
    0x00, 0x00, 0x00, 0x00, 0x00, 0x00, 0x00, 0x00, 0x00, 0x00, 0x00, 0x00, 0x00, 0x00, 0x00, 0x00,
    0x00, 0x00, 0x00, 0x07, 0xFF, 0xF0, 0x0F, 0xFF, 0xF8, 0x1C, 0x00, 0x38, 0x38, 0x00, 0x18, 0x30,
    0x00, 0x18, 0x30, 0x00, 0x30, 0x30, 0x00, 0x30, 0x3F, 0xFF, 0xE0, 0x3F, 0xFF, 0xC0, 0x70, 0x00,
    0xE0, 0xE0, 0x00, 0x60, 0xC0, 0x00, 0x60, 0xC0, 0x00, 0x60, 0xC0, 0x00, 0xE0, 0xC0, 0x01, 0xC0,
    0xFF, 0xFF, 0x80, 0x7F, 0xFF, 0x00, 0x00, 0x00, 0x00, 0x00, 0x00, 0x00, 0x00, 0x00, 0x00, 0x00,
    0x00, 0x00, 0x00, 0x00, 0x00, 0x00, 0x00, 0x00, 0x00, 0x00, 0x00, 0x03, 0xFF, 0xE0, 0x0F, 0xFF,
    0xF0, 0x1C, 0x00, 0x38, 0x38, 0x00, 0x18, 0x30, 0x00, 0x18, 0x30, 0x00, 0x38, 0x30, 0x00, 0x30,
    0x70, 0x00, 0x70, 0x3F, 0xFF, 0xB0, 0x1F, 0xFF, 0x70, 0x00, 0x00, 0x60, 0x00, 0x00, 0x60, 0xC0,
    0x00, 0xE0, 0xC0, 0x00, 0xC0, 0xC0, 0x01, 0xC0, 0xFF, 0xFF, 0x80, 0x7F, 0xFE, 0x00, 0x00, 0x00,
    0x00, 0x00, 0x00, 0x00, 0x00, 0x00, 0x00, 0x00, 0x00, 0x00, 0x00, 0x00, 0x00, 0x00, 0x00, 0x00,
    0x00, 0x00, 0x00, 0x00, 0x00, 0x00, 0x1C, 0x1C, 0x18, 0x00, 0x00, 0x00, 0x00, 0x00, 0x00, 0x60,
    0xE0, 0xE0, 0x00, 0x00, 0x00, 0x00, 0x00, 0x00, 0x00, 0x00, 0x00, 0x00, 0x00, 0x00, 0x0E, 0x0E,
    0x0C, 0x00, 0x00, 0x00, 0x00, 0x00, 0x00, 0x30, 0x70, 0x70, 0x30, 0x60, 0xC0, 0x00, 0x00, 0x00,
    0x00, 0x00, 0x00, 0x1F, 0xFF, 0x00, 0x3F, 0xFF, 0x80, 0x60, 0x01, 0x80, 0x60, 0x01, 0x80, 0xC0,
    0x01, 0x80, 0x00, 0x03, 0x00, 0x00, 0x03, 0x00, 0x00, 0x1E, 0x00, 0x01, 0xFC, 0x00, 0x07, 0xE0,
    0x00, 0x06, 0x00, 0x00, 0x06, 0x00, 0x00, 0x00, 0x00, 0x00, 0x00, 0x00, 0x00, 0x0C, 0x00, 0x00,
    0x1C, 0x00, 0x00, 0x1C, 0x00, 0x00, 0x00, 0x00, 0x00, 0x00, 0x00, 0x00, 0x00, 0x00, 0x00, 0x00,
    0x00, 0x00, 0x00, 0x00, 0x00, 0x00, 0x00, 0x00, 0x00, 0x00, 0x00, 0x00, 0x03, 0x80, 0x00, 0x07,
    0xC0, 0x00, 0x0E, 0xC0, 0x00, 0x0C, 0xC0, 0x00, 0x18, 0xE0, 0x00, 0x30, 0x60, 0x00, 0x60, 0x60,
    0x00, 0xE0, 0x70, 0x01, 0xC0, 0x30, 0x03, 0x80, 0x30, 0x07, 0x00, 0x38, 0x07, 0xFF, 0xF8, 0x0F,
    0xFF, 0xFC, 0x18, 0x00, 0x1C, 0x38, 0x00, 0x0C, 0x70, 0x00, 0x0E, 0xE0, 0x00, 0x0E, 0x00, 0x00,
    0x00, 0x00, 0x00, 0x00, 0x00, 0x00, 0x00, 0x00, 0x00, 0x00, 0x00, 0x00, 0x00, 0x00, 0x00, 0x00,
    0x00, 0x00, 0x00, 0x0F, 0xFF, 0xFC, 0x0F, 0xFF, 0xFE, 0x0C, 0x00, 0x0E, 0x0C, 0x00, 0x06, 0x1C,
    0x00, 0x06, 0x18, 0x00, 0x0C, 0x18, 0x00, 0x0C, 0x1F, 0xFF, 0xF0, 0x3F, 0xFF, 0xF8, 0x30, 0x00,
    0x1C, 0x30, 0x00, 0x1C, 0x30, 0x00, 0x18, 0x60, 0x00, 0x18, 0x60, 0x00, 0x18, 0x60, 0x00, 0x30,
    0x7F, 0xFF, 0xF0, 0xFF, 0xFF, 0xC0, 0x00, 0x00, 0x00, 0x00, 0x00, 0x00, 0x00, 0x00, 0x00, 0x00,
    0x00, 0x00, 0x00, 0x00, 0x00, 0x00, 0x00, 0x00, 0x00, 0x00, 0x00, 0x03, 0xFF, 0xF0, 0x0F, 0xFF,
    0xF8, 0x1C, 0x00, 0x1C, 0x38, 0x00, 0x0C, 0x30, 0x00, 0x0C, 0x30, 0x00, 0x0C, 0x70, 0x00, 0x00,
    0x60, 0x00, 0x00, 0x60, 0x00, 0x00, 0x60, 0x00, 0x00, 0xE0, 0x00, 0x00, 0xC0, 0x00, 0x30, 0xC0,
    0x00, 0x30, 0xC0, 0x00, 0x70, 0xE0, 0x00, 0xE0, 0xFF, 0xFF, 0xC0, 0x3F, 0xFF, 0x00, 0x00, 0x00,
    0x00, 0x00, 0x00, 0x00, 0x00, 0x00, 0x00, 0x00, 0x00, 0x00, 0x00, 0x00, 0x00, 0x00, 0x00, 0x00,
    0x00, 0x00, 0x00, 0x0F, 0xFF, 0xFC, 0x0F, 0xFF, 0xFE, 0x0C, 0x00, 0x07, 0x0C, 0x00, 0x03, 0x18,
    0x00, 0x03, 0x18, 0x00, 0x03, 0x18, 0x00, 0x07, 0x18, 0x00, 0x06, 0x30, 0x00, 0x06, 0x30, 0x00,
    0x06, 0x30, 0x00, 0x0E, 0x70, 0x00, 0x0C, 0x60, 0x00, 0x0C, 0x60, 0x00, 0x18, 0x60, 0x00, 0x38,
    0xFF, 0xFF, 0xF0, 0xFF, 0xFF, 0xC0, 0x00, 0x00, 0x00, 0x00, 0x00, 0x00, 0x00, 0x00, 0x00, 0x00,
    0x00, 0x00, 0x00, 0x00, 0x00, 0x00, 0x00, 0x00, 0x00, 0x00, 0x00, 0x0F, 0xFF, 0xFC, 0x0F, 0xFF,
    0xFC, 0x0C, 0x00, 0x00, 0x0C, 0x00, 0x00, 0x1C, 0x00, 0x00, 0x18, 0x00, 0x00, 0x18, 0x00, 0x00,
    0x1F, 0xFF, 0xE0, 0x3F, 0xFF, 0xE0, 0x30, 0x00, 0x00, 0x30, 0x00, 0x00, 0x30, 0x00, 0x00, 0x60,
    0x00, 0x00, 0x60, 0x00, 0x00, 0x60, 0x00, 0x00, 0x7F, 0xFF, 0xC0, 0xFF, 0xFF, 0xC0, 0x00, 0x00,
    0x00, 0x00, 0x00, 0x00, 0x00, 0x00, 0x00, 0x00, 0x00, 0x00, 0x00, 0x00, 0x00, 0x00, 0x00, 0x00,
    0x00, 0x00, 0x00, 0x0F, 0xFF, 0xF8, 0x0F, 0xFF, 0xF8, 0x0C, 0x00, 0x00, 0x0C, 0x00, 0x00, 0x1C,
    0x00, 0x00, 0x18, 0x00, 0x00, 0x18, 0x00, 0x00, 0x1F, 0xFF, 0xE0, 0x3F, 0xFF, 0xC0, 0x30, 0x00,
    0x00, 0x30, 0x00, 0x00, 0x30, 0x00, 0x00, 0x60, 0x00, 0x00, 0x60, 0x00, 0x00, 0x60, 0x00, 0x00,
    0x60, 0x00, 0x00, 0xC0, 0x00, 0x00, 0x00, 0x00, 0x00, 0x00, 0x00, 0x00, 0x00, 0x00, 0x00, 0x00,
    0x00, 0x00, 0x00, 0x00, 0x00, 0x00, 0x00, 0x00, 0x00, 0x00, 0x00, 0x03, 0xFF, 0xF8, 0x0F, 0xFF,
    0xFC, 0x1C, 0x00, 0x0E, 0x18, 0x00, 0x06, 0x30, 0x00, 0x06, 0x30, 0x00, 0x06, 0x70, 0x00, 0x00,
    0x60, 0x00, 0x00, 0x60, 0x1F, 0xFC, 0x60, 0x1F, 0xFC, 0xE0, 0x00, 0x18, 0xC0, 0x00, 0x18, 0xC0,
    0x00, 0x18, 0xC0, 0x00, 0x30, 0xE0, 0x00, 0x70, 0xFF, 0xFF, 0xE0, 0x3F, 0xFF, 0x80, 0x00, 0x00,
    0x00, 0x00, 0x00, 0x00, 0x00, 0x00, 0x00, 0x00, 0x00, 0x00, 0x00, 0x00, 0x00, 0x00, 0x00, 0x00,
    0x00, 0x00, 0x00, 0x00, 0x0E, 0x00, 0x01, 0x80, 0x0C, 0x00, 0x03, 0x80, 0x0C, 0x00, 0x03, 0x00,
    0x0C, 0x00, 0x03, 0x00, 0x1C, 0x00, 0x03, 0x00, 0x18, 0x00, 0x07, 0x00, 0x18, 0x00, 0x06, 0x00,
    0x1F, 0xFF, 0xFE, 0x00, 0x3F, 0xFF, 0xFE, 0x00, 0x30, 0x00, 0x0E, 0x00, 0x30, 0x00, 0x0C, 0x00,
    0x30, 0x00, 0x0C, 0x00, 0x70, 0x00, 0x0C, 0x00, 0x60, 0x00, 0x18, 0x00, 0x60, 0x00, 0x18, 0x00,
    0x60, 0x00, 0x18, 0x00, 0xC0, 0x00, 0x18, 0x00, 0x00, 0x00, 0x00, 0x00, 0x00, 0x00, 0x00, 0x00,
    0x00, 0x00, 0x00, 0x00, 0x00, 0x00, 0x00, 0x00, 0x00, 0x00, 0x00, 0x00, 0x00, 0x00, 0x00, 0x00,
    0x00, 0x06, 0x0E, 0x0C, 0x0C, 0x0C, 0x1C, 0x18, 0x18, 0x38, 0x38, 0x30, 0x30, 0x70, 0x60, 0x60,
    0x60, 0xE0, 0x00, 0x00, 0x00, 0x00, 0x00, 0x00, 0x00, 0x00, 0x00, 0x00, 0x00, 0x30, 0x00, 0x00,
    0x70, 0x00, 0x00, 0x60, 0x00, 0x00, 0x60, 0x00, 0x00, 0x60, 0x00, 0x00, 0xE0, 0x00, 0x00, 0xC0,
    0x00, 0x00, 0xC0, 0x00, 0x00, 0xC0, 0x00, 0x01, 0xC0, 0x00, 0x01, 0x80, 0x60, 0x01, 0x80, 0x60,
    0x03, 0x80, 0x60, 0x03, 0x00, 0xE0, 0x07, 0x00, 0x7F, 0xFE, 0x00, 0x3F, 0xFC, 0x00, 0x00, 0x00,
    0x00, 0x00, 0x00, 0x00, 0x00, 0x00, 0x00, 0x00, 0x00, 0x00, 0x00, 0x00, 0x00, 0x00, 0x00, 0x00,
    0x00, 0x00, 0x00, 0x0C, 0x00, 0x1E, 0x0C, 0x00, 0x3C, 0x0C, 0x00, 0xF0, 0x0C, 0x03, 0xC0, 0x18,
    0x07, 0x00, 0x18, 0x1E, 0x00, 0x18, 0x78, 0x00, 0x1F, 0xE0, 0x00, 0x3F, 0xC0, 0x00, 0x30, 0xE0,
    0x00, 0x30, 0x78, 0x00, 0x70, 0x3C, 0x00, 0x60, 0x1E, 0x00, 0x60, 0x07, 0x00, 0x60, 0x03, 0xC0,
    0xE0, 0x01, 0xE0, 0xC0, 0x00, 0xF0, 0x00, 0x00, 0x00, 0x00, 0x00, 0x00, 0x00, 0x00, 0x00, 0x00,
    0x00, 0x00, 0x00, 0x00, 0x00, 0x00, 0x00, 0x00, 0x00, 0x00, 0x0C, 0x00, 0x0C, 0x00, 0x0C, 0x00,
    0x0C, 0x00, 0x18, 0x00, 0x18, 0x00, 0x18, 0x00, 0x38, 0x00, 0x30, 0x00, 0x30, 0x00, 0x30, 0x00,
    0x70, 0x00, 0x60, 0x00, 0x60, 0x00, 0x60, 0x00, 0xFF, 0xFF, 0xFF, 0xFF, 0x00, 0x00, 0x00, 0x00,
    0x00, 0x00, 0x00, 0x00, 0x00, 0x00, 0x00, 0x00, 0x00, 0x00, 0x00, 0x00, 0x0F, 0x00, 0x00, 0x0F,
    0x0F, 0x80, 0x00, 0x1F, 0x0F, 0x80, 0x00, 0x3E, 0x0D, 0xC0, 0x00, 0x76, 0x1D, 0xC0, 0x00, 0xE6,
    0x18, 0xE0, 0x01, 0xCE, 0x18, 0xE0, 0x03, 0x8C, 0x18, 0x60, 0x07, 0x0C, 0x30, 0x70, 0x0E, 0x0C,
    0x30, 0x30, 0x1C, 0x1C, 0x30, 0x38, 0x38, 0x18, 0x30, 0x18, 0x70, 0x18, 0x60, 0x1C, 0xE0, 0x18,
    0x60, 0x1D, 0xC0, 0x30, 0x60, 0x0F, 0x80, 0x30, 0x60, 0x0F, 0x00, 0x30, 0xC0, 0x06, 0x00, 0x30,
    0x00, 0x00, 0x00, 0x00, 0x00, 0x00, 0x00, 0x00, 0x00, 0x00, 0x00, 0x00, 0x00, 0x00, 0x00, 0x00,
    0x00, 0x00, 0x00, 0x00, 0x00, 0x00, 0x00, 0x00, 0x00, 0x00, 0x00, 0x00, 0x0F, 0x00, 0x00, 0xC0,
    0x0F, 0x80, 0x01, 0xC0, 0x0D, 0xC0, 0x01, 0x80, 0x0D, 0xE0, 0x01, 0x80, 0x1C, 0xE0, 0x01, 0x80,
    0x18, 0x70, 0x03, 0x80, 0x18, 0x38, 0x03, 0x00, 0x18, 0x1C, 0x03, 0x00, 0x38, 0x0E, 0x03, 0x00,
    0x30, 0x0F, 0x07, 0x00, 0x30, 0x07, 0x06, 0x00, 0x30, 0x03, 0x86, 0x00, 0x60, 0x01, 0xC6, 0x00,
    0x60, 0x00, 0xEC, 0x00, 0x60, 0x00, 0xFC, 0x00, 0x60, 0x00, 0x7C, 0x00, 0xC0, 0x00, 0x3C, 0x00,
    0x00, 0x00, 0x00, 0x00, 0x00, 0x00, 0x00, 0x00, 0x00, 0x00, 0x00, 0x00, 0x00, 0x00, 0x00, 0x00,
    0x00, 0x00, 0x00, 0x00, 0x00, 0x00, 0x00, 0x00, 0x00, 0x00, 0x00, 0x03, 0xFF, 0xFC, 0x0F, 0xFF,
    0xFE, 0x1E, 0x00, 0x07, 0x18, 0x00, 0x03, 0x30, 0x00, 0x03, 0x30, 0x00, 0x07, 0x30, 0x00, 0x07,
    0x70, 0x00, 0x06, 0x60, 0x00, 0x06, 0x60, 0x00, 0x0E, 0xE0, 0x00, 0x0C, 0xE0, 0x00, 0x0C, 0xC0,
    0x00, 0x1C, 0xC0, 0x00, 0x18, 0xE0, 0x00, 0x78, 0x7F, 0xFF, 0xF0, 0x3F, 0xFF, 0xC0, 0x00, 0x00,
    0x00, 0x00, 0x00, 0x00, 0x00, 0x00, 0x00, 0x00, 0x00, 0x00, 0x00, 0x00, 0x00, 0x00, 0x00, 0x00,
    0x00, 0x00, 0x00, 0x0F, 0xFF, 0xFC, 0x0F, 0xFF, 0xFE, 0x0C, 0x00, 0x0E, 0x0C, 0x00, 0x06, 0x1C,
    0x00, 0x0E, 0x18, 0x00, 0x0C, 0x18, 0x00, 0x0C, 0x18, 0x00, 0x1C, 0x3F, 0xFF, 0xF8, 0x3F, 0xFF,
    0xF0, 0x30, 0x00, 0x00, 0x30, 0x00, 0x00, 0x70, 0x00, 0x00, 0x60, 0x00, 0x00, 0x60, 0x00, 0x00,
    0x60, 0x00, 0x00, 0xC0, 0x00, 0x00, 0x00, 0x00, 0x00, 0x00, 0x00, 0x00, 0x00, 0x00, 0x00, 0x00,
    0x00, 0x00, 0x00, 0x00, 0x00, 0x00, 0x00, 0x00, 0x00, 0x00, 0x00, 0x03, 0xFF, 0xFC, 0x0F, 0xFF,
    0xFE, 0x1E, 0x00, 0x07, 0x18, 0x00, 0x03, 0x30, 0x00, 0x03, 0x30, 0x00, 0x07, 0x30, 0x00, 0x07,
    0x70, 0x00, 0x06, 0x60, 0x02, 0x06, 0x60, 0x07, 0x0E, 0xE0, 0x03, 0x8C, 0xE0, 0x01, 0xEC, 0xC0,
    0x00, 0x7C, 0xC0, 0x00, 0x38, 0xE0, 0x00, 0x3E, 0xFF, 0xFF, 0xF4, 0x3F, 0xFF, 0xC0, 0x00, 0x00,
    0x00, 0x00, 0x00, 0x00, 0x00, 0x00, 0x00, 0x00, 0x00, 0x00, 0x00, 0x00, 0x00, 0x00, 0x00, 0x00,
    0x00, 0x00, 0x00, 0x0F, 0xFF, 0xFC, 0x0F, 0xFF, 0xFE, 0x0C, 0x00, 0x0E, 0x0C, 0x00, 0x06, 0x1C,
    0x00, 0x0E, 0x18, 0x00, 0x0C, 0x18, 0x00, 0x0C, 0x18, 0x00, 0x1C, 0x3F, 0xFF, 0xF8, 0x3F, 0xFF,
    0xE0, 0x30, 0x00, 0x70, 0x30, 0x00, 0x30, 0x60, 0x00, 0x30, 0x60, 0x00, 0x30, 0x60, 0x00, 0x30,
    0x60, 0x00, 0x70, 0xC0, 0x00, 0x60, 0x00, 0x00, 0x00, 0x00, 0x00, 0x00, 0x00, 0x00, 0x00, 0x00,
    0x00, 0x00, 0x00, 0x00, 0x00, 0x00, 0x00, 0x00, 0x00, 0x00, 0x00, 0x07, 0xFF, 0xF0, 0x0F, 0xFF,
    0xF8, 0x18, 0x00, 0x18, 0x30, 0x00, 0x18, 0x30, 0x00, 0x18, 0x30, 0x00, 0x00, 0x30, 0x00, 0x00,
    0x3F, 0xFF, 0x80, 0x1F, 0xFF, 0xE0, 0x00, 0x00, 0xE0, 0x00, 0x00, 0x60, 0xC0, 0x00, 0x60, 0xC0,
    0x00, 0x60, 0xC0, 0x00, 0xE0, 0xE0, 0x01, 0xC0, 0xFF, 0xFF, 0x80, 0x7F, 0xFE, 0x00, 0x00, 0x00,
    0x00, 0x00, 0x00, 0x00, 0x00, 0x00, 0x00, 0x00, 0x00, 0x00, 0x00, 0x00, 0x00, 0x00, 0x00, 0x00,
    0x00, 0x00, 0x00, 0xFF, 0xFF, 0xE0, 0xFF, 0xFF, 0xE0, 0x00, 0xC0, 0x00, 0x00, 0xC0, 0x00, 0x01,
    0x80, 0x00, 0x01, 0x80, 0x00, 0x01, 0x80, 0x00, 0x03, 0x80, 0x00, 0x03, 0x00, 0x00, 0x03, 0x00,
    0x00, 0x03, 0x00, 0x00, 0x07, 0x00, 0x00, 0x06, 0x00, 0x00, 0x06, 0x00, 0x00, 0x06, 0x00, 0x00,
    0x0E, 0x00, 0x00, 0x0C, 0x00, 0x00, 0x00, 0x00, 0x00, 0x00, 0x00, 0x00, 0x00, 0x00, 0x00, 0x00,
    0x00, 0x00, 0x00, 0x00, 0x00, 0x00, 0x00, 0x00, 0x00, 0x00, 0x00, 0x18, 0x00, 0x06, 0x18, 0x00,
    0x0E, 0x18, 0x00, 0x0C, 0x38, 0x00, 0x0C, 0x30, 0x00, 0x0C, 0x30, 0x00, 0x1C, 0x30, 0x00, 0x18,
    0x70, 0x00, 0x18, 0x60, 0x00, 0x18, 0x60, 0x00, 0x38, 0x60, 0x00, 0x30, 0xE0, 0x00, 0x30, 0xC0,
    0x00, 0x30, 0xC0, 0x00, 0x60, 0xE0, 0x00, 0xE0, 0x7F, 0xFF, 0xC0, 0x3F, 0xFF, 0x00, 0x00, 0x00,
    0x00, 0x00, 0x00, 0x00, 0x00, 0x00, 0x00, 0x00, 0x00, 0x00, 0x00, 0x00, 0x00, 0x00, 0x00, 0x00,
    0x00, 0x00, 0x00, 0xE0, 0x00, 0x1C, 0x60, 0x00, 0x38, 0x60, 0x00, 0x30, 0x70, 0x00, 0x60, 0x30,
    0x00, 0xC0, 0x30, 0x01, 0xC0, 0x38, 0x03, 0x80, 0x18, 0x03, 0x00, 0x18, 0x06, 0x00, 0x1C, 0x0C,
    0x00, 0x0C, 0x18, 0x00, 0x0C, 0x38, 0x00, 0x0E, 0x70, 0x00, 0x0E, 0x60, 0x00, 0x06, 0xC0, 0x00,
    0x07, 0x80, 0x00, 0x07, 0x80, 0x00, 0x00, 0x00, 0x00, 0x00, 0x00, 0x00, 0x00, 0x00, 0x00, 0x00,
    0x00, 0x00, 0x00, 0x00, 0x00, 0x00, 0x00, 0x00, 0x00, 0x00, 0x00, 0x00, 0xE0, 0x03, 0x80, 0x0E,
    0xE0, 0x07, 0x80, 0x0C, 0x60, 0x07, 0x80, 0x18, 0x60, 0x0D, 0xC0, 0x18, 0x60, 0x1D, 0xC0, 0x30,
    0x60, 0x18, 0xC0, 0x60, 0x70, 0x30, 0xC0, 0x60, 0x70, 0x30, 0xC0, 0xC0, 0x70, 0x60, 0xC1, 0xC0,
    0x30, 0xC0, 0xC1, 0x80, 0x30, 0xC0, 0xC3, 0x00, 0x31, 0x80, 0xE7, 0x00, 0x33, 0x80, 0xE6, 0x00,
    0x3B, 0x00, 0x6C, 0x00, 0x3E, 0x00, 0x7C, 0x00, 0x3E, 0x00, 0x78, 0x00, 0x1C, 0x00, 0x70, 0x00,
    0x00, 0x00, 0x00, 0x00, 0x00, 0x00, 0x00, 0x00, 0x00, 0x00, 0x00, 0x00, 0x00, 0x00, 0x00, 0x00,
    0x00, 0x00, 0x00, 0x00, 0x00, 0x00, 0x00, 0x00, 0x00, 0x00, 0x00, 0x07, 0x00, 0x07, 0x03, 0x80,
    0x0E, 0x03, 0x80, 0x1C, 0x01, 0xC0, 0x38, 0x00, 0xE0, 0xE0, 0x00, 0x71, 0xC0, 0x00, 0x3B, 0x80,
    0x00, 0x3E, 0x00, 0x00, 0x3E, 0x00, 0x00, 0x77, 0x00, 0x01, 0xC3, 0x80, 0x03, 0x83, 0xC0, 0x07,
    0x01, 0xC0, 0x1E, 0x00, 0xE0, 0x38, 0x00, 0x70, 0x70, 0x00, 0x38, 0xE0, 0x00, 0x38, 0x00, 0x00,
    0x00, 0x00, 0x00, 0x00, 0x00, 0x00, 0x00, 0x00, 0x00, 0x00, 0x00, 0x00, 0x00, 0x00, 0x00, 0x00,
    0x00, 0x00, 0x00, 0xE0, 0x00, 0x70, 0xE0, 0x00, 0xE0, 0x70, 0x01, 0xC0, 0x38, 0x03, 0x80, 0x1C,
    0x07, 0x00, 0x1C, 0x1C, 0x00, 0x0E, 0x38, 0x00, 0x07, 0x70, 0x00, 0x03, 0xC0, 0x00, 0x03, 0x80,
    0x00, 0x03, 0x80, 0x00, 0x03, 0x00, 0x00, 0x03, 0x00, 0x00, 0x03, 0x00, 0x00, 0x07, 0x00, 0x00,
    0x06, 0x00, 0x00, 0x06, 0x00, 0x00, 0x00, 0x00, 0x00, 0x00, 0x00, 0x00, 0x00, 0x00, 0x00, 0x00,
    0x00, 0x00, 0x00, 0x00, 0x00, 0x00, 0x00, 0x00, 0x00, 0x00, 0x00, 0x07, 0xFF, 0xFF, 0x07, 0xFF,
    0xFF, 0x00, 0x00, 0x1E, 0x00, 0x00, 0x38, 0x00, 0x00, 0xF0, 0x00, 0x01, 0xC0, 0x00, 0x07, 0x80,
    0x00, 0x0E, 0x00, 0x00, 0x3C, 0x00, 0x00, 0x70, 0x00, 0x01, 0xE0, 0x00, 0x03, 0x80, 0x00, 0x0F,
    0x00, 0x00, 0x1C, 0x00, 0x00, 0x78, 0x00, 0x00, 0xFF, 0xFF, 0xF0, 0xFF, 0xFF, 0xF0, 0x00, 0x00,
    0x00, 0x00, 0x00, 0x00, 0x00, 0x00, 0x00, 0x00, 0x00, 0x00, 0x00, 0x00, 0x00, 0x00, 0x00, 0x00,
    0x00, 0x00, 0x0F, 0xC0, 0x0F, 0xC0, 0x18, 0x00, 0x18, 0x00, 0x18, 0x00, 0x18, 0x00, 0x30, 0x00,
    0x30, 0x00, 0x30, 0x00, 0x30, 0x00, 0x60, 0x00, 0x60, 0x00, 0x60, 0x00, 0x60, 0x00, 0xC0, 0x00,
    0xFC, 0x00, 0xFC, 0x00, 0x00, 0x00, 0x00, 0x00, 0x00, 0x00, 0x00, 0x00, 0x00, 0x00, 0x00, 0x00,
    0x00, 0x00, 0x00, 0x00, 0x00, 0x00, 0x00, 0x00, 0x00, 0x00, 0x00, 0x00, 0x00, 0x00, 0x00, 0x70,
    0x70, 0x60, 0x20, 0xE0, 0xC0, 0x00, 0x00, 0x00, 0x00, 0x00, 0x0F, 0xC0, 0x0F, 0xC0, 0x01, 0x80,
    0x01, 0x80, 0x01, 0x80, 0x01, 0x80, 0x03, 0x00, 0x03, 0x00, 0x03, 0x00, 0x03, 0x00, 0x06, 0x00,
    0x06, 0x00, 0x06, 0x00, 0x06, 0x00, 0x0C, 0x00, 0xFC, 0x00, 0xFC, 0x00, 0x00, 0x00, 0x00, 0x00,
    0x00, 0x00, 0x00, 0x00, 0x00, 0x00, 0x00, 0x00, 0x00, 0x1C, 0x3C, 0x66, 0x82, 0x00, 0x00, 0x00,
    0x00, 0x00, 0x00, 0x00, 0x00, 0x00, 0x00, 0x00, 0x00, 0x00, 0x00, 0x00, 0x00, 0x00, 0x00, 0x00,
    0x30, 0x60, 0x40, 0xE0, 0xE0, 0xE0, 0x00, 0x00, 0x00, 0x00, 0x00, 0x00, 0x00, 0x00, 0x00, 0x00,
    0x00, 0x00, 0x00, 0x00, 0x00, 0x00, 0x00, 0x00, 0x00, 0x00, 0x00, 0x00, 0x00, 0x00, 0x00, 0x00,
    0x00, 0x00, 0x00, 0x00, 0x00, 0x00, 0x00, 0x00, 0x00, 0x00, 0x07, 0xFE, 0x00, 0x1F, 0xFF, 0x00,
    0x18, 0x01, 0x80, 0x00, 0x01, 0x80, 0x07, 0xF1, 0x80, 0x3F, 0xFD, 0x00, 0x60, 0x07, 0x00, 0xE0,
    0x03, 0x00, 0xC0, 0x03, 0x00, 0xE0, 0x06, 0x00, 0xFF, 0xFE, 0x00, 0x3F, 0xF6, 0x00, 0x00, 0x00,
    0x00, 0x00, 0x00, 0x00, 0x00, 0x00, 0x00, 0x00, 0x00, 0x00, 0x00, 0x00, 0x00, 0x00, 0x00, 0x00,
    0x00, 0x00, 0x00, 0x0C, 0x00, 0x00, 0x0C, 0x00, 0x00, 0x18, 0x00, 0x00, 0x18, 0x00, 0x00, 0x18,
    0x00, 0x00, 0x1B, 0xFE, 0x00, 0x37, 0xFF, 0x00, 0x38, 0x03, 0x80, 0x30, 0x01, 0x80, 0x30, 0x01,
    0x80, 0x60, 0x01, 0x80, 0x60, 0x03, 0x00, 0x60, 0x03, 0x00, 0x60, 0x03, 0x00, 0xE0, 0x0E, 0x00,
    0xFF, 0xFC, 0x00, 0xDF, 0xF0, 0x00, 0x00, 0x00, 0x00, 0x00, 0x00, 0x00, 0x00, 0x00, 0x00, 0x00,
    0x00, 0x00, 0x00, 0x00, 0x00, 0x00, 0x00, 0x00, 0x00, 0x00, 0x00, 0x00, 0x00, 0x00, 0x00, 0x00,
    0x00, 0x00, 0x00, 0x00, 0x07, 0xFC, 0x1F, 0xFF, 0x38, 0x03, 0x30, 0x03, 0x60, 0x00, 0x60, 0x00,
    0x60, 0x00, 0xC0, 0x06, 0xC0, 0x06, 0xE0, 0x0C, 0x7F, 0xF8, 0x3F, 0xF0, 0x00, 0x00, 0x00, 0x00,
    0x00, 0x00, 0x00, 0x00, 0x00, 0x00, 0x00, 0x00, 0x00, 0x00, 0x00, 0x00, 0x00, 0x60, 0x00, 0x00,
    0x60, 0x00, 0x00, 0x60, 0x00, 0x00, 0xC0, 0x00, 0x00, 0xC0, 0x07, 0xFC, 0xC0, 0x0F, 0xFE, 0xC0,
    0x18, 0x03, 0x80, 0x30, 0x01, 0x80, 0x60, 0x01, 0x80, 0x60, 0x01, 0x00, 0x60, 0x03, 0x00, 0x60,
    0x03, 0x00, 0xE0, 0x07, 0x00, 0x60, 0x0E, 0x00, 0x7F, 0xFE, 0x00, 0x3F, 0xF6, 0x00, 0x00, 0x00,
    0x00, 0x00, 0x00, 0x00, 0x00, 0x00, 0x00, 0x00, 0x00, 0x00, 0x00, 0x00, 0x00, 0x00, 0x00, 0x00,
    0x00, 0x00, 0x00, 0x00, 0x00, 0x00, 0x00, 0x00, 0x00, 0x00, 0x00, 0x00, 0x0F, 0xFC, 0x3F, 0xFE,
    0x30, 0x07, 0x60, 0x03, 0x60, 0x03, 0xFF, 0xFF, 0xFF, 0xFE, 0xC0, 0x00, 0xC0, 0x06, 0xC0, 0x0E,
    0xFF, 0xFC, 0x7F, 0xF0, 0x00, 0x00, 0x00, 0x00, 0x00, 0x00, 0x00, 0x00, 0x00, 0x00, 0x00, 0x00,
    0x00, 0x00, 0x03, 0xF0, 0x07, 0xF0, 0x0C, 0x00, 0x18, 0x00, 0x18, 0x00, 0xFF, 0xE0, 0xFF, 0xC0,
    0x30, 0x00, 0x30, 0x00, 0x30, 0x00, 0x30, 0x00, 0x60, 0x00, 0x60, 0x00, 0x60, 0x00, 0x60, 0x00,
    0xC0, 0x00, 0xC0, 0x00, 0x00, 0x00, 0x00, 0x00, 0x00, 0x00, 0x00, 0x00, 0x00, 0x00, 0x00, 0x00,
    0x00, 0x00, 0x00, 0x00, 0x00, 0x00, 0x00, 0x00, 0x00, 0x00, 0x00, 0x00, 0x00, 0x00, 0x00, 0x00,
    0x00, 0x00, 0x03, 0xFF, 0x60, 0x07, 0xFF, 0xE0, 0x0C, 0x01, 0xC0, 0x18, 0x00, 0xC0, 0x18, 0x00,
    0xC0, 0x30, 0x00, 0xC0, 0x30, 0x00, 0x80, 0x30, 0x01, 0x80, 0x30, 0x01, 0x80, 0x30, 0x03, 0x80,
    0x3F, 0xFD, 0x00, 0x0F, 0xFB, 0x00, 0x00, 0x03, 0x00, 0xE0, 0x03, 0x00, 0x60, 0x0E, 0x00, 0x7F,
    0xFC, 0x00, 0x3F, 0xF0, 0x00, 0x00, 0x00, 0x00, 0x00, 0x00, 0x00, 0x0C, 0x00, 0x00, 0x0C, 0x00,
    0x00, 0x0C, 0x00, 0x00, 0x18, 0x00, 0x00, 0x18, 0x00, 0x00, 0x19, 0xFE, 0x00, 0x1F, 0xFF, 0x00,
    0x3C, 0x03, 0x80, 0x30, 0x01, 0x80, 0x30, 0x01, 0x80, 0x30, 0x01, 0x80, 0x60, 0x03, 0x00, 0x60,
    0x03, 0x00, 0x60, 0x03, 0x00, 0x60, 0x02, 0x00, 0xC0, 0x06, 0x00, 0xC0, 0x06, 0x00, 0x00, 0x00,
    0x00, 0x00, 0x00, 0x00, 0x00, 0x00, 0x00, 0x00, 0x00, 0x00, 0x00, 0x00, 0x00, 0x00, 0x00, 0x00,
    0x00, 0x00, 0x18, 0x18, 0x00, 0x00, 0x38, 0x30, 0x30, 0x30, 0x60, 0x60, 0x60, 0x60, 0xC0, 0xC0,
    0xC0, 0xC0, 0x00, 0x00, 0x00, 0x00, 0x00, 0x00, 0x00, 0x00, 0x00, 0x00, 0x01, 0x80, 0x01, 0x80,
    0x00, 0x00, 0x00, 0x00, 0x03, 0x00, 0x03, 0x00, 0x02, 0x00, 0x06, 0x00, 0x06, 0x00, 0x06, 0x00,
    0x0C, 0x00, 0x0C, 0x00, 0x0C, 0x00, 0x0C, 0x00, 0x18, 0x00, 0x18, 0x00, 0x18, 0x00, 0x18, 0x00,
    0x38, 0x00, 0xF0, 0x00, 0xE0, 0x00, 0x00, 0x00, 0x00, 0x00, 0x0C, 0x00, 0x0C, 0x00, 0x0C, 0x00,
    0x08, 0x00, 0x18, 0x00, 0x18, 0x0E, 0x18, 0x38, 0x10, 0x70, 0x31, 0xC0, 0x3F, 0x00, 0x3E, 0x00,
    0x27, 0x00, 0x63, 0x80, 0x61, 0xC0, 0x60, 0x70, 0x40, 0x38, 0xC0, 0x1C, 0x00, 0x00, 0x00, 0x00,
    0x00, 0x00, 0x00, 0x00, 0x00, 0x00, 0x00, 0x00, 0x00, 0x0C, 0x0C, 0x18, 0x18, 0x18, 0x38, 0x30,
    0x30, 0x30, 0x60, 0x60, 0x60, 0x60, 0xC0, 0xC0, 0xC0, 0xC0, 0x00, 0x00, 0x00, 0x00, 0x00, 0x00,
    0x00, 0x00, 0x00, 0x00, 0x00, 0x00, 0x00, 0x00, 0x00, 0x00, 0x00, 0x00, 0x00, 0x00, 0x00, 0x00,
    0x00, 0x00, 0x00, 0x00, 0x00, 0x00, 0x00, 0x00, 0x19, 0xFC, 0x3F, 0x80, 0x1F, 0xFE, 0xFF, 0xC0,
    0x3C, 0x07, 0x80, 0xE0, 0x30, 0x03, 0x00, 0x60, 0x30, 0x03, 0x00, 0x60, 0x30, 0x06, 0x00, 0xC0,
    0x60, 0x06, 0x00, 0xC0, 0x60, 0x06, 0x00, 0xC0, 0x60, 0x06, 0x00, 0xC0, 0x60, 0x0C, 0x01, 0x80,
    0xC0, 0x0C, 0x01, 0x80, 0xC0, 0x0C, 0x01, 0x80, 0x00, 0x00, 0x00, 0x00, 0x00, 0x00, 0x00, 0x00,
    0x00, 0x00, 0x00, 0x00, 0x00, 0x00, 0x00, 0x00, 0x00, 0x00, 0x00, 0x00, 0x00, 0x00, 0x00, 0x00,
    0x00, 0x00, 0x00, 0x00, 0x00, 0x00, 0x00, 0x00, 0x00, 0x00, 0x00, 0x00, 0x00, 0x00, 0x00, 0x00,
    0x00, 0x00, 0x19, 0xFE, 0x00, 0x1F, 0xFF, 0x00, 0x3C, 0x03, 0x80, 0x30, 0x01, 0x80, 0x30, 0x01,
    0x80, 0x30, 0x01, 0x80, 0x60, 0x03, 0x00, 0x60, 0x03, 0x00, 0x60, 0x03, 0x00, 0x60, 0x02, 0x00,
    0xC0, 0x06, 0x00, 0xC0, 0x06, 0x00, 0x00, 0x00, 0x00, 0x00, 0x00, 0x00, 0x00, 0x00, 0x00, 0x00,
    0x00, 0x00, 0x00, 0x00, 0x00, 0x00, 0x00, 0x00, 0x00, 0x00, 0x00, 0x00, 0x00, 0x00, 0x00, 0x00,
    0x00, 0x00, 0x00, 0x00, 0x00, 0x00, 0x00, 0x00, 0x00, 0x00, 0x07, 0xFC, 0x00, 0x1F, 0xFF, 0x00,
    0x38, 0x03, 0x80, 0x60, 0x01, 0x80, 0x60, 0x01, 0x80, 0xC0, 0x01, 0x80, 0xC0, 0x03, 0x00, 0xC0,
    0x03, 0x00, 0xC0, 0x07, 0x00, 0xC0, 0x0E, 0x00, 0xFF, 0xFC, 0x00, 0x7F, 0xF0, 0x00, 0x00, 0x00,
    0x00, 0x00, 0x00, 0x00, 0x00, 0x00, 0x00, 0x00, 0x00, 0x00, 0x00, 0x00, 0x00, 0x00, 0x00, 0x00,
    0x00, 0x00, 0x00, 0x00, 0x00, 0x00, 0x00, 0x00, 0x00, 0x00, 0x00, 0x00, 0x00, 0x00, 0x00, 0x00,
    0x00, 0x00, 0x0C, 0xFF, 0x00, 0x0F, 0xFF, 0x80, 0x1C, 0x01, 0xC0, 0x18, 0x00, 0xC0, 0x18, 0x00,
    0xC0, 0x30, 0x00, 0xC0, 0x30, 0x01, 0x80, 0x30, 0x01, 0x80, 0x30, 0x01, 0x80, 0x70, 0x07, 0x00,
    0x7F, 0xFE, 0x00, 0x6F, 0xF8, 0x00, 0x40, 0x00, 0x00, 0xC0, 0x00, 0x00, 0xC0, 0x00, 0x00, 0xC0,
    0x00, 0x00, 0xC0, 0x00, 0x00, 0x00, 0x00, 0x00, 0x00, 0x00, 0x00, 0x00, 0x00, 0x00, 0x00, 0x00,
    0x00, 0x00, 0x00, 0x00, 0x00, 0x00, 0x00, 0x00, 0x00, 0x00, 0x07, 0xFE, 0xC0, 0x0F, 0xFF, 0xC0,
    0x18, 0x03, 0x80, 0x30, 0x01, 0x80, 0x20, 0x01, 0x80, 0x60, 0x01, 0x80, 0x60, 0x03, 0x00, 0x60,
    0x03, 0x00, 0xE0, 0x03, 0x00, 0x60, 0x0F, 0x00, 0x7F, 0xFE, 0x00, 0x3F, 0xF6, 0x00, 0x00, 0x06,
    0x00, 0x00, 0x06, 0x00, 0x00, 0x04, 0x00, 0x00, 0x0C, 0x00, 0x00, 0x0C, 0x00, 0x00, 0x00, 0x00,
    0x00, 0x00, 0x00, 0x00, 0x00, 0x00, 0x00, 0x00, 0x00, 0x00, 0x00, 0x00, 0x19, 0xF8, 0x1F, 0xFE,
    0x3C, 0x0E, 0x30, 0x06, 0x30, 0x00, 0x30, 0x00, 0x60, 0x00, 0x60, 0x00, 0x60, 0x00, 0x60, 0x00,
    0xC0, 0x00, 0xC0, 0x00, 0x00, 0x00, 0x00, 0x00, 0x00, 0x00, 0x00, 0x00, 0x00, 0x00, 0x00, 0x00,
    0x00, 0x00, 0x00, 0x00, 0x00, 0x00, 0x00, 0x00, 0x00, 0x00, 0x00, 0x00, 0x0F, 0xFE, 0x3F, 0xFF,
    0x70, 0x03, 0x60, 0x03, 0x60, 0x00, 0x7F, 0xFC, 0x1F, 0xFE, 0x00, 0x06, 0x80, 0x06, 0xC0, 0x0C,
    0xFF, 0xFC, 0x7F, 0xF0, 0x00, 0x00, 0x00, 0x00, 0x00, 0x00, 0x00, 0x00, 0x00, 0x00, 0x00, 0x00,
    0x00, 0x00, 0x00, 0x00, 0x00, 0x00, 0x08, 0x00, 0x18, 0x00, 0x18, 0x00, 0xFF, 0xF8, 0xFF, 0xF8,
    0x30, 0x00, 0x30, 0x00, 0x30, 0x00, 0x60, 0x00, 0x60, 0x30, 0x60, 0x20, 0x60, 0x60, 0x60, 0x60,
    0x7F, 0xC0, 0x3F, 0x00, 0x00, 0x00, 0x00, 0x00, 0x00, 0x00, 0x00, 0x00, 0x00, 0x00, 0x00, 0x00,
    0x00, 0x00, 0x00, 0x00, 0x00, 0x00, 0x00, 0x00, 0x00, 0x00, 0x00, 0x00, 0x00, 0x00, 0x00, 0x00,
    0x00, 0x00, 0x30, 0x01, 0x80, 0x30, 0x01, 0x80, 0x60, 0x03, 0x00, 0x60, 0x03, 0x00, 0x60, 0x03,
    0x00, 0xC0, 0x03, 0x00, 0xC0, 0x06, 0x00, 0xC0, 0x06, 0x00, 0xC0, 0x0E, 0x00, 0xE0, 0x14, 0x00,
    0xFF, 0xEC, 0x00, 0x3F, 0xCC, 0x00, 0x00, 0x00, 0x00, 0x00, 0x00, 0x00, 0x00, 0x00, 0x00, 0x00,
    0x00, 0x00, 0x00, 0x00, 0x00, 0x00, 0x00, 0x00, 0x00, 0x00, 0x00, 0x00, 0x00, 0x00, 0x00, 0x00,
    0x00, 0x00, 0x00, 0x00, 0xC0, 0x07, 0x60, 0x06, 0x60, 0x0C, 0x60, 0x18, 0x70, 0x30, 0x30, 0x60,
    0x30, 0xE0, 0x38, 0xC0, 0x19, 0x80, 0x1B, 0x00, 0x1E, 0x00, 0x0E, 0x00, 0x00, 0x00, 0x00, 0x00,
    0x00, 0x00, 0x00, 0x00, 0x00, 0x00, 0x00, 0x00, 0x00, 0x00, 0x00, 0x00, 0x00, 0x00, 0x00, 0x00,
    0x00, 0x00, 0x00, 0x00, 0x00, 0x00, 0x00, 0x00, 0x00, 0x00, 0xC0, 0x38, 0x03, 0xE0, 0x3C, 0x06,
    0x60, 0x6C, 0x0C, 0x60, 0xCC, 0x18, 0x60, 0xCC, 0x18, 0x61, 0x8C, 0x30, 0x61, 0x8C, 0x60, 0x33,
    0x0C, 0x60, 0x36, 0x0C, 0xC0, 0x36, 0x0D, 0x80, 0x3C, 0x0F, 0x00, 0x38, 0x07, 0x00, 0x00, 0x00,
    0x00, 0x00, 0x00, 0x00, 0x00, 0x00, 0x00, 0x00, 0x00, 0x00, 0x00, 0x00, 0x00, 0x00, 0x00, 0x00,
    0x00, 0x00, 0x00, 0x00, 0x00, 0x00, 0x00, 0x00, 0x00, 0x00, 0x00, 0x00, 0x1C, 0x03, 0x0E, 0x0E,
    0x06, 0x1C, 0x03, 0x30, 0x03, 0xE0, 0x01, 0xC0, 0x03, 0xE0, 0x06, 0x70, 0x1C, 0x30, 0x38, 0x38,
    0x70, 0x1C, 0xC0, 0x0E, 0x00, 0x00, 0x00, 0x00, 0x00, 0x00, 0x00, 0x00, 0x00, 0x00, 0x00, 0x00,
    0x00, 0x00, 0x00, 0x00, 0x00, 0x00, 0x00, 0x00, 0x00, 0x00, 0x00, 0x00, 0xE0, 0x07, 0x60, 0x0E,
    0x60, 0x0C, 0x60, 0x18, 0x30, 0x38, 0x30, 0x70, 0x30, 0x60, 0x38, 0xC0, 0x19, 0x80, 0x1B, 0x00,
    0x0F, 0x00, 0x0E, 0x00, 0x0C, 0x00, 0x18, 0x00, 0x38, 0x00, 0x70, 0x00, 0x60, 0x00, 0x00, 0x00,
    0x00, 0x00, 0x00, 0x00, 0x00, 0x00, 0x00, 0x00, 0x00, 0x00, 0x00, 0x00, 0x00, 0x00, 0x00, 0x00,
    0x00, 0x00, 0x0F, 0xFF, 0x80, 0x1F, 0xFF, 0x80, 0x00, 0x07, 0x00, 0x00, 0x1C, 0x00, 0x00, 0x70,
    0x00, 0x00, 0xE0, 0x00, 0x03, 0x80, 0x00, 0x07, 0x00, 0x00, 0x1C, 0x00, 0x00, 0x70, 0x00, 0x00,
    0x7F, 0xFC, 0x00, 0xFF, 0xFC, 0x00, 0x00, 0x00, 0x00, 0x00, 0x00, 0x00, 0x00, 0x00, 0x00, 0x00,
    0x00, 0x00, 0x00, 0x00, 0x00, 0x00, 0x00, 0x00, 0x00, 0x01, 0x7E, 0x9C, 0x00, 0x00, 0x00, 0x00,
    0x00, 0x00, 0x00, 0x00, 0x00, 0x00, 0x00, 0x00, 0x00, 0x00, 0x00, 0x00, 0x00, 0x00, 0x00, 0x00,
    0x00, 0x00, 0x00, 0x00, 0x00, 0x00, 0x18, 0x18, 0x10, 0x30, 0x30, 0x30, 0x20, 0x60, 0x60, 0x60,
    0x40, 0xC0, 0x00, 0x00, 0x00, 0x00, 0x00, 0x00,
};

const display_font_t font_eurex24i = {
    .glyphs = eurex24i_glyphs,
    .bitmap = eurex24i_bitmap,
    .family = &font_family_eurex24i,
    .first_character = 0,
    .glyph_count = 168,
    .height = 24,
    .baseline = 18,
    .fallback_character = 63,
    .style = 0,
};

static const display_font_glyph_t hl14_glyphs[] = {
    { 0, 4, 9, 3, 1 }, /* 0x00 */
    { 15, 5, 9, 2, 1 }, /* 0x01 */
    { 30, 8, 9, 1, 1 }, /* 0x02 */
    { 45, 6, 9, 2, 1 }, /* 0x03 */
    { 60, 7, 9, 1, 1 }, /* 0x04 */
    { 75, 7, 9, 1, 1 }, /* 0x05 */
    { 90, 5, 9, 2, 1 }, /* 0x06 */
    { 105, 7, 9, 1, 1 }, /* 0x07 */
    { 120, 7, 9, 1, 1 }, /* 0x08 */
    { 135, 7, 9, 1, 1 }, /* 0x09 */
    { 150, 7, 9, 1, 1 }, /* 0x0A */
    { 165, 7, 9, 1, 1 }, /* 0x0B */
    { 180, 7, 9, 1, 1 }, /* 0x0C */
    { 195, 7, 9, 1, 1 }, /* 0x0D */
    { 210, 7, 9, 1, 1 }, /* 0x0E */
    { 225, 6, 9, 2, 1 }, /* 0x0F */
    { 240, 7, 9, 1, 1 }, /* 0x10 */
    { 255, 7, 9, 1, 1 }, /* 0x11 */
    { 270, 6, 9, 2, 1 }, /* 0x12 */
    { 285, 6, 9, 2, 1 }, /* 0x13 */
    { 300, 7, 9, 1, 1 }, /* 0x14 */
    { 315, 7, 9, 1, 1 }, /* 0x15 */
    { 330, 7, 9, 1, 1 }, /* 0x16 */
    { 345, 6, 9, 1, 1 }, /* 0x17 */
    { 360, 9, 11, 1, 1 }, /* 0x18 */
    { 390, 9, 11, 1, 1 }, /* 0x19 */
    { 420, 7, 9, 1, 1 }, /* 0x1A */
    { 435, 7, 9, 1, 1 }, /* 0x1B */
    { 450, 7, 9, 1, 1 }, /* 0x1C */
    { 465, 7, 9, 1, 1 }, /* 0x1D */
    { 480, 7, 9, 1, 1 }, /* 0x1E */
    { 495, 7, 9, 1, 1 }, /* 0x1F */
    { 510, 0, 7, 0, 1 }, /* 0x20 */
    { 510, 1, 4, 2, 1 }, /* 0x21 */
    { 525, 4, 6, 1, 1 }, /* 0x22 */
    { 540, 10, 12, 1, 1 }, /* 0x23 */
    { 570, 8, 10, 1, 1 }, /* 0x24 */
    { 585, 11, 13, 1, 1 }, /* 0x25 */
    { 615, 9, 11, 1, 1 }, /* 0x26 */
    { 645, 2, 5, 1, 1 }, /* 0x27 */
    { 660, 4, 7, 2, 1 }, /* 0x28 */
    { 675, 4, 7, 1, 1 }, /* 0x29 */
    { 690, 7, 9, 1, 1 }, /* 0x2A */
    { 705, 7, 9, 1, 1 }, /* 0x2B */
    { 720, 3, 6, 1, 1 }, /* 0x2C */
    { 735, 6, 8, 1, 1 }, /* 0x2D */
    { 750, 2, 6, 2, 1 }, /* 0x2E */
    { 765, 6, 8, 1, 1 }, /* 0x2F */
    { 780, 8, 10, 1, 1 }, /* 0x30 */
    { 795, 4, 10, 3, 1 }, /* 0x31 */
    { 810, 8, 10, 1, 1 }, /* 0x32 */
    { 825, 8, 10, 1, 1 }, /* 0x33 */
    { 840, 8, 10, 1, 1 }, /* 0x34 */
    { 855, 8, 10, 1, 1 }, /* 0x35 */
    { 870, 8, 10, 1, 1 }, /* 0x36 */
    { 885, 8, 10, 1, 1 }, /* 0x37 */
    { 900, 8, 10, 1, 1 }, /* 0x38 */
    { 915, 8, 10, 1, 1 }, /* 0x39 */
    { 930, 2, 6, 2, 1 }, /* 0x3A */
    { 945, 3, 6, 1, 1 }, /* 0x3B */
    { 960, 6, 8, 1, 1 }, /* 0x3C */
    { 975, 6, 8, 1, 1 }, /* 0x3D */
    { 990, 6, 8, 1, 1 }, /* 0x3E */
    { 1005, 6, 8, 1, 1 }, /* 0x3F */
    { 1020, 12, 14, 1, 1 }, /* 0x40 */
    { 1050, 9, 11, 1, 1 }, /* 0x41 */
    { 1080, 9, 11, 1, 1 }, /* 0x42 */
    { 1110, 10, 12, 1, 1 }, /* 0x43 */
    { 1140, 9, 11, 1, 1 }, /* 0x44 */
    { 1170, 8, 10, 1, 1 }, /* 0x45 */
    { 1185, 8, 10, 1, 1 }, /* 0x46 */
    { 1200, 10, 12, 1, 1 }, /* 0x47 */
    { 1230, 9, 11, 1, 1 }, /* 0x48 */
    { 1260, 1, 5, 2, 1 }, /* 0x49 */
    { 1275, 7, 9, 1, 1 }, /* 0x4A */
    { 1290, 8, 10, 1, 1 }, /* 0x4B */
    { 1305, 7, 9, 1, 1 }, /* 0x4C */
    { 1320, 12, 14, 1, 1 }, /* 0x4D */
    { 1350, 9, 11, 1, 1 }, /* 0x4E */
    { 1380, 11, 13, 1, 1 }, /* 0x4F */
    { 1410, 8, 10, 1, 1 }, /* 0x50 */
    { 1425, 11, 13, 1, 1 }, /* 0x51 */
    { 1455, 9, 11, 1, 1 }, /* 0x52 */
    { 1485, 9, 11, 1, 1 }, /* 0x53 */
    { 1515, 9, 11, 1, 1 }, /* 0x54 */
    { 1545, 9, 11, 1, 1 }, /* 0x55 */
    { 1575, 9, 11, 1, 1 }, /* 0x56 */
    { 1605, 13, 15, 1, 1 }, /* 0x57 */
    { 1635, 9, 11, 1, 1 }, /* 0x58 */
    { 1665, 9, 11, 1, 1 }, /* 0x59 */
    { 1695, 8, 10, 1, 1 }, /* 0x5A */
    { 1710, 4, 7, 2, 1 }, /* 0x5B */
    { 1725, 6, 8, 1, 1 }, /* 0x5C */
    { 1740, 4, 7, 1, 1 }, /* 0x5D */
    { 1755, 7, 9, 1, 1 }, /* 0x5E */
    { 1770, 9, 11, 0, 1 }, /* 0x5F */
    { 1800, 2, 5, 2, 1 }, /* 0x60 */
    { 1815, 8, 10, 1, 1 }, /* 0x61 */
    { 1830, 7, 9, 1, 1 }, /* 0x62 */
    { 1845, 7, 9, 1, 1 }, /* 0x63 */
    { 1860, 7, 9, 1, 1 }, /* 0x64 */
    { 1875, 7, 9, 1, 1 }, /* 0x65 */
    { 1890, 5, 6, 1, 1 }, /* 0x66 */
    { 1905, 7, 9, 1, 1 }, /* 0x67 */
    { 1920, 7, 9, 1, 1 }, /* 0x68 */
    { 1935, 1, 5, 2, 1 }, /* 0x69 */
    { 1950, 3, 6, 1, 1 }, /* 0x6A */
    { 1965, 6, 8, 1, 1 }, /* 0x6B */
    { 1980, 1, 5, 2, 1 }, /* 0x6C */
    { 1995, 11, 13, 1, 1 }, /* 0x6D */
    { 2025, 7, 9, 1, 1 }, /* 0x6E */
    { 2040, 8, 10, 1, 1 }, /* 0x6F */
    { 2055, 7, 9, 1, 1 }, /* 0x70 */
    { 2070, 7, 9, 1, 1 }, /* 0x71 */
    { 2085, 4, 6, 1, 1 }, /* 0x72 */
    { 2100, 6, 8, 1, 1 }, /* 0x73 */
    { 2115, 4, 6, 1, 1 }, /* 0x74 */
    { 2130, 7, 9, 1, 1 }, /* 0x75 */
    { 2145, 7, 9, 1, 1 }, /* 0x76 */
    { 2160, 11, 13, 1, 1 }, /* 0x77 */
    { 2190, 7, 9, 1, 1 }, /* 0x78 */
    { 2205, 7, 9, 1, 1 }, /* 0x79 */
    { 2220, 6, 8, 1, 1 }, /* 0x7A */
    { 2235, 5, 8, 1, 1 }, /* 0x7B */
    { 2250, 1, 3, 1, 1 }, /* 0x7C */
    { 2265, 5, 8, 2, 1 }, /* 0x7D */
    { 2280, 9, 11, 1, 1 }, /* 0x7E */
    { 2310, 7, 9, 2, 1 }, /* 0x7F */
};

static const uint8_t hl14_bitmap[] = {
    0x00, 0x00, 0x00, 0x00, 0x00, 0x60, 0xF0, 0xF0, 0x60, 0x00, 0x00, 0x00, 0x00, 0x00, 0x00, 0x00,
    0x20, 0x20, 0x20, 0x20, 0x20, 0x20, 0xA8, 0x70, 0x20, 0x00, 0x00, 0x00, 0x00, 0x00, 0x00, 0x00,
    0x00, 0x02, 0x62, 0x94, 0x88, 0x88, 0x94, 0x63, 0x00, 0x00, 0x00, 0x00, 0x00, 0x00, 0x38, 0x44,
    0x44, 0x84, 0xF8, 0x84, 0x84, 0x84, 0xF8, 0x80, 0x80, 0x80, 0x00, 0x00, 0x00, 0x00, 0x00, 0x00,
    0x00, 0x10, 0x28, 0x44, 0x82, 0x00, 0x00, 0x00, 0x00, 0x00, 0x00, 0x00, 0x00, 0x00, 0x00, 0x00,
    0x00, 0xFE, 0x02, 0x02, 0x00, 0x00, 0x00, 0x00, 0x00, 0x00, 0x00, 0x00, 0x00, 0x00, 0x38, 0x40,
    0x80, 0xF8, 0x80, 0x40, 0x38, 0x00, 0x00, 0x00, 0x00, 0x00, 0x00, 0x00, 0x00, 0xFE, 0x44, 0x44,
    0x44, 0x44, 0x44, 0x44, 0x00, 0x00, 0x00, 0x00, 0x00, 0xC0, 0x20, 0x20, 0x10, 0x30, 0x28, 0x48,
    0x44, 0x84, 0x82, 0x00, 0x00, 0x00, 0x00, 0x00, 0x00, 0x00, 0x62, 0x92, 0x0C, 0x08, 0x18, 0x18,
    0x28, 0x28, 0x28, 0x10, 0x00, 0x00, 0x38, 0x44, 0x42, 0x40, 0x20, 0x18, 0x24, 0x42, 0x82, 0x82,
    0x7C, 0x00, 0x00, 0x00, 0x00, 0x00, 0x00, 0x00, 0x10, 0x38, 0x54, 0x92, 0x10, 0x10, 0x10, 0x10,
    0x00, 0x00, 0x00, 0x00, 0x00, 0x00, 0x00, 0x10, 0x10, 0x10, 0xFE, 0x10, 0x10, 0x10, 0x00, 0xFE,
    0x00, 0x00, 0x00, 0x00, 0x00, 0x00, 0x38, 0x54, 0x92, 0xFE, 0x92, 0x54, 0x38, 0x00, 0x00, 0x00,
    0x00, 0x00, 0x00, 0x00, 0x00, 0x00, 0x6C, 0x92, 0x92, 0x92, 0x92, 0x6C, 0x00, 0x00, 0x00, 0x00,
    0x00, 0x30, 0x48, 0x04, 0x04, 0x04, 0x3C, 0x44, 0x84, 0x84, 0x48, 0x30, 0x00, 0x00, 0x00, 0x00,
    0x00, 0x00, 0x00, 0x00, 0x7E, 0x80, 0x80, 0x80, 0x80, 0x7E, 0x00, 0x00, 0x00, 0x00, 0x00, 0x00,
    0x00, 0x00, 0x00, 0xFC, 0x02, 0x02, 0x02, 0x02, 0xFC, 0x00, 0x00, 0x00, 0x00, 0x00, 0x00, 0x00,
    0x00, 0x78, 0x84, 0x84, 0x84, 0x84, 0x84, 0x84, 0x00, 0x00, 0x00, 0x00, 0x00, 0x00, 0x00, 0x00,
    0x84, 0x84, 0x84, 0x84, 0x84, 0x84, 0x78, 0x00, 0x00, 0x00, 0x00, 0x00, 0x82, 0x82, 0x82, 0x7C,
    0x44, 0x44, 0x28, 0x28, 0x28, 0x10, 0x10, 0x00, 0x00, 0x00, 0x00, 0xFE, 0x02, 0x02, 0x02, 0x02,
    0x7E, 0x02, 0x02, 0x02, 0x02, 0xFE, 0x00, 0x00, 0x00, 0x00, 0x00, 0x00, 0x00, 0x38, 0x44, 0xAA,
    0x92, 0xAA, 0x44, 0x38, 0x00, 0x00, 0x00, 0x00, 0x00, 0x00, 0x00, 0x10, 0x08, 0xFC, 0x08, 0x10,
    0x20, 0x40, 0xFC, 0x40, 0x20, 0x00, 0x00, 0x00, 0x00, 0x00, 0x00, 0x00, 0x00, 0x00, 0x10, 0x00,
    0x20, 0x00, 0x40, 0x00, 0xFF, 0x80, 0x40, 0x00, 0x20, 0x00, 0x10, 0x00, 0x00, 0x00, 0x00, 0x00,
    0x00, 0x00, 0x00, 0x00, 0x00, 0x00, 0x00, 0x00, 0x00, 0x00, 0x00, 0x00, 0x04, 0x00, 0x02, 0x00,
    0x01, 0x00, 0xFF, 0x80, 0x01, 0x00, 0x02, 0x00, 0x04, 0x00, 0x00, 0x00, 0x00, 0x00, 0x00, 0x00,
    0x00, 0x00, 0x00, 0x00, 0x00, 0x00, 0x04, 0x04, 0x08, 0xFE, 0x10, 0x20, 0xFE, 0x40, 0x80, 0x00,
    0x00, 0x00, 0x00, 0x00, 0x10, 0x10, 0x28, 0x44, 0x82, 0x44, 0x28, 0x10, 0x10, 0x00, 0x00, 0x00,
    0x00, 0x00, 0x00, 0x00, 0x00, 0x06, 0x18, 0x60, 0x80, 0x60, 0x18, 0x06, 0xFE, 0x00, 0x00, 0x00,
    0x00, 0x00, 0x00, 0x00, 0xC0, 0x30, 0x0C, 0x02, 0x0C, 0x30, 0xC0, 0xFE, 0x00, 0x00, 0x00, 0x00,
    0x00, 0x00, 0x00, 0x00, 0xFE, 0x00, 0xFE, 0x00, 0xFE, 0x00, 0x00, 0x00, 0x00, 0x00, 0x00, 0x00,
    0x00, 0x00, 0x00, 0x00, 0x82, 0x44, 0x28, 0x10, 0x00, 0x00, 0x00, 0x00, 0x00, 0x00, 0x00, 0x80,
    0x80, 0x80, 0x80, 0x80, 0x80, 0x80, 0x80, 0x00, 0x80, 0x80, 0x00, 0x00, 0x00, 0x00, 0x90, 0x90,
    0x90, 0x90, 0x00, 0x00, 0x00, 0x00, 0x00, 0x00, 0x00, 0x00, 0x00, 0x00, 0x00, 0x00, 0x04, 0x80,
    0x04, 0x80, 0x09, 0x00, 0x7F, 0xC0, 0x12, 0x00, 0x12, 0x00, 0x12, 0x00, 0xFF, 0x80, 0x24, 0x00,
    0x48, 0x00, 0x48, 0x00, 0x00, 0x00, 0x00, 0x00, 0x00, 0x00, 0x08, 0x3E, 0x49, 0x49, 0x48, 0x28,
    0x1C, 0x0A, 0x09, 0x89, 0x49, 0x3E, 0x08, 0x00, 0x00, 0x00, 0x00, 0x61, 0x00, 0x91, 0x00, 0x92,
    0x00, 0x92, 0x00, 0x64, 0x00, 0x04, 0x00, 0x04, 0xC0, 0x09, 0x20, 0x09, 0x20, 0x11, 0x20, 0x10,
    0xC0, 0x00, 0x00, 0x00, 0x00, 0x00, 0x00, 0x00, 0x00, 0x38, 0x00, 0x44, 0x00, 0x44, 0x00, 0x44,
    0x00, 0x28, 0x00, 0x58, 0x00, 0x84, 0x80, 0x83, 0x00, 0x82, 0x00, 0x43, 0x00, 0x3C, 0x80, 0x00,
    0x00, 0x00, 0x00, 0x00, 0x00, 0x00, 0xC0, 0xC0, 0x40, 0x80, 0x00, 0x00, 0x00, 0x00, 0x00, 0x00,
    0x00, 0x00, 0x00, 0x00, 0x00, 0x10, 0x20, 0x40, 0x40, 0x80, 0x80, 0x80, 0x80, 0x80, 0x40, 0x40,
    0x20, 0x10, 0x00, 0x00, 0x80, 0x40, 0x20, 0x20, 0x10, 0x10, 0x10, 0x10, 0x10, 0x20, 0x20, 0x40,
    0x80, 0x00, 0x00, 0x10, 0x92, 0x54, 0x38, 0x54, 0x92, 0x10, 0x00, 0x00, 0x00, 0x00, 0x00, 0x00,
    0x00, 0x00, 0x00, 0x00, 0x00, 0x10, 0x10, 0x10, 0xFE, 0x10, 0x10, 0x10, 0x00, 0x00, 0x00, 0x00,
    0x00, 0x00, 0x00, 0x00, 0x00, 0x00, 0x00, 0x00, 0x00, 0x00, 0xE0, 0x60, 0x40, 0x80, 0x00, 0x00,
    0x00, 0x00, 0x00, 0x00, 0x00, 0xFC, 0x00, 0x00, 0x00, 0x00, 0x00, 0x00, 0x00, 0x00, 0x00, 0x00,
    0x00, 0x00, 0x00, 0x00, 0x00, 0x00, 0x00, 0x00, 0xC0, 0xC0, 0x00, 0x00, 0x00, 0x00, 0x04, 0x04,
    0x08, 0x08, 0x10, 0x10, 0x20, 0x20, 0x40, 0x40, 0x80, 0x80, 0x00, 0x00, 0x00, 0x3C, 0x42, 0x81,
    0x81, 0x81, 0x81, 0x81, 0x81, 0x81, 0x42, 0x3C, 0x00, 0x00, 0x00, 0x00, 0x10, 0x30, 0xD0, 0x10,
    0x10, 0x10, 0x10, 0x10, 0x10, 0x10, 0x10, 0x00, 0x00, 0x00, 0x00, 0x3C, 0x42, 0x81, 0x81, 0x02,
    0x04, 0x18, 0x20, 0x40, 0x80, 0xFF, 0x00, 0x00, 0x00, 0x00, 0x3C, 0x42, 0x81, 0x81, 0x02, 0x1C,
    0x02, 0x81, 0x81, 0x42, 0x3C, 0x00, 0x00, 0x00, 0x00, 0x06, 0x0A, 0x12, 0x12, 0x22, 0x42, 0x82,
    0xFF, 0x02, 0x02, 0x02, 0x00, 0x00, 0x00, 0x00, 0x3F, 0x20, 0x20, 0x40, 0x5C, 0x62, 0x01, 0x01,
    0x81, 0x42, 0x3C, 0x00, 0x00, 0x00, 0x00, 0x3C, 0x42, 0x80, 0x80, 0xBC, 0xC2, 0x81, 0x81, 0x81,
    0x42, 0x3C, 0x00, 0x00, 0x00, 0x00, 0xFF, 0x01, 0x02, 0x04, 0x08, 0x08, 0x10, 0x10, 0x20, 0x20,
    0x20, 0x00, 0x00, 0x00, 0x00, 0x3C, 0x42, 0x42, 0x42, 0x3C, 0x42, 0x81, 0x81, 0x81, 0x42, 0x3C,
    0x00, 0x00, 0x00, 0x00, 0x3C, 0x42, 0x81, 0x81, 0x81, 0x43, 0x3D, 0x01, 0x01, 0x42, 0x3C, 0x00,
    0x00, 0x00, 0x00, 0x00, 0x00, 0x00, 0xC0, 0xC0, 0x00, 0x00, 0x00, 0x00, 0xC0, 0xC0, 0x00, 0x00,
    0x00, 0x00, 0x00, 0x00, 0x00, 0x60, 0x60, 0x00, 0x00, 0x00, 0x00, 0x60, 0x60, 0x40, 0x80, 0x00,
    0x00, 0x04, 0x08, 0x10, 0x20, 0x40, 0x80, 0x40, 0x20, 0x10, 0x08, 0x04, 0x00, 0x00, 0x00, 0x00,
    0x00, 0x00, 0x00, 0x00, 0x00, 0xFC, 0x00, 0x00, 0xFC, 0x00, 0x00, 0x00, 0x00, 0x00, 0x00, 0x80,
    0x40, 0x20, 0x10, 0x08, 0x04, 0x08, 0x10, 0x20, 0x40, 0x80, 0x00, 0x00, 0x00, 0x00, 0x78, 0x84,
    0x84, 0x04, 0x08, 0x10, 0x20, 0x20, 0x00, 0x20, 0x20, 0x00, 0x00, 0x00, 0x00, 0x00, 0x1F, 0xC0,
    0x60, 0x20, 0x46, 0x90, 0x89, 0x90, 0x90, 0x90, 0x90, 0x90, 0x91, 0x10, 0x93, 0x20, 0x4C, 0xC0,
    0x60, 0x10, 0x1F, 0xE0, 0x00, 0x00, 0x00, 0x00, 0x00, 0x00, 0x00, 0x00, 0x1C, 0x00, 0x14, 0x00,
    0x14, 0x00, 0x22, 0x00, 0x22, 0x00, 0x22, 0x00, 0x41, 0x00, 0x7F, 0x00, 0x41, 0x00, 0x80, 0x80,
    0x80, 0x80, 0x00, 0x00, 0x00, 0x00, 0x00, 0x00, 0x00, 0x00, 0xFE, 0x00, 0x81, 0x00, 0x81, 0x00,
    0x81, 0x00, 0x81, 0x00, 0xFF, 0x00, 0x80, 0x80, 0x80, 0x80, 0x80, 0x80, 0x80, 0x80, 0xFF, 0x00,
    0x00, 0x00, 0x00, 0x00, 0x00, 0x00, 0x00, 0x00, 0x1F, 0x00, 0x60, 0x80, 0x40, 0x40, 0x80, 0x40,
    0x80, 0x00, 0x80, 0x00, 0x80, 0x00, 0x80, 0x40, 0x40, 0x40, 0x60, 0x80, 0x1F, 0x00, 0x00, 0x00,
    0x00, 0x00, 0x00, 0x00, 0x00, 0x00, 0xFC, 0x00, 0x83, 0x00, 0x81, 0x00, 0x80, 0x80, 0x80, 0x80,
    0x80, 0x80, 0x80, 0x80, 0x80, 0x80, 0x81, 0x00, 0x83, 0x00, 0xFC, 0x00, 0x00, 0x00, 0x00, 0x00,
    0x00, 0x00, 0x00, 0xFF, 0x80, 0x80, 0x80, 0x80, 0xFE, 0x80, 0x80, 0x80, 0x80, 0xFF, 0x00, 0x00,
    0x00, 0x00, 0xFF, 0x80, 0x80, 0x80, 0x80, 0xFE, 0x80, 0x80, 0x80, 0x80, 0x80, 0x00, 0x00, 0x00,
    0x00, 0x00, 0x1F, 0x00, 0x60, 0x80, 0x40, 0x40, 0x80, 0x40, 0x80, 0x00, 0x87, 0xC0, 0x80, 0x40,
    0x80, 0x40, 0x40, 0x40, 0x60, 0xC0, 0x1F, 0x40, 0x00, 0x00, 0x00, 0x00, 0x00, 0x00, 0x00, 0x00,
    0x80, 0x80, 0x80, 0x80, 0x80, 0x80, 0x80, 0x80, 0x80, 0x80, 0xFF, 0x80, 0x80, 0x80, 0x80, 0x80,
    0x80, 0x80, 0x80, 0x80, 0x80, 0x80, 0x00, 0x00, 0x00, 0x00, 0x00, 0x00, 0x00, 0x80, 0x80, 0x80,
    0x80, 0x80, 0x80, 0x80, 0x80, 0x80, 0x80, 0x80, 0x00, 0x00, 0x00, 0x00, 0x02, 0x02, 0x02, 0x02,
    0x02, 0x02, 0x02, 0x82, 0x82, 0x44, 0x38, 0x00, 0x00, 0x00, 0x00, 0x81, 0x82, 0x84, 0x88, 0x98,
    0xA4, 0xC4, 0x82, 0x82, 0x81, 0x81, 0x00, 0x00, 0x00, 0x00, 0x80, 0x80, 0x80, 0x80, 0x80, 0x80,
    0x80, 0x80, 0x80, 0x80, 0xFE, 0x00, 0x00, 0x00, 0x00, 0x00, 0xC0, 0x30, 0xC0, 0x30, 0xA0, 0x50,
    0xA0, 0x50, 0x90, 0x90, 0x90, 0x90, 0x89, 0x10, 0x89, 0x10, 0x89, 0x10, 0x86, 0x10, 0x86, 0x10,
    0x00, 0x00, 0x00, 0x00, 0x00, 0x00, 0x00, 0x00, 0xC0, 0x80, 0xC0, 0x80, 0xA0, 0x80, 0x90, 0x80,
    0x90, 0x80, 0x88, 0x80, 0x84, 0x80, 0x84, 0x80, 0x82, 0x80, 0x81, 0x80, 0x81, 0x80, 0x00, 0x00,
    0x00, 0x00, 0x00, 0x00, 0x00, 0x00, 0x1F, 0x00, 0x60, 0xC0, 0x40, 0x40, 0x80, 0x20, 0x80, 0x20,
    0x80, 0x20, 0x80, 0x20, 0x80, 0x20, 0x40, 0x40, 0x60, 0xC0, 0x1F, 0x00, 0x00, 0x00, 0x00, 0x00,
    0x00, 0x00, 0x00, 0xFC, 0x82, 0x81, 0x81, 0x81, 0x82, 0xFC, 0x80, 0x80, 0x80, 0x80, 0x00, 0x00,
    0x00, 0x00, 0x00, 0x1F, 0x00, 0x60, 0xC0, 0x40, 0x40, 0x80, 0x20, 0x80, 0x20, 0x80, 0x20, 0x80,
    0x20, 0x80, 0x20, 0x42, 0x40, 0x61, 0xC0, 0x1F, 0x80, 0x00, 0x40, 0x00, 0x20, 0x00, 0x00, 0x00,
    0x00, 0xFE, 0x00, 0x81, 0x00, 0x80, 0x80, 0x80, 0x80, 0x81, 0x00, 0xFE, 0x00, 0x81, 0x00, 0x81,
    0x00, 0x80, 0x80, 0x80, 0x80, 0x80, 0x80, 0x00, 0x00, 0x00, 0x00, 0x00, 0x00, 0x00, 0x00, 0x3E,
    0x00, 0x41, 0x00, 0x80, 0x80, 0x80, 0x80, 0x70, 0x00, 0x0E, 0x00, 0x01, 0x00, 0x80, 0x80, 0x80,
    0x80, 0x41, 0x00, 0x3E, 0x00, 0x00, 0x00, 0x00, 0x00, 0x00, 0x00, 0x00, 0x00, 0xFF, 0x80, 0x08,
    0x00, 0x08, 0x00, 0x08, 0x00, 0x08, 0x00, 0x08, 0x00, 0x08, 0x00, 0x08, 0x00, 0x08, 0x00, 0x08,
    0x00, 0x08, 0x00, 0x00, 0x00, 0x00, 0x00, 0x00, 0x00, 0x00, 0x00, 0x80, 0x80, 0x80, 0x80, 0x80,
    0x80, 0x80, 0x80, 0x80, 0x80, 0x80, 0x80, 0x80, 0x80, 0x80, 0x80, 0x80, 0x80, 0x41, 0x00, 0x3E,
    0x00, 0x00, 0x00, 0x00, 0x00, 0x00, 0x00, 0x00, 0x00, 0x80, 0x80, 0x80, 0x80, 0x41, 0x00, 0x41,
    0x00, 0x41, 0x00, 0x22, 0x00, 0x22, 0x00, 0x22, 0x00, 0x14, 0x00, 0x14, 0x00, 0x08, 0x00, 0x00,
    0x00, 0x00, 0x00, 0x00, 0x00, 0x00, 0x00, 0x82, 0x08, 0x82, 0x08, 0x82, 0x08, 0x45, 0x10, 0x45,
    0x10, 0x45, 0x10, 0x28, 0xA0, 0x28, 0xA0, 0x28, 0xA0, 0x10, 0x40, 0x10, 0x40, 0x00, 0x00, 0x00,
    0x00, 0x00, 0x00, 0x00, 0x00, 0x80, 0x80, 0x41, 0x00, 0x22, 0x00, 0x22, 0x00, 0x14, 0x00, 0x08,
    0x00, 0x14, 0x00, 0x22, 0x00, 0x22, 0x00, 0x41, 0x00, 0x80, 0x80, 0x00, 0x00, 0x00, 0x00, 0x00,
    0x00, 0x00, 0x00, 0x80, 0x80, 0x80, 0x80, 0x41, 0x00, 0x22, 0x00, 0x22, 0x00, 0x14, 0x00, 0x08,
    0x00, 0x08, 0x00, 0x08, 0x00, 0x08, 0x00, 0x08, 0x00, 0x00, 0x00, 0x00, 0x00, 0x00, 0x00, 0x00,
    0xFF, 0x01, 0x02, 0x04, 0x08, 0x08, 0x10, 0x20, 0x40, 0x80, 0xFF, 0x00, 0x00, 0x00, 0xF0, 0x80,
    0x80, 0x80, 0x80, 0x80, 0x80, 0x80, 0x80, 0x80, 0x80, 0x80, 0x80, 0xF0, 0x00, 0x00, 0x80, 0x80,
    0x40, 0x40, 0x20, 0x20, 0x10, 0x10, 0x08, 0x08, 0x04, 0x04, 0x00, 0x00, 0xF0, 0x10, 0x10, 0x10,
    0x10, 0x10, 0x10, 0x10, 0x10, 0x10, 0x10, 0x10, 0x10, 0xF0, 0x00, 0x00, 0x10, 0x28, 0x44, 0x82,
    0x00, 0x00, 0x00, 0x00, 0x00, 0x00, 0x00, 0x00, 0x00, 0x00, 0x00, 0x00, 0x00, 0x00, 0x00, 0x00,
    0x00, 0x00, 0x00, 0x00, 0x00, 0x00, 0x00, 0x00, 0x00, 0x00, 0x00, 0x00, 0x00, 0x00, 0x00, 0x00,
    0x00, 0x00, 0x00, 0x00, 0xFF, 0x80, 0x00, 0x00, 0x00, 0x40, 0x80, 0xC0, 0xC0, 0x00, 0x00, 0x00,
    0x00, 0x00, 0x00, 0x00, 0x00, 0x00, 0x00, 0x00, 0x00, 0x00, 0x00, 0x3C, 0x42, 0x02, 0x7E, 0x82,
    0x82, 0x86, 0x7B, 0x00, 0x00, 0x00, 0x00, 0x80, 0x80, 0x80, 0xB8, 0xC4, 0x82, 0x82, 0x82, 0x82,
    0xC4, 0xB8, 0x00, 0x00, 0x00, 0x00, 0x00, 0x00, 0x00, 0x3C, 0x42, 0x80, 0x80, 0x80, 0x80, 0x42,
    0x3C, 0x00, 0x00, 0x00, 0x00, 0x02, 0x02, 0x02, 0x3A, 0x46, 0x82, 0x82, 0x82, 0x82, 0x46, 0x3A,
    0x00, 0x00, 0x00, 0x00, 0x00, 0x00, 0x00, 0x38, 0x44, 0x82, 0xFE, 0x80, 0x80, 0x42, 0x3C, 0x00,
    0x00, 0x00, 0x00, 0x38, 0x40, 0x40, 0xF0, 0x40, 0x40, 0x40, 0x40, 0x40, 0x40, 0x40, 0x00, 0x00,
    0x00, 0x00, 0x00, 0x00, 0x00, 0x3A, 0x46, 0x82, 0x82, 0x82, 0x82, 0x46, 0x3A, 0x02, 0x84, 0x78,
    0x00, 0x80, 0x80, 0x80, 0xBC, 0xC2, 0x82, 0x82, 0x82, 0x82, 0x82, 0x82, 0x00, 0x00, 0x00, 0x00,
    0x80, 0x80, 0x00, 0x80, 0x80, 0x80, 0x80, 0x80, 0x80, 0x80, 0x80, 0x00, 0x00, 0x00, 0x00, 0x20,
    0x20, 0x00, 0x20, 0x20, 0x20, 0x20, 0x20, 0x20, 0x20, 0x20, 0x20, 0xC0, 0x00, 0x00, 0x80, 0x80,
    0x80, 0x84, 0x88, 0x90, 0xB0, 0xC8, 0x88, 0x84, 0x84, 0x00, 0x00, 0x00, 0x00, 0x80, 0x80, 0x80,
    0x80, 0x80, 0x80, 0x80, 0x80, 0x80, 0x80, 0x80, 0x00, 0x00, 0x00, 0x00, 0x00, 0x00, 0x00, 0x00,
    0x00, 0x00, 0x00, 0xB9, 0xC0, 0xC6, 0x20, 0x84, 0x20, 0x84, 0x20, 0x84, 0x20, 0x84, 0x20, 0x84,
    0x20, 0x84, 0x20, 0x00, 0x00, 0x00, 0x00, 0x00, 0x00, 0x00, 0x00, 0x00, 0x00, 0xBC, 0xC2, 0x82,
    0x82, 0x82, 0x82, 0x82, 0x82, 0x00, 0x00, 0x00, 0x00, 0x00, 0x00, 0x00, 0x3C, 0x42, 0x81, 0x81,
    0x81, 0x81, 0x42, 0x3C, 0x00, 0x00, 0x00, 0x00, 0x00, 0x00, 0x00, 0xB8, 0xC4, 0x82, 0x82, 0x82,
    0x82, 0xC4, 0xB8, 0x80, 0x80, 0x80, 0x00, 0x00, 0x00, 0x00, 0x3A, 0x46, 0x82, 0x82, 0x82, 0x82,
    0x46, 0x3A, 0x02, 0x02, 0x02, 0x00, 0x00, 0x00, 0x00, 0xB0, 0xC0, 0x80, 0x80, 0x80, 0x80, 0x80,
    0x80, 0x00, 0x00, 0x00, 0x00, 0x00, 0x00, 0x00, 0x78, 0x84, 0x80, 0x60, 0x18, 0x84, 0x84, 0x78,
    0x00, 0x00, 0x00, 0x00, 0x00, 0x40, 0x40, 0xF0, 0x40, 0x40, 0x40, 0x40, 0x40, 0x40, 0x30, 0x00,
    0x00, 0x00, 0x00, 0x00, 0x00, 0x00, 0x82, 0x82, 0x82, 0x82, 0x82, 0x82, 0x86, 0x7A, 0x00, 0x00,
    0x00, 0x00, 0x00, 0x00, 0x00, 0x82, 0x82, 0x44, 0x44, 0x44, 0x28, 0x28, 0x10, 0x00, 0x00, 0x00,
    0x00, 0x00, 0x00, 0x00, 0x00, 0x00, 0x00, 0x00, 0x84, 0x20, 0x84, 0x20, 0x8A, 0x20, 0x4A, 0x40,
    0x51, 0x40, 0x51, 0x40, 0x20, 0x80, 0x20, 0x80, 0x00, 0x00, 0x00, 0x00, 0x00, 0x00, 0x00, 0x00,
    0x00, 0x00, 0x44, 0x44, 0x28, 0x10, 0x28, 0x44, 0x82, 0x82, 0x00, 0x00, 0x00, 0x00, 0x00, 0x00,
    0x00, 0x82, 0x82, 0x42, 0x44, 0x44, 0x28, 0x28, 0x10, 0x10, 0xA0, 0x40, 0x00, 0x00, 0x00, 0x00,
    0xFC, 0x04, 0x08, 0x10, 0x20, 0x40, 0x80, 0xFC, 0x00, 0x00, 0x00, 0x18, 0x20, 0x20, 0x20, 0x20,
    0x20, 0x20, 0xC0, 0x20, 0x20, 0x20, 0x20, 0x20, 0x20, 0x18, 0x00, 0x80, 0x80, 0x80, 0x80, 0x80,
    0x80, 0x80, 0x80, 0x80, 0x80, 0x80, 0x80, 0x80, 0x00, 0xC0, 0x20, 0x20, 0x20, 0x20, 0x20, 0x20,
    0x18, 0x20, 0x20, 0x20, 0x20, 0x20, 0x20, 0xC0, 0x00, 0x00, 0x00, 0x00, 0x00, 0x00, 0x00, 0x00,
    0x00, 0x00, 0x30, 0x80, 0x49, 0x00, 0x86, 0x00, 0x00, 0x00, 0x00, 0x00, 0x00, 0x00, 0x00, 0x00,
    0x00, 0x00, 0x00, 0x00, 0x00, 0x00, 0x0C, 0x12, 0x10, 0x10, 0x10, 0x10, 0x10, 0x10, 0x10, 0x90,
    0x60, 0x00, 0x00, 0x00, 0x00,
};

const display_font_t font_hl14 = {
    .glyphs = hl14_glyphs,
    .bitmap = hl14_bitmap,
    .family = &font_family_hl14,
    .first_character = 0,
    .glyph_count = 128,
    .height = 15,
    .baseline = 12,
    .fallback_character = 63,
    .style = 0,
};

static const display_font_glyph_t hl14b_glyphs[] = {
    { 0, 5, 10, 3, 1 }, /* 0x00 */
    { 15, 6, 10, 2, 1 }, /* 0x01 */
    { 30, 9, 10, 1, 1 }, /* 0x02 */
    { 60, 7, 10, 2, 1 }, /* 0x03 */
    { 75, 8, 10, 1, 1 }, /* 0x04 */
    { 90, 8, 10, 1, 1 }, /* 0x05 */
    { 105, 6, 10, 2, 1 }, /* 0x06 */
    { 120, 8, 10, 1, 1 }, /* 0x07 */
    { 135, 8, 10, 1, 1 }, /* 0x08 */
    { 150, 8, 10, 1, 1 }, /* 0x09 */
    { 165, 8, 10, 1, 1 }, /* 0x0A */
    { 180, 6, 10, 2, 1 }, /* 0x0B */
    { 195, 8, 10, 1, 1 }, /* 0x0C */
    { 210, 8, 10, 1, 1 }, /* 0x0D */
    { 225, 8, 10, 1, 1 }, /* 0x0E */
    { 240, 7, 10, 2, 1 }, /* 0x0F */
    { 255, 8, 10, 1, 1 }, /* 0x10 */
    { 270, 8, 10, 1, 1 }, /* 0x11 */
    { 285, 7, 10, 2, 1 }, /* 0x12 */
    { 300, 7, 10, 2, 1 }, /* 0x13 */
    { 315, 8, 10, 1, 1 }, /* 0x14 */
    { 330, 8, 10, 1, 1 }, /* 0x15 */
    { 345, 8, 10, 1, 1 }, /* 0x16 */
    { 360, 7, 10, 1, 1 }, /* 0x17 */
    { 375, 8, 10, 1, 1 }, /* 0x18 */
    { 390, 8, 10, 1, 1 }, /* 0x19 */
    { 405, 8, 10, 1, 1 }, /* 0x1A */
    { 420, 8, 10, 1, 1 }, /* 0x1B */
    { 435, 8, 10, 1, 1 }, /* 0x1C */
    { 450, 8, 10, 1, 1 }, /* 0x1D */
    { 465, 8, 10, 1, 1 }, /* 0x1E */
    { 480, 8, 10, 1, 1 }, /* 0x1F */
    { 495, 0, 8, 0, 1 }, /* 0x20 */
    { 495, 2, 5, 2, 1 }, /* 0x21 */
    { 510, 5, 7, 1, 1 }, /* 0x22 */
    { 525, 11, 13, 1, 1 }, /* 0x23 */
    { 555, 9, 11, 1, 1 }, /* 0x24 */
    { 585, 12, 14, 1, 1 }, /* 0x25 */
    { 615, 10, 12, 1, 1 }, /* 0x26 */
    { 645, 2, 4, 1, 1 }, /* 0x27 */
    { 660, 5, 7, 1, 1 }, /* 0x28 */
    { 675, 5, 7, 1, 1 }, /* 0x29 */
    { 690, 8, 10, 1, 1 }, /* 0x2A */
    { 705, 8, 10, 1, 1 }, /* 0x2B */
    { 720, 3, 5, 1, 1 }, /* 0x2C */
    { 735, 7, 9, 1, 1 }, /* 0x2D */
    { 750, 2, 4, 1, 1 }, /* 0x2E */
    { 765, 7, 9, 1, 1 }, /* 0x2F */
    { 780, 9, 11, 1, 1 }, /* 0x30 */
    { 810, 5, 11, 3, 1 }, /* 0x31 */
    { 825, 9, 11, 1, 1 }, /* 0x32 */
    { 855, 9, 11, 1, 1 }, /* 0x33 */
    { 885, 9, 11, 1, 1 }, /* 0x34 */
    { 915, 9, 11, 1, 1 }, /* 0x35 */
    { 945, 9, 11, 1, 1 }, /* 0x36 */
    { 975, 9, 11, 1, 1 }, /* 0x37 */
    { 1005, 9, 11, 1, 1 }, /* 0x38 */
    { 1035, 9, 11, 1, 1 }, /* 0x39 */
    { 1065, 2, 4, 1, 1 }, /* 0x3A */
    { 1080, 3, 5, 1, 1 }, /* 0x3B */
    { 1095, 7, 9, 1, 1 }, /* 0x3C */
    { 1110, 7, 9, 1, 1 }, /* 0x3D */
    { 1125, 7, 9, 1, 1 }, /* 0x3E */
    { 1140, 7, 9, 1, 1 }, /* 0x3F */
    { 1155, 13, 15, 1, 1 }, /* 0x40 */
    { 1185, 10, 12, 1, 1 }, /* 0x41 */
    { 1215, 10, 12, 1, 1 }, /* 0x42 */
    { 1245, 11, 13, 1, 1 }, /* 0x43 */
    { 1275, 10, 12, 1, 1 }, /* 0x44 */
    { 1305, 9, 11, 1, 1 }, /* 0x45 */
    { 1335, 9, 11, 1, 1 }, /* 0x46 */
    { 1365, 11, 13, 1, 1 }, /* 0x47 */
    { 1395, 10, 12, 1, 1 }, /* 0x48 */
    { 1425, 2, 4, 1, 1 }, /* 0x49 */
    { 1440, 8, 10, 1, 1 }, /* 0x4A */
    { 1455, 9, 11, 1, 1 }, /* 0x4B */
    { 1485, 8, 10, 1, 1 }, /* 0x4C */
    { 1500, 13, 15, 1, 1 }, /* 0x4D */
    { 1530, 10, 12, 1, 1 }, /* 0x4E */
    { 1560, 12, 14, 1, 1 }, /* 0x4F */
    { 1590, 9, 11, 1, 1 }, /* 0x50 */
    { 1620, 12, 14, 1, 1 }, /* 0x51 */
    { 1650, 10, 12, 1, 1 }, /* 0x52 */
    { 1680, 10, 12, 1, 1 }, /* 0x53 */
    { 1710, 10, 12, 1, 1 }, /* 0x54 */
    { 1740, 10, 12, 1, 1 }, /* 0x55 */
    { 1770, 10, 12, 1, 1 }, /* 0x56 */
    { 1800, 15, 17, 1, 1 }, /* 0x57 */
    { 1830, 10, 12, 1, 1 }, /* 0x58 */
    { 1860, 10, 12, 1, 1 }, /* 0x59 */
    { 1890, 9, 11, 1, 1 }, /* 0x5A */
    { 1920, 6, 8, 1, 1 }, /* 0x5B */
    { 1935, 7, 9, 1, 1 }, /* 0x5C */
    { 1950, 6, 8, 1, 1 }, /* 0x5D */
    { 1965, 8, 10, 1, 1 }, /* 0x5E */
    { 1980, 10, 12, 0, 1 }, /* 0x5F */
    { 2010, 4, 10, 2, 1 }, /* 0x60 */
    { 2025, 9, 11, 1, 1 }, /* 0x61 */
    { 2055, 8, 10, 1, 1 }, /* 0x62 */
    { 2070, 8, 10, 1, 1 }, /* 0x63 */
    { 2085, 8, 10, 1, 1 }, /* 0x64 */
    { 2100, 8, 10, 1, 1 }, /* 0x65 */
    { 2115, 6, 7, 1, 1 }, /* 0x66 */
    { 2130, 8, 10, 1, 1 }, /* 0x67 */
    { 2145, 8, 10, 1, 1 }, /* 0x68 */
    { 2160, 2, 4, 1, 1 }, /* 0x69 */
    { 2175, 4, 6, 1, 1 }, /* 0x6A */
    { 2190, 7, 9, 1, 1 }, /* 0x6B */
    { 2205, 2, 4, 1, 1 }, /* 0x6C */
    { 2220, 12, 14, 1, 1 }, /* 0x6D */
    { 2250, 8, 10, 1, 1 }, /* 0x6E */
    { 2265, 9, 11, 1, 1 }, /* 0x6F */
    { 2295, 8, 10, 1, 1 }, /* 0x70 */
    { 2310, 8, 10, 1, 1 }, /* 0x71 */
    { 2325, 5, 7, 1, 1 }, /* 0x72 */
    { 2340, 7, 9, 1, 1 }, /* 0x73 */
    { 2355, 5, 7, 1, 1 }, /* 0x74 */
    { 2370, 8, 10, 1, 1 }, /* 0x75 */
    { 2385, 8, 10, 1, 1 }, /* 0x76 */
    { 2400, 12, 14, 1, 1 }, /* 0x77 */
    { 2430, 8, 10, 1, 1 }, /* 0x78 */
    { 2445, 8, 10, 1, 1 }, /* 0x79 */
    { 2460, 7, 9, 1, 1 }, /* 0x7A */
    { 2475, 6, 8, 1, 1 }, /* 0x7B */
    { 2490, 2, 4, 1, 1 }, /* 0x7C */
    { 2505, 6, 8, 1, 1 }, /* 0x7D */
    { 2520, 10, 12, 1, 1 }, /* 0x7E */
    { 2550, 8, 9, 1, 1 }, /* 0x7F */
};

static const uint8_t hl14b_bitmap[] = {
    0x00, 0x00, 0x00, 0x00, 0x00, 0x70, 0xF8, 0xF8, 0x70, 0x00, 0x00, 0x00, 0x00, 0x00, 0x00, 0x00,
    0x30, 0x30, 0x30, 0x30, 0x30, 0x30, 0xFC, 0x78, 0x30, 0x00, 0x00, 0x00, 0x00, 0x00, 0x00, 0x00,
    0x00, 0x00, 0x00, 0x00, 0x03, 0x00, 0x73, 0x00, 0xDE, 0x00, 0xCC, 0x00, 0xCC, 0x00, 0xDE, 0x00,
    0x73, 0x80, 0x00, 0x00, 0x00, 0x00, 0x00, 0x00, 0x00, 0x00, 0x00, 0x00, 0x00, 0x3C, 0x66, 0x66,
    0xC6, 0xFC, 0xC6, 0xC6, 0xC6, 0xFC, 0xC0, 0xC0, 0xC0, 0x00, 0x00, 0x00, 0x00, 0x00, 0x00, 0x00,
    0x18, 0x3C, 0x66, 0xC3, 0x00, 0x00, 0x00, 0x00, 0x00, 0x00, 0x00, 0x00, 0x00, 0x00, 0x00, 0x00,
    0xFF, 0x03, 0x03, 0x00, 0x00, 0x00, 0x00, 0x00, 0x00, 0x00, 0x00, 0x00, 0x00, 0x3C, 0x60, 0xC0,
    0xFC, 0xC0, 0x60, 0x3C, 0x00, 0x00, 0x00, 0x00, 0x00, 0x00, 0x00, 0x00, 0xFF, 0x66, 0x66, 0x66,
    0x66, 0x66, 0x66, 0x00, 0x00, 0x00, 0x00, 0x00, 0xE0, 0x30, 0x30, 0x18, 0x38, 0x3C, 0x6C, 0x66,
    0xC6, 0xC3, 0x00, 0x00, 0x00, 0x00, 0x00, 0x00, 0x00, 0x73, 0xDB, 0x0E, 0x0C, 0x1C, 0x1C, 0x3C,
    0x3C, 0x3C, 0x18, 0x00, 0x00, 0x3C, 0x66, 0x63, 0x60, 0x30, 0x1C, 0x36, 0x63, 0xC3, 0xC3, 0x7E,
    0x00, 0x00, 0x00, 0x00, 0x00, 0x30, 0x78, 0xFC, 0x30, 0x30, 0x30, 0x30, 0x30, 0x30, 0x00, 0x00,
    0x00, 0x00, 0x00, 0x00, 0x00, 0x00, 0x18, 0x18, 0x18, 0xFF, 0x18, 0x18, 0x18, 0x00, 0xFF, 0x00,
    0x00, 0x00, 0x00, 0x00, 0x00, 0x3C, 0x7E, 0xDB, 0xFF, 0xDB, 0x7E, 0x3C, 0x00, 0x00, 0x00, 0x00,
    0x00, 0x00, 0x00, 0x00, 0x00, 0x7E, 0xDB, 0xDB, 0xDB, 0xDB, 0x7E, 0x00, 0x00, 0x00, 0x00, 0x00,
    0x38, 0x6C, 0x06, 0x06, 0x06, 0x3E, 0x66, 0xC6, 0xC6, 0x6C, 0x38, 0x00, 0x00, 0x00, 0x00, 0x00,
    0x00, 0x00, 0x00, 0x7F, 0xC0, 0xC0, 0xC0, 0xC0, 0x7F, 0x00, 0x00, 0x00, 0x00, 0x00, 0x00, 0x00,
    0x00, 0x00, 0xFE, 0x03, 0x03, 0x03, 0x03, 0xFE, 0x00, 0x00, 0x00, 0x00, 0x00, 0x00, 0x00, 0x00,
    0x7C, 0xC6, 0xC6, 0xC6, 0xC6, 0xC6, 0xC6, 0x00, 0x00, 0x00, 0x00, 0x00, 0x00, 0x00, 0x00, 0xC6,
    0xC6, 0xC6, 0xC6, 0xC6, 0xC6, 0x7C, 0x00, 0x00, 0x00, 0x00, 0x00, 0xC3, 0xC3, 0xC3, 0x7E, 0x66,
    0x66, 0x3C, 0x3C, 0x3C, 0x18, 0x18, 0x00, 0x00, 0x00, 0x00, 0xFF, 0x03, 0x03, 0x03, 0x03, 0x7F,
    0x03, 0x03, 0x03, 0x03, 0xFF, 0x00, 0x00, 0x00, 0x00, 0x00, 0x00, 0x00, 0x3C, 0x66, 0xFF, 0xDB,
    0xFF, 0x66, 0x3C, 0x00, 0x00, 0x00, 0x00, 0x00, 0x00, 0x00, 0x18, 0x0C, 0xFE, 0x0C, 0x18, 0x30,
    0x60, 0xFE, 0x60, 0x30, 0x00, 0x00, 0x00, 0x00, 0x00, 0x00, 0x00, 0x30, 0x60, 0xFF, 0x60, 0x30,
    0x00, 0x00, 0x00, 0x00, 0x00, 0x00, 0x00, 0x00, 0x00, 0x00, 0x0C, 0x06, 0xFF, 0x06, 0x0C, 0x00,
    0x00, 0x00, 0x00, 0x00, 0x00, 0x00, 0x00, 0x06, 0x06, 0x0C, 0xFF, 0x18, 0x30, 0xFF, 0x60, 0xC0,
    0x00, 0x00, 0x00, 0x00, 0x00, 0x18, 0x18, 0x3C, 0x66, 0xC3, 0x66, 0x3C, 0x18, 0x18, 0x00, 0x00,
    0x00, 0x00, 0x00, 0x00, 0x00, 0x00, 0x07, 0x1C, 0x70, 0xC0, 0x70, 0x1C, 0x07, 0xFF, 0x00, 0x00,
    0x00, 0x00, 0x00, 0x00, 0x00, 0xE0, 0x38, 0x0E, 0x03, 0x0E, 0x38, 0xE0, 0xFF, 0x00, 0x00, 0x00,
    0x00, 0x00, 0x00, 0x00, 0x00, 0xFF, 0x00, 0xFF, 0x00, 0xFF, 0x00, 0x00, 0x00, 0x00, 0x00, 0x00,
    0x00, 0x00, 0x00, 0x00, 0x00, 0xC3, 0x66, 0x3C, 0x18, 0x00, 0x00, 0x00, 0x00, 0x00, 0x00, 0x00,
    0xC0, 0xC0, 0xC0, 0xC0, 0xC0, 0xC0, 0xC0, 0xC0, 0x00, 0xC0, 0xC0, 0x00, 0x00, 0x00, 0x00, 0xD8,
    0xD8, 0xD8, 0xD8, 0x00, 0x00, 0x00, 0x00, 0x00, 0x00, 0x00, 0x00, 0x00, 0x00, 0x00, 0x00, 0x06,
    0xC0, 0x06, 0xC0, 0x0D, 0x80, 0x7F, 0xE0, 0x1B, 0x00, 0x1B, 0x00, 0x1B, 0x00, 0xFF, 0xC0, 0x36,
    0x00, 0x6C, 0x00, 0x6C, 0x00, 0x00, 0x00, 0x00, 0x00, 0x00, 0x00, 0x0C, 0x00, 0x3F, 0x00, 0x6D,
    0x80, 0x6D, 0x80, 0x6C, 0x00, 0x3C, 0x00, 0x1E, 0x00, 0x0F, 0x00, 0x0D, 0x80, 0xCD, 0x80, 0x6D,
    0x80, 0x3F, 0x00, 0x0C, 0x00, 0x00, 0x00, 0x00, 0x00, 0x00, 0x00, 0x71, 0x80, 0xD9, 0x80, 0xDB,
    0x00, 0xDB, 0x00, 0x76, 0x00, 0x06, 0x00, 0x06, 0xE0, 0x0D, 0xB0, 0x0D, 0xB0, 0x19, 0xB0, 0x18,
    0xE0, 0x00, 0x00, 0x00, 0x00, 0x00, 0x00, 0x00, 0x00, 0x3C, 0x00, 0x66, 0x00, 0x66, 0x00, 0x66,
    0x00, 0x3C, 0x00, 0x7C, 0x00, 0xC6, 0xC0, 0xC3, 0x80, 0xC3, 0x00, 0x63, 0x80, 0x3E, 0xC0, 0x00,
    0x00, 0x00, 0x00, 0x00, 0x00, 0x00, 0xC0, 0xC0, 0xC0, 0xC0, 0x00, 0x00, 0x00, 0x00, 0x00, 0x00,
    0x00, 0x00, 0x00, 0x00, 0x00, 0x18, 0x30, 0x60, 0x60, 0xC0, 0xC0, 0xC0, 0xC0, 0xC0, 0xC0, 0x60,
    0x60, 0x30, 0x18, 0x00, 0xC0, 0x60, 0x30, 0x30, 0x18, 0x18, 0x18, 0x18, 0x18, 0x18, 0x30, 0x30,
    0x60, 0xC0, 0x18, 0xDB, 0x7E, 0x3C, 0x7E, 0xDB, 0x18, 0x00, 0x00, 0x00, 0x00, 0x00, 0x00, 0x00,
    0x00, 0x00, 0x00, 0x00, 0x00, 0x18, 0x18, 0x18, 0xFF, 0x18, 0x18, 0x18, 0x00, 0x00, 0x00, 0x00,
    0x00, 0x00, 0x00, 0x00, 0x00, 0x00, 0x00, 0x00, 0x00, 0x00, 0xE0, 0x60, 0x60, 0xC0, 0x00, 0x00,
    0x00, 0x00, 0x00, 0x00, 0x00, 0xFE, 0x00, 0x00, 0x00, 0x00, 0x00, 0x00, 0x00, 0x00, 0x00, 0x00,
    0x00, 0x00, 0x00, 0x00, 0x00, 0x00, 0x00, 0x00, 0xC0, 0xC0, 0x00, 0x00, 0x00, 0x00, 0x06, 0x06,
    0x0C, 0x0C, 0x18, 0x18, 0x30, 0x30, 0x60, 0x60, 0xC0, 0xC0, 0x00, 0x00, 0x00, 0x00, 0x3E, 0x00,
    0x63, 0x00, 0xC1, 0x80, 0xC1, 0x80, 0xC1, 0x80, 0xC1, 0x80, 0xC1, 0x80, 0xC1, 0x80, 0xC1, 0x80,
    0x63, 0x00, 0x3E, 0x00, 0x00, 0x00, 0x00, 0x00, 0x00, 0x00, 0x00, 0x18, 0x38, 0xF8, 0x18, 0x18,
    0x18, 0x18, 0x18, 0x18, 0x18, 0x18, 0x00, 0x00, 0x00, 0x00, 0x00, 0x3E, 0x00, 0x63, 0x00, 0xC1,
    0x80, 0xC1, 0x80, 0x03, 0x00, 0x06, 0x00, 0x1C, 0x00, 0x30, 0x00, 0x60, 0x00, 0xC0, 0x00, 0xFF,
    0x80, 0x00, 0x00, 0x00, 0x00, 0x00, 0x00, 0x00, 0x00, 0x3E, 0x00, 0x63, 0x00, 0xC1, 0x80, 0xC1,
    0x80, 0x03, 0x00, 0x1E, 0x00, 0x03, 0x00, 0xC1, 0x80, 0xC1, 0x80, 0x63, 0x00, 0x3E, 0x00, 0x00,
    0x00, 0x00, 0x00, 0x00, 0x00, 0x00, 0x00, 0x07, 0x00, 0x0F, 0x00, 0x1B, 0x00, 0x1B, 0x00, 0x33,
    0x00, 0x63, 0x00, 0xC3, 0x00, 0xFF, 0x80, 0x03, 0x00, 0x03, 0x00, 0x03, 0x00, 0x00, 0x00, 0x00,
    0x00, 0x00, 0x00, 0x00, 0x00, 0x3F, 0x80, 0x30, 0x00, 0x30, 0x00, 0x60, 0x00, 0x7E, 0x00, 0x73,
    0x00, 0x01, 0x80, 0x01, 0x80, 0xC1, 0x80, 0x63, 0x00, 0x3E, 0x00, 0x00, 0x00, 0x00, 0x00, 0x00,
    0x00, 0x00, 0x00, 0x3E, 0x00, 0x63, 0x00, 0xC0, 0x00, 0xC0, 0x00, 0xFE, 0x00, 0xE3, 0x00, 0xC1,
    0x80, 0xC1, 0x80, 0xC1, 0x80, 0x63, 0x00, 0x3E, 0x00, 0x00, 0x00, 0x00, 0x00, 0x00, 0x00, 0x00,
    0x00, 0xFF, 0x80, 0x01, 0x80, 0x03, 0x00, 0x06, 0x00, 0x0C, 0x00, 0x0C, 0x00, 0x18, 0x00, 0x18,
    0x00, 0x30, 0x00, 0x30, 0x00, 0x30, 0x00, 0x00, 0x00, 0x00, 0x00, 0x00, 0x00, 0x00, 0x00, 0x3E,
    0x00, 0x63, 0x00, 0x63, 0x00, 0x63, 0x00, 0x3E, 0x00, 0x63, 0x00, 0xC1, 0x80, 0xC1, 0x80, 0xC1,
    0x80, 0x63, 0x00, 0x3E, 0x00, 0x00, 0x00, 0x00, 0x00, 0x00, 0x00, 0x00, 0x00, 0x3E, 0x00, 0x63,
    0x00, 0xC1, 0x80, 0xC1, 0x80, 0xC1, 0x80, 0x63, 0x80, 0x3F, 0x80, 0x01, 0x80, 0x01, 0x80, 0x63,
    0x00, 0x3E, 0x00, 0x00, 0x00, 0x00, 0x00, 0x00, 0x00, 0x00, 0x00, 0x00, 0x00, 0xC0, 0xC0, 0x00,
    0x00, 0x00, 0x00, 0xC0, 0xC0, 0x00, 0x00, 0x00, 0x00, 0x00, 0x00, 0x00, 0x60, 0x60, 0x00, 0x00,
    0x00, 0x00, 0xE0, 0x60, 0x60, 0xC0, 0x00, 0x00, 0x06, 0x0C, 0x18, 0x30, 0x60, 0xC0, 0x60, 0x30,
    0x18, 0x0C, 0x06, 0x00, 0x00, 0x00, 0x00, 0x00, 0x00, 0x00, 0x00, 0x00, 0xFE, 0x00, 0x00, 0xFE,
    0x00, 0x00, 0x00, 0x00, 0x00, 0x00, 0xC0, 0x60, 0x30, 0x18, 0x0C, 0x06, 0x0C, 0x18, 0x30, 0x60,
    0xC0, 0x00, 0x00, 0x00, 0x00, 0x7C, 0xC6, 0xC6, 0x06, 0x0C, 0x18, 0x30, 0x30, 0x00, 0x30, 0x30,
    0x00, 0x00, 0x00, 0x00, 0x00, 0x1F, 0xE0, 0x70, 0x30, 0x67, 0xD8, 0xCD, 0xD8, 0xD8, 0xD8, 0xD8,
    0xD8, 0xD9, 0x98, 0xDB, 0xB0, 0x6E, 0xE0, 0x70, 0x18, 0x1F, 0xF0, 0x00, 0x00, 0x00, 0x00, 0x00,
    0x00, 0x00, 0x00, 0x1E, 0x00, 0x1E, 0x00, 0x1E, 0x00, 0x33, 0x00, 0x33, 0x00, 0x33, 0x00, 0x61,
    0x80, 0x7F, 0x80, 0x61, 0x80, 0xC0, 0xC0, 0xC0, 0xC0, 0x00, 0x00, 0x00, 0x00, 0x00, 0x00, 0x00,
    0x00, 0xFF, 0x00, 0xC1, 0x80, 0xC1, 0x80, 0xC1, 0x80, 0xC1, 0x80, 0xFF, 0x80, 0xC0, 0xC0, 0xC0,
    0xC0, 0xC0, 0xC0, 0xC0, 0xC0, 0xFF, 0x80, 0x00, 0x00, 0x00, 0x00, 0x00, 0x00, 0x00, 0x00, 0x1F,
    0x80, 0x70, 0xC0, 0x60, 0x60, 0xC0, 0x60, 0xC0, 0x00, 0xC0, 0x00, 0xC0, 0x00, 0xC0, 0x60, 0x60,
    0x60, 0x70, 0xC0, 0x1F, 0x80, 0x00, 0x00, 0x00, 0x00, 0x00, 0x00, 0x00, 0x00, 0xFE, 0x00, 0xC3,
    0x80, 0xC1, 0x80, 0xC0, 0xC0, 0xC0, 0xC0, 0xC0, 0xC0, 0xC0, 0xC0, 0xC0, 0xC0, 0xC1, 0x80, 0xC3,
    0x80, 0xFE, 0x00, 0x00, 0x00, 0x00, 0x00, 0x00, 0x00, 0x00, 0x00, 0xFF, 0x80, 0xC0, 0x00, 0xC0,
    0x00, 0xC0, 0x00, 0xC0, 0x00, 0xFF, 0x00, 0xC0, 0x00, 0xC0, 0x00, 0xC0, 0x00, 0xC0, 0x00, 0xFF,
    0x80, 0x00, 0x00, 0x00, 0x00, 0x00, 0x00, 0x00, 0x00, 0xFF, 0x80, 0xC0, 0x00, 0xC0, 0x00, 0xC0,
    0x00, 0xC0, 0x00, 0xFF, 0x00, 0xC0, 0x00, 0xC0, 0x00, 0xC0, 0x00, 0xC0, 0x00, 0xC0, 0x00, 0x00,
    0x00, 0x00, 0x00, 0x00, 0x00, 0x00, 0x00, 0x1F, 0x80, 0x70, 0xC0, 0x60, 0x60, 0xC0, 0x60, 0xC0,
    0x00, 0xC7, 0xE0, 0xC0, 0x60, 0xC0, 0x60, 0x60, 0x60, 0x70, 0xE0, 0x1F, 0xE0, 0x00, 0x00, 0x00,
    0x00, 0x00, 0x00, 0x00, 0x00, 0xC0, 0xC0, 0xC0, 0xC0, 0xC0, 0xC0, 0xC0, 0xC0, 0xC0, 0xC0, 0xFF,
    0xC0, 0xC0, 0xC0, 0xC0, 0xC0, 0xC0, 0xC0, 0xC0, 0xC0, 0xC0, 0xC0, 0x00, 0x00, 0x00, 0x00, 0x00,
    0x00, 0x00, 0xC0, 0xC0, 0xC0, 0xC0, 0xC0, 0xC0, 0xC0, 0xC0, 0xC0, 0xC0, 0xC0, 0x00, 0x00, 0x00,
    0x00, 0x03, 0x03, 0x03, 0x03, 0x03, 0x03, 0x03, 0xC3, 0xC3, 0x66, 0x3C, 0x00, 0x00, 0x00, 0x00,
    0x00, 0xC1, 0x80, 0xC3, 0x00, 0xC6, 0x00, 0xCC, 0x00, 0xDC, 0x00, 0xF6, 0x00, 0xE6, 0x00, 0xC3,
    0x00, 0xC3, 0x00, 0xC1, 0x80, 0xC1, 0x80, 0x00, 0x00, 0x00, 0x00, 0x00, 0x00, 0x00, 0xC0, 0xC0,
    0xC0, 0xC0, 0xC0, 0xC0, 0xC0, 0xC0, 0xC0, 0xC0, 0xFF, 0x00, 0x00, 0x00, 0x00, 0x00, 0xE0, 0x38,
    0xE0, 0x38, 0xF0, 0x78, 0xF0, 0x78, 0xD8, 0xD8, 0xD8, 0xD8, 0xCD, 0x98, 0xCD, 0x98, 0xCD, 0x98,
    0xC7, 0x18, 0xC7, 0x18, 0x00, 0x00, 0x00, 0x00, 0x00, 0x00, 0x00, 0x00, 0xE0, 0xC0, 0xE0, 0xC0,
    0xF0, 0xC0, 0xD8, 0xC0, 0xD8, 0xC0, 0xCC, 0xC0, 0xC6, 0xC0, 0xC6, 0xC0, 0xC3, 0xC0, 0xC1, 0xC0,
    0xC1, 0xC0, 0x00, 0x00, 0x00, 0x00, 0x00, 0x00, 0x00, 0x00, 0x1F, 0x80, 0x70, 0xE0, 0x60, 0x60,
    0xC0, 0x30, 0xC0, 0x30, 0xC0, 0x30, 0xC0, 0x30, 0xC0, 0x30, 0x60, 0x60, 0x70, 0xE0, 0x1F, 0x80,
    0x00, 0x00, 0x00, 0x00, 0x00, 0x00, 0x00, 0x00, 0xFE, 0x00, 0xC3, 0x00, 0xC1, 0x80, 0xC1, 0x80,
    0xC1, 0x80, 0xC3, 0x00, 0xFE, 0x00, 0xC0, 0x00, 0xC0, 0x00, 0xC0, 0x00, 0xC0, 0x00, 0x00, 0x00,
    0x00, 0x00, 0x00, 0x00, 0x00, 0x00, 0x1F, 0x80, 0x70, 0xE0, 0x60, 0x60, 0xC0, 0x30, 0xC0, 0x30,
    0xC0, 0x30, 0xC0, 0x30, 0xC0, 0x30, 0x63, 0x60, 0x71, 0xE0, 0x1F, 0xC0, 0x00, 0x60, 0x00, 0x30,
    0x00, 0x00, 0x00, 0x00, 0xFF, 0x00, 0xC1, 0x80, 0xC0, 0xC0, 0xC0, 0xC0, 0xC1, 0x80, 0xFF, 0x00,
    0xC1, 0x80, 0xC1, 0x80, 0xC0, 0xC0, 0xC0, 0xC0, 0xC0, 0xC0, 0x00, 0x00, 0x00, 0x00, 0x00, 0x00,
    0x00, 0x00, 0x3F, 0x00, 0x61, 0x80, 0xC0, 0xC0, 0xC0, 0xC0, 0x78, 0x00, 0x0F, 0x00, 0x01, 0x80,
    0xC0, 0xC0, 0xC0, 0xC0, 0x61, 0x80, 0x3F, 0x00, 0x00, 0x00, 0x00, 0x00, 0x00, 0x00, 0x00, 0x00,
    0xFF, 0xC0, 0x0C, 0x00, 0x0C, 0x00, 0x0C, 0x00, 0x0C, 0x00, 0x0C, 0x00, 0x0C, 0x00, 0x0C, 0x00,
    0x0C, 0x00, 0x0C, 0x00, 0x0C, 0x00, 0x00, 0x00, 0x00, 0x00, 0x00, 0x00, 0x00, 0x00, 0xC0, 0xC0,
    0xC0, 0xC0, 0xC0, 0xC0, 0xC0, 0xC0, 0xC0, 0xC0, 0xC0, 0xC0, 0xC0, 0xC0, 0xC0, 0xC0, 0xC0, 0xC0,
    0x61, 0x80, 0x3F, 0x00, 0x00, 0x00, 0x00, 0x00, 0x00, 0x00, 0x00, 0x00, 0xC0, 0xC0, 0xC0, 0xC0,
    0x61, 0x80, 0x61, 0x80, 0x61, 0x80, 0x33, 0x00, 0x33, 0x00, 0x33, 0x00, 0x1E, 0x00, 0x1E, 0x00,
    0x0C, 0x00, 0x00, 0x00, 0x00, 0x00, 0x00, 0x00, 0x00, 0x00, 0xC3, 0x86, 0xC3, 0x86, 0xC3, 0x86,
    0x66, 0xCC, 0x66, 0xCC, 0x66, 0xCC, 0x3C, 0x78, 0x3C, 0x78, 0x3C, 0x78, 0x18, 0x30, 0x18, 0x30,
    0x00, 0x00, 0x00, 0x00, 0x00, 0x00, 0x00, 0x00, 0xC0, 0xC0, 0x61, 0x80, 0x33, 0x00, 0x33, 0x00,
    0x1E, 0x00, 0x0C, 0x00, 0x1E, 0x00, 0x33, 0x00, 0x33, 0x00, 0x61, 0x80, 0xC0, 0xC0, 0x00, 0x00,
    0x00, 0x00, 0x00, 0x00, 0x00, 0x00, 0xC0, 0xC0, 0xC0, 0xC0, 0x61, 0x80, 0x33, 0x00, 0x33, 0x00,
    0x1E, 0x00, 0x0C, 0x00, 0x0C, 0x00, 0x0C, 0x00, 0x0C, 0x00, 0x0C, 0x00, 0x00, 0x00, 0x00, 0x00,
    0x00, 0x00, 0x00, 0x00, 0xFF, 0x80, 0x01, 0x80, 0x03, 0x00, 0x06, 0x00, 0x0C, 0x00, 0x0C, 0x00,
    0x18, 0x00, 0x30, 0x00, 0x60, 0x00, 0xC0, 0x00, 0xFF, 0x80, 0x00, 0x00, 0x00, 0x00, 0x00, 0x00,
    0xFC, 0xC0, 0xC0, 0xC0, 0xC0, 0xC0, 0xC0, 0xC0, 0xC0, 0xC0, 0xC0, 0xC0, 0xC0, 0xFC, 0x00, 0x00,
    0xC0, 0xC0, 0x60, 0x60, 0x30, 0x30, 0x18, 0x18, 0x0C, 0x0C, 0x06, 0x06, 0x00, 0x00, 0xFC, 0x0C,
    0x0C, 0x0C, 0x0C, 0x0C, 0x0C, 0x0C, 0x0C, 0x0C, 0x0C, 0x0C, 0x0C, 0xFC, 0x00, 0x18, 0x3C, 0x66,
    0xC3, 0x00, 0x00, 0x00, 0x00, 0x00, 0x00, 0x00, 0x00, 0x00, 0x00, 0x00, 0x00, 0x00, 0x00, 0x00,
    0x00, 0x00, 0x00, 0x00, 0x00, 0x00, 0x00, 0x00, 0x00, 0x00, 0x00, 0x00, 0x00, 0x00, 0x00, 0x00,
    0x00, 0x00, 0x00, 0x00, 0xFF, 0xC0, 0xFF, 0xC0, 0x00, 0x00, 0xE0, 0xE0, 0xC0, 0x70, 0x00, 0x00,
    0x00, 0x00, 0x00, 0x00, 0x00, 0x00, 0x00, 0x00, 0x00, 0x00, 0x00, 0x00, 0x00, 0x00, 0x00, 0x00,
    0x00, 0x3E, 0x00, 0x63, 0x00, 0x03, 0x00, 0x7F, 0x00, 0xC3, 0x00, 0xC3, 0x00, 0xC7, 0x00, 0x7F,
    0x80, 0x00, 0x00, 0x00, 0x00, 0x00, 0x00, 0x00, 0xC0, 0xC0, 0xC0, 0xFC, 0xE6, 0xC3, 0xC3, 0xC3,
    0xC3, 0xE6, 0xFC, 0x00, 0x00, 0x00, 0x00, 0x00, 0x00, 0x00, 0x3E, 0x63, 0xC3, 0xC0, 0xC0, 0xC3,
    0x63, 0x3E, 0x00, 0x00, 0x00, 0x00, 0x03, 0x03, 0x03, 0x3F, 0x67, 0xC3, 0xC3, 0xC3, 0xC3, 0x67,
    0x3F, 0x00, 0x00, 0x00, 0x00, 0x00, 0x00, 0x00, 0x3C, 0x66, 0xC3, 0xFF, 0xC0, 0xC0, 0x63, 0x3E,
    0x00, 0x00, 0x00, 0x00, 0x3C, 0x60, 0x60, 0xF8, 0x60, 0x60, 0x60, 0x60, 0x60, 0x60, 0x60, 0x00,
    0x00, 0x00, 0x00, 0x00, 0x00, 0x00, 0x3F, 0x67, 0xC3, 0xC3, 0xC3, 0xC3, 0x67, 0x3F, 0xC3, 0xC3,
    0x7E, 0x00, 0xC0, 0xC0, 0xC0, 0xFE, 0xE3, 0xC3, 0xC3, 0xC3, 0xC3, 0xC3, 0xC3, 0x00, 0x00, 0x00,
    0x00, 0xC0, 0xC0, 0x00, 0xC0, 0xC0, 0xC0, 0xC0, 0xC0, 0xC0, 0xC0, 0xC0, 0x00, 0x00, 0x00, 0x00,
    0x30, 0x30, 0x00, 0x30, 0x30, 0x30, 0x30, 0x30, 0x30, 0x30, 0x30, 0x30, 0xE0, 0x00, 0x00, 0xC0,
    0xC0, 0xC0, 0xC6, 0xCC, 0xD8, 0xF8, 0xEC, 0xCC, 0xC6, 0xC6, 0x00, 0x00, 0x00, 0x00, 0xC0, 0xC0,
    0xC0, 0xC0, 0xC0, 0xC0, 0xC0, 0xC0, 0xC0, 0xC0, 0xC0, 0x00, 0x00, 0x00, 0x00, 0x00, 0x00, 0x00,
    0x00, 0x00, 0x00, 0x00, 0xFF, 0xE0, 0xE6, 0x30, 0xC6, 0x30, 0xC6, 0x30, 0xC6, 0x30, 0xC6, 0x30,
    0xC6, 0x30, 0xC6, 0x30, 0x00, 0x00, 0x00, 0x00, 0x00, 0x00, 0x00, 0x00, 0x00, 0x00, 0xFE, 0xE3,
    0xC3, 0xC3, 0xC3, 0xC3, 0xC3, 0xC3, 0x00, 0x00, 0x00, 0x00, 0x00, 0x00, 0x00, 0x00, 0x00, 0x00,
    0x00, 0x3E, 0x00, 0x63, 0x00, 0xC1, 0x80, 0xC1, 0x80, 0xC1, 0x80, 0xC1, 0x80, 0x63, 0x00, 0x3E,
    0x00, 0x00, 0x00, 0x00, 0x00, 0x00, 0x00, 0x00, 0x00, 0x00, 0x00, 0xFC, 0xE6, 0xC3, 0xC3, 0xC3,
    0xC3, 0xE6, 0xFC, 0xC0, 0xC0, 0xC0, 0x00, 0x00, 0x00, 0x00, 0x3F, 0x67, 0xC3, 0xC3, 0xC3, 0xC3,
    0x67, 0x3F, 0x03, 0x03, 0x03, 0x00, 0x00, 0x00, 0x00, 0xF8, 0xE0, 0xC0, 0xC0, 0xC0, 0xC0, 0xC0,
    0xC0, 0x00, 0x00, 0x00, 0x00, 0x00, 0x00, 0x00, 0x7C, 0xC6, 0xC0, 0x70, 0x1C, 0xC6, 0xC6, 0x7C,
    0x00, 0x00, 0x00, 0x00, 0x00, 0x60, 0x60, 0xF8, 0x60, 0x60, 0x60, 0x60, 0x60, 0x60, 0x38, 0x00,
    0x00, 0x00, 0x00, 0x00, 0x00, 0x00, 0xC3, 0xC3, 0xC3, 0xC3, 0xC3, 0xC3, 0xC7, 0x7F, 0x00, 0x00,
    0x00, 0x00, 0x00, 0x00, 0x00, 0xC3, 0xC3, 0x66, 0x66, 0x66, 0x3C, 0x3C, 0x18, 0x00, 0x00, 0x00,
    0x00, 0x00, 0x00, 0x00, 0x00, 0x00, 0x00, 0x00, 0xC6, 0x30, 0xC6, 0x30, 0xCF, 0x30, 0x6F, 0x60,
    0x79, 0xE0, 0x79, 0xE0, 0x30, 0xC0, 0x30, 0xC0, 0x00, 0x00, 0x00, 0x00, 0x00, 0x00, 0x00, 0x00,
    0x00, 0x00, 0x66, 0x66, 0x3C, 0x18, 0x3C, 0x66, 0xC3, 0xC3, 0x00, 0x00, 0x00, 0x00, 0x00, 0x00,
    0x00, 0xC3, 0xC3, 0x63, 0x66, 0x66, 0x3C, 0x3C, 0x18, 0x18, 0xD8, 0x70, 0x00, 0x00, 0x00, 0x00,
    0xFE, 0x06, 0x0C, 0x18, 0x30, 0x60, 0xC0, 0xFE, 0x00, 0x00, 0x00, 0x1C, 0x30, 0x30, 0x30, 0x30,
    0x30, 0x30, 0xE0, 0x30, 0x30, 0x30, 0x30, 0x30, 0x30, 0x1C, 0x00, 0xC0, 0xC0, 0xC0, 0xC0, 0xC0,
    0xC0, 0xC0, 0xC0, 0xC0, 0xC0, 0xC0, 0xC0, 0xC0, 0x00, 0xE0, 0x30, 0x30, 0x30, 0x30, 0x30, 0x30,
    0x1C, 0x30, 0x30, 0x30, 0x30, 0x30, 0x30, 0xE0, 0x00, 0x00, 0x00, 0x00, 0x00, 0x00, 0x00, 0x00,
    0x00, 0x00, 0x38, 0xC0, 0x6D, 0x80, 0xC7, 0x00, 0x00, 0x00, 0x00, 0x00, 0x00, 0x00, 0x00, 0x00,
    0x00, 0x00, 0x00, 0x00, 0x00, 0x00, 0x00, 0x0E, 0x1B, 0x18, 0x18, 0x18, 0x18, 0x18, 0x18, 0x18,
    0x18, 0xD8, 0x70, 0x00, 0x00,
};

const display_font_t font_hl14b = {
    .glyphs = hl14b_glyphs,
    .bitmap = hl14b_bitmap,
    .family = &font_family_hl14,
    .first_character = 0,
    .glyph_count = 128,
    .height = 15,
    .baseline = 12,
    .fallback_character = 63,
    .style = 1,
};

static const display_font_glyph_t jess14_glyphs[] = {
    { 0, 4, 8, 1, 1 }, /* 0x00 */
    { 14, 5, 9, 1, 1 }, /* 0x01 */
    { 28, 8, 9, 0, 1 }, /* 0x02 */
    { 42, 6, 9, 1, 1 }, /* 0x03 */
    { 56, 7, 9, 0, 1 }, /* 0x04 */
    { 70, 7, 9, 0, 1 }, /* 0x05 */
    { 84, 5, 9, 1, 1 }, /* 0x06 */
    { 98, 7, 9, 0, 1 }, /* 0x07 */
    { 112, 7, 9, 0, 1 }, /* 0x08 */
    { 126, 7, 9, 0, 1 }, /* 0x09 */
    { 140, 7, 9, 0, 1 }, /* 0x0A */
    { 154, 5, 9, 1, 1 }, /* 0x0B */
    { 168, 7, 9, 0, 1 }, /* 0x0C */
    { 182, 7, 9, 0, 1 }, /* 0x0D */
    { 196, 9, 11, 0, 1 }, /* 0x0E */
    { 224, 6, 9, 1, 1 }, /* 0x0F */
    { 238, 7, 9, 0, 1 }, /* 0x10 */
    { 252, 7, 9, 0, 1 }, /* 0x11 */
    { 266, 6, 8, 0, 1 }, /* 0x12 */
    { 280, 6, 8, 0, 1 }, /* 0x13 */
    { 294, 7, 9, 0, 1 }, /* 0x14 */
    { 308, 7, 9, 0, 1 }, /* 0x15 */
    { 322, 7, 9, 0, 1 }, /* 0x16 */
    { 336, 6, 9, 0, 1 }, /* 0x17 */
    { 350, 7, 9, 0, 1 }, /* 0x18 */
    { 364, 7, 9, 0, 1 }, /* 0x19 */
    { 378, 7, 9, 0, 1 }, /* 0x1A */
    { 392, 7, 9, 0, 1 }, /* 0x1B */
    { 406, 7, 9, 0, 1 }, /* 0x1C */
    { 420, 7, 9, 0, 1 }, /* 0x1D */
    { 434, 7, 9, 0, 1 }, /* 0x1E */
    { 448, 7, 9, 0, 1 }, /* 0x1F */
    { 462, 0, 7, 0, 1 }, /* 0x20 */
    { 462, 1, 5, 1, 1 }, /* 0x21 */
    { 476, 5, 7, 0, 1 }, /* 0x22 */
    { 490, 8, 9, 0, 1 }, /* 0x23 */
    { 504, 7, 9, 0, 1 }, /* 0x24 */
    { 518, 8, 9, 0, 1 }, /* 0x25 */
    { 532, 7, 9, 0, 1 }, /* 0x26 */
    { 546, 2, 4, 0, 1 }, /* 0x27 */
    { 560, 3, 7, 1, 1 }, /* 0x28 */
    { 574, 3, 7, 0, 1 }, /* 0x29 */
    { 588, 7, 9, 0, 1 }, /* 0x2A */
    { 602, 7, 9, 0, 1 }, /* 0x2B */
    { 616, 3, 5, -1, 1 }, /* 0x2C */
    { 630, 7, 9, 0, 1 }, /* 0x2D */
    { 644, 2, 6, 0, 1 }, /* 0x2E */
    { 658, 6, 9, 1, 1 }, /* 0x2F */
    { 672, 7, 9, 0, 1 }, /* 0x30 */
    { 686, 5, 9, 1, 1 }, /* 0x31 */
    { 700, 7, 9, 0, 1 }, /* 0x32 */
    { 714, 7, 9, 0, 1 }, /* 0x33 */
    { 728, 7, 9, 0, 1 }, /* 0x34 */
    { 742, 7, 9, 0, 1 }, /* 0x35 */
    { 756, 7, 9, 0, 1 }, /* 0x36 */
    { 770, 7, 9, 0, 1 }, /* 0x37 */
    { 784, 7, 9, 0, 1 }, /* 0x38 */
    { 798, 7, 9, 0, 1 }, /* 0x39 */
    { 812, 2, 6, 1, 1 }, /* 0x3A */
    { 826, 3, 5, -1, 1 }, /* 0x3B */
    { 840, 7, 9, 0, 1 }, /* 0x3C */
    { 854, 7, 9, 0, 1 }, /* 0x3D */
    { 868, 7, 9, 0, 1 }, /* 0x3E */
    { 882, 7, 9, 0, 1 }, /* 0x3F */
    { 896, 7, 9, 0, 1 }, /* 0x40 */
    { 910, 7, 9, 0, 1 }, /* 0x41 */
    { 924, 7, 9, 0, 1 }, /* 0x42 */
    { 938, 6, 8, 0, 1 }, /* 0x43 */
    { 952, 7, 9, 0, 1 }, /* 0x44 */
    { 966, 6, 8, 0, 1 }, /* 0x45 */
    { 980, 6, 8, 0, 1 }, /* 0x46 */
    { 994, 7, 9, 0, 1 }, /* 0x47 */
    { 1008, 7, 9, 0, 1 }, /* 0x48 */
    { 1022, 5, 7, 0, 1 }, /* 0x49 */
    { 1036, 6, 9, 0, 1 }, /* 0x4A */
    { 1050, 8, 9, 0, 1 }, /* 0x4B */
    { 1064, 6, 8, 0, 1 }, /* 0x4C */
    { 1078, 8, 10, 0, 1 }, /* 0x4D */
    { 1092, 7, 9, 0, 1 }, /* 0x4E */
    { 1106, 7, 9, 0, 1 }, /* 0x4F */
    { 1120, 7, 9, 0, 1 }, /* 0x50 */
    { 1134, 7, 9, 0, 1 }, /* 0x51 */
    { 1148, 7, 9, 0, 1 }, /* 0x52 */
    { 1162, 7, 9, 0, 1 }, /* 0x53 */
    { 1176, 7, 9, 0, 1 }, /* 0x54 */
    { 1190, 7, 9, 0, 1 }, /* 0x55 */
    { 1204, 7, 9, 0, 1 }, /* 0x56 */
    { 1218, 11, 13, 0, 1 }, /* 0x57 */
    { 1246, 9, 9, -1, 1 }, /* 0x58 */
    { 1274, 7, 9, 0, 1 }, /* 0x59 */
    { 1288, 7, 9, 0, 1 }, /* 0x5A */
    { 1302, 3, 7, 2, 1 }, /* 0x5B */
    { 1316, 6, 9, 1, 1 }, /* 0x5C */
    { 1330, 3, 7, 0, 1 }, /* 0x5D */
    { 1344, 7, 9, 0, 1 }, /* 0x5E */
    { 1358, 7, 9, 0, 1 }, /* 0x5F */
    { 1372, 2, 4, 0, 1 }, /* 0x60 */
    { 1386, 6, 8, 0, 1 }, /* 0x61 */
    { 1400, 6, 8, 0, 1 }, /* 0x62 */
    { 1414, 6, 8, 0, 1 }, /* 0x63 */
    { 1428, 6, 9, 0, 1 }, /* 0x64 */
    { 1442, 6, 8, 0, 1 }, /* 0x65 */
    { 1456, 6, 7, 0, 1 }, /* 0x66 */
    { 1470, 6, 8, 0, 1 }, /* 0x67 */
    { 1484, 6, 8, 0, 1 }, /* 0x68 */
    { 1498, 2, 5, 0, 1 }, /* 0x69 */
    { 1512, 5, 5, -2, 1 }, /* 0x6A */
    { 1526, 6, 8, 0, 1 }, /* 0x6B */
    { 1540, 2, 5, 0, 1 }, /* 0x6C */
    { 1554, 11, 13, 0, 1 }, /* 0x6D */
    { 1582, 6, 8, 0, 1 }, /* 0x6E */
    { 1596, 6, 8, 0, 1 }, /* 0x6F */
    { 1610, 6, 8, 0, 1 }, /* 0x70 */
    { 1624, 6, 8, 0, 1 }, /* 0x71 */
    { 1638, 6, 7, 0, 1 }, /* 0x72 */
    { 1652, 6, 8, 0, 1 }, /* 0x73 */
    { 1666, 6, 7, 0, 1 }, /* 0x74 */
    { 1680, 6, 8, 0, 1 }, /* 0x75 */
    { 1694, 7, 9, 0, 1 }, /* 0x76 */
    { 1708, 9, 11, 0, 1 }, /* 0x77 */
    { 1736, 7, 9, 0, 1 }, /* 0x78 */
    { 1750, 7, 8, -1, 1 }, /* 0x79 */
    { 1764, 6, 8, 0, 1 }, /* 0x7A */
    { 1778, 7, 9, 0, 1 }, /* 0x7B */
    { 1792, 1, 9, 3, 1 }, /* 0x7C */
    { 1806, 7, 9, 0, 1 }, /* 0x7D */
    { 1820, 6, 9, 0, 1 }, /* 0x7E */
    { 1834, 7, 9, 0, 1 }, /* 0x7F */
};

static const uint8_t jess14_bitmap[] = {
    0x00, 0x00, 0x00, 0x00, 0x00, 0x00, 0x60, 0xF0, 0xF0, 0x60, 0x00, 0x00, 0x00, 0x00, 0x00, 0x00,
    0x20, 0x20, 0x20, 0x20, 0x20, 0x20, 0xA8, 0x70, 0x20, 0x00, 0x00, 0x00, 0x00, 0x00, 0x00, 0x00,
    0x00, 0x02, 0x62, 0x94, 0x88, 0x88, 0x94, 0x63, 0x00, 0x00, 0x00, 0x00, 0x00, 0x38, 0x44, 0x44,
    0x84, 0xF8, 0x84, 0x84, 0x84, 0xF8, 0x80, 0x80, 0x00, 0x00, 0x00, 0x00, 0x00, 0x00, 0x10, 0x28,
    0x44, 0x82, 0x00, 0x00, 0x00, 0x00, 0x00, 0x00, 0x00, 0x00, 0x00, 0x00, 0x00, 0xFE, 0x02, 0x02,
    0x00, 0x00, 0x00, 0x00, 0x00, 0x00, 0x00, 0x00, 0x00, 0x38, 0x40, 0x80, 0xF8, 0x80, 0x40, 0x38,
    0x00, 0x00, 0x00, 0x00, 0x00, 0x00, 0x00, 0xFE, 0x44, 0x44, 0x44, 0x44, 0x44, 0x44, 0x00, 0x00,
    0x00, 0x80, 0x40, 0x40, 0x20, 0x10, 0x10, 0x28, 0x24, 0x44, 0x42, 0x82, 0x00, 0x00, 0x00, 0x00,
    0x00, 0x00, 0x00, 0x82, 0x44, 0x28, 0x30, 0x20, 0x60, 0x60, 0x60, 0x40, 0x00, 0x38, 0x44, 0x42,
    0x40, 0x20, 0x18, 0x24, 0x42, 0x82, 0x82, 0x7C, 0x00, 0x00, 0x00, 0x00, 0x00, 0x20, 0x70, 0xA8,
    0x20, 0x20, 0x20, 0x20, 0x20, 0x20, 0x00, 0x00, 0x00, 0x00, 0x00, 0x00, 0x10, 0x10, 0x10, 0xFE,
    0x10, 0x10, 0x10, 0xFE, 0x00, 0x00, 0x00, 0x00, 0x00, 0x00, 0x38, 0x54, 0x92, 0xFE, 0x92, 0x54,
    0x38, 0x00, 0x00, 0x00, 0x00, 0x00, 0x00, 0x00, 0x00, 0x00, 0x00, 0x00, 0x00, 0x00, 0x77, 0x00,
    0x88, 0x80, 0x88, 0x80, 0x88, 0x80, 0x88, 0x80, 0x77, 0x00, 0x00, 0x00, 0x00, 0x00, 0x00, 0x00,
    0x00, 0x00, 0x70, 0x88, 0x04, 0x04, 0x3C, 0x44, 0x84, 0x84, 0x88, 0x70, 0x00, 0x00, 0x00, 0x00,
    0x00, 0x00, 0x00, 0x7E, 0x80, 0x80, 0x80, 0x80, 0x7E, 0x00, 0x00, 0x00, 0x00, 0x00, 0x00, 0x00,
    0x00, 0xFC, 0x02, 0x02, 0x02, 0x02, 0xFC, 0x00, 0x00, 0x00, 0x00, 0x00, 0x00, 0x00, 0x78, 0x84,
    0x84, 0x84, 0x84, 0x84, 0x84, 0x00, 0x00, 0x00, 0x00, 0x00, 0x00, 0x00, 0x84, 0x84, 0x84, 0x84,
    0x84, 0x84, 0x78, 0x00, 0x00, 0x00, 0x00, 0x82, 0x82, 0x82, 0x7C, 0x44, 0x44, 0x28, 0x28, 0x28,
    0x10, 0x10, 0x00, 0x00, 0x00, 0xFE, 0x02, 0x02, 0x02, 0x02, 0x3E, 0x02, 0x02, 0x02, 0x02, 0xFE,
    0x00, 0x00, 0x00, 0x00, 0x00, 0x00, 0x38, 0x44, 0xAA, 0x92, 0xAA, 0x44, 0x38, 0x00, 0x00, 0x00,
    0x00, 0x00, 0x00, 0x00, 0x10, 0x08, 0xFC, 0x08, 0x10, 0x20, 0x40, 0xFC, 0x40, 0x20, 0x00, 0x00,
    0x00, 0x00, 0x00, 0x20, 0x40, 0xFE, 0x40, 0x20, 0x00, 0x00, 0x00, 0x00, 0x00, 0x00, 0x00, 0x00,
    0x00, 0x08, 0x04, 0xFE, 0x04, 0x08, 0x00, 0x00, 0x00, 0x00, 0x00, 0x00, 0x00, 0x04, 0x04, 0x08,
    0xFE, 0x10, 0x20, 0xFE, 0x40, 0x80, 0x00, 0x00, 0x00, 0x00, 0x00, 0x10, 0x10, 0x28, 0x44, 0x82,
    0x44, 0x28, 0x10, 0x10, 0x00, 0x00, 0x00, 0x00, 0x00, 0x00, 0x06, 0x18, 0x60, 0x80, 0x60, 0x18,
    0x06, 0xFE, 0x00, 0x00, 0x00, 0x00, 0x00, 0x00, 0xC0, 0x30, 0x0C, 0x02, 0x0C, 0x30, 0xC0, 0xFE,
    0x00, 0x00, 0x00, 0x00, 0x00, 0x00, 0x00, 0xFE, 0x00, 0xFE, 0x00, 0xFE, 0x00, 0x00, 0x00, 0x00,
    0x00, 0x00, 0x00, 0x00, 0x00, 0x00, 0x82, 0x44, 0x28, 0x10, 0x00, 0x00, 0x00, 0x00, 0x80, 0x80,
    0x80, 0x80, 0x80, 0x80, 0x80, 0x80, 0x00, 0x00, 0x80, 0x80, 0x00, 0x00, 0x00, 0x48, 0xD8, 0x90,
    0x90, 0x00, 0x00, 0x00, 0x00, 0x00, 0x00, 0x00, 0x00, 0x00, 0x00, 0x12, 0x12, 0x12, 0x7F, 0x24,
    0x24, 0x24, 0xFE, 0x48, 0x48, 0x48, 0x00, 0x00, 0x00, 0x10, 0x3C, 0x52, 0x90, 0x90, 0x7C, 0x12,
    0x12, 0x94, 0x78, 0x10, 0x00, 0x00, 0x00, 0x63, 0x9D, 0x92, 0x64, 0x04, 0x08, 0x10, 0x16, 0x29,
    0x49, 0x46, 0x00, 0x00, 0x00, 0x70, 0x88, 0x88, 0x88, 0x50, 0x30, 0x50, 0x8A, 0x84, 0x8C, 0x72,
    0x00, 0x00, 0xC0, 0xC0, 0x40, 0x80, 0x00, 0x00, 0x00, 0x00, 0x00, 0x00, 0x00, 0x00, 0x00, 0x00,
    0x20, 0x40, 0x40, 0x80, 0x80, 0x80, 0x80, 0x80, 0x80, 0x80, 0x40, 0x40, 0x20, 0x00, 0x80, 0x40,
    0x40, 0x20, 0x20, 0x20, 0x20, 0x20, 0x20, 0x20, 0x40, 0x40, 0x80, 0x00, 0x00, 0x00, 0x00, 0x10,
    0x92, 0x54, 0x38, 0x38, 0x54, 0x92, 0x10, 0x00, 0x00, 0x00, 0x00, 0x00, 0x00, 0x00, 0x10, 0x10,
    0x10, 0xFE, 0x10, 0x10, 0x10, 0x00, 0x00, 0x00, 0x00, 0x00, 0x00, 0x00, 0x00, 0x00, 0x00, 0x00,
    0x00, 0x00, 0x60, 0x60, 0x40, 0x80, 0x00, 0x00, 0x00, 0x00, 0x00, 0x00, 0x00, 0xFE, 0x00, 0x00,
    0x00, 0x00, 0x00, 0x00, 0x00, 0x00, 0x00, 0x00, 0x00, 0x00, 0x00, 0x00, 0x00, 0x00, 0xC0, 0xC0,
    0x00, 0x00, 0x04, 0x0C, 0x08, 0x18, 0x10, 0x30, 0x20, 0x60, 0x40, 0xC0, 0x80, 0x80, 0x00, 0x00,
    0x3C, 0x42, 0x82, 0x86, 0x8A, 0x92, 0xA2, 0xC2, 0x82, 0x82, 0x84, 0x78, 0x00, 0x00, 0x20, 0x20,
    0xE0, 0x20, 0x20, 0x20, 0x20, 0x20, 0x20, 0x20, 0x20, 0xF8, 0x00, 0x00, 0x3C, 0x42, 0x82, 0x02,
    0x04, 0x08, 0x10, 0x20, 0x40, 0x80, 0x80, 0xFE, 0x00, 0x00, 0x3C, 0x42, 0x82, 0x02, 0x04, 0x3C,
    0x02, 0x02, 0x02, 0x02, 0x04, 0xF8, 0x00, 0x00, 0x04, 0x0C, 0x14, 0x24, 0x44, 0x84, 0xFE, 0x04,
    0x04, 0x04, 0x04, 0x04, 0x00, 0x00, 0x3E, 0x40, 0x40, 0x80, 0xFC, 0x02, 0x02, 0x02, 0x02, 0x02,
    0x84, 0x78, 0x00, 0x00, 0x3C, 0x40, 0x80, 0x80, 0x80, 0xBC, 0xC2, 0x82, 0x82, 0x82, 0x84, 0x78,
    0x00, 0x00, 0xFE, 0x82, 0x02, 0x02, 0x04, 0x08, 0x08, 0x10, 0x10, 0x20, 0x20, 0x20, 0x00, 0x00,
    0x3C, 0x42, 0x82, 0x82, 0x84, 0x68, 0x3C, 0x42, 0x82, 0x82, 0x84, 0x78, 0x00, 0x00, 0x3C, 0x42,
    0x82, 0x82, 0x82, 0x86, 0x7A, 0x02, 0x02, 0x02, 0x04, 0x78, 0x00, 0x00, 0x00, 0x00, 0x00, 0x00,
    0x00, 0x00, 0xC0, 0xC0, 0x00, 0x00, 0xC0, 0xC0, 0x00, 0x00, 0x00, 0x00, 0x00, 0x00, 0x00, 0x00,
    0x60, 0x60, 0x00, 0x00, 0x60, 0x60, 0x40, 0x80, 0x00, 0x00, 0x00, 0x02, 0x0C, 0x10, 0x60, 0x80,
    0x60, 0x10, 0x0C, 0x02, 0x00, 0x00, 0x00, 0x00, 0x00, 0x00, 0x00, 0x00, 0xFE, 0x00, 0x00, 0xFE,
    0x00, 0x00, 0x00, 0x00, 0x00, 0x00, 0x00, 0x80, 0x60, 0x10, 0x0C, 0x02, 0x0C, 0x10, 0x60, 0x80,
    0x00, 0x00, 0x7C, 0x82, 0x82, 0x02, 0x04, 0x08, 0x10, 0x10, 0x00, 0x00, 0x10, 0x10, 0x00, 0x00,
    0x00, 0x00, 0x00, 0x3C, 0x42, 0xBA, 0xAA, 0xAA, 0xAA, 0xBC, 0x80, 0x7C, 0x00, 0x00, 0x08, 0x18,
    0x24, 0x24, 0x42, 0x42, 0x7E, 0x82, 0x82, 0x82, 0x82, 0x82, 0x00, 0x00, 0xFC, 0x82, 0x82, 0x82,
    0x84, 0xFC, 0x82, 0x82, 0x82, 0x82, 0x84, 0xF8, 0x00, 0x00, 0x38, 0x44, 0x80, 0x80, 0x80, 0x80,
    0x80, 0x80, 0x80, 0x80, 0x84, 0x78, 0x00, 0x00, 0xFC, 0x82, 0x82, 0x82, 0x82, 0x82, 0x82, 0x82,
    0x82, 0x82, 0x84, 0xF8, 0x00, 0x00, 0xFC, 0x80, 0x80, 0x80, 0x80, 0xF0, 0x80, 0x80, 0x80, 0x80,
    0x80, 0xFC, 0x00, 0x00, 0xFC, 0x80, 0x80, 0x80, 0x80, 0xF0, 0x80, 0x80, 0x80, 0x80, 0x80, 0x80,
    0x00, 0x00, 0x3C, 0x42, 0x80, 0x80, 0x80, 0x80, 0x8E, 0x82, 0x82, 0x82, 0x84, 0x78, 0x00, 0x00,
    0x82, 0x82, 0x82, 0x82, 0x82, 0xFE, 0x82, 0x82, 0x82, 0x82, 0x82, 0x82, 0x00, 0x00, 0xF8, 0x20,
    0x20, 0x20, 0x20, 0x20, 0x20, 0x20, 0x20, 0x20, 0x20, 0xF8, 0x00, 0x00, 0x04, 0x04, 0x04, 0x04,
    0x04, 0x04, 0x04, 0x04, 0x04, 0x84, 0x84, 0x78, 0x00, 0x00, 0x82, 0x84, 0x88, 0x90, 0xA0, 0xC0,
    0xA0, 0x90, 0x88, 0x84, 0x82, 0x81, 0x00, 0x00, 0x80, 0x80, 0x80, 0x80, 0x80, 0x80, 0x80, 0x80,
    0x80, 0x80, 0x80, 0xFC, 0x00, 0x00, 0x81, 0x81, 0xC3, 0xA5, 0xA5, 0x99, 0x89, 0x89, 0x81, 0x81,
    0x81, 0x81, 0x00, 0x00, 0x82, 0x82, 0xC2, 0xA2, 0xA2, 0x92, 0x92, 0x8A, 0x8A, 0x86, 0x82, 0x82,
    0x00, 0x00, 0x3C, 0x42, 0x82, 0x82, 0x82, 0x82, 0x82, 0x82, 0x82, 0x82, 0x84, 0x78, 0x00, 0x00,
    0xFC, 0x82, 0x82, 0x82, 0x82, 0x84, 0xF8, 0x80, 0x80, 0x80, 0x80, 0x80, 0x00, 0x00, 0x3C, 0x42,
    0x82, 0x82, 0x82, 0x82, 0x82, 0x82, 0x82, 0xB2, 0x8C, 0x7C, 0x02, 0x00, 0xFC, 0x82, 0x82, 0x82,
    0x82, 0x84, 0xF8, 0xA0, 0x90, 0x88, 0x84, 0x82, 0x00, 0x00, 0x3C, 0x42, 0x80, 0x80, 0x80, 0x7C,
    0x02, 0x02, 0x02, 0x02, 0x84, 0x78, 0x00, 0x00, 0xFE, 0x10, 0x10, 0x10, 0x10, 0x10, 0x10, 0x10,
    0x10, 0x10, 0x10, 0x10, 0x00, 0x00, 0x82, 0x82, 0x82, 0x82, 0x82, 0x82, 0x82, 0x82, 0x82, 0x82,
    0x44, 0x38, 0x00, 0x00, 0x82, 0x82, 0x82, 0x82, 0x82, 0x82, 0x84, 0x44, 0x48, 0x48, 0x30, 0x20,
    0x00, 0x00, 0x80, 0x20, 0x80, 0x20, 0x80, 0x20, 0x84, 0x20, 0x84, 0x40, 0x84, 0x40, 0x8C, 0x40,
    0x94, 0x80, 0x94, 0x80, 0x52, 0x80, 0x63, 0x00, 0x42, 0x00, 0x00, 0x00, 0x00, 0x00, 0x40, 0x80,
    0x21, 0x00, 0x22, 0x00, 0x12, 0x00, 0x14, 0x00, 0x08, 0x00, 0x08, 0x00, 0x14, 0x00, 0x24, 0x00,
    0x22, 0x00, 0x42, 0x00, 0x81, 0x00, 0x00, 0x00, 0x00, 0x00, 0x82, 0x82, 0x44, 0x44, 0x28, 0x10,
    0x10, 0x10, 0x10, 0x10, 0x10, 0x10, 0x00, 0x00, 0xFE, 0x04, 0x04, 0x08, 0x08, 0x10, 0x10, 0x20,
    0x20, 0x40, 0x40, 0xFE, 0x00, 0x00, 0xE0, 0x80, 0x80, 0x80, 0x80, 0x80, 0x80, 0x80, 0x80, 0x80,
    0x80, 0xE0, 0x00, 0x00, 0x80, 0x80, 0x40, 0x40, 0x20, 0x20, 0x10, 0x10, 0x08, 0x08, 0x04, 0x04,
    0x00, 0x00, 0xE0, 0x20, 0x20, 0x20, 0x20, 0x20, 0x20, 0x20, 0x20, 0x20, 0x20, 0xE0, 0x00, 0x00,
    0x10, 0x28, 0x44, 0x82, 0x00, 0x00, 0x00, 0x00, 0x00, 0x00, 0x00, 0x00, 0x00, 0x00, 0x00, 0x00,
    0x00, 0x00, 0x00, 0x00, 0x00, 0x00, 0x00, 0x00, 0x00, 0x00, 0xFE, 0x00, 0x40, 0x80, 0xC0, 0xC0,
    0x00, 0x00, 0x00, 0x00, 0x00, 0x00, 0x00, 0x00, 0x00, 0x00, 0x00, 0x00, 0x00, 0x00, 0x78, 0x84,
    0x04, 0x7C, 0x84, 0x84, 0x8C, 0x74, 0x00, 0x00, 0x80, 0x80, 0x80, 0x80, 0xB8, 0xC4, 0x84, 0x84,
    0x84, 0x84, 0x88, 0xF0, 0x00, 0x00, 0x00, 0x00, 0x00, 0x00, 0x38, 0x44, 0x80, 0x80, 0x80, 0x80,
    0x84, 0x78, 0x00, 0x00, 0x04, 0x04, 0x04, 0x04, 0x3C, 0x44, 0x84, 0x84, 0x84, 0x84, 0x8C, 0x74,
    0x00, 0x00, 0x00, 0x00, 0x00, 0x00, 0x38, 0x44, 0x88, 0xF0, 0x80, 0x80, 0x84, 0x78, 0x00, 0x00,
    0x1C, 0x20, 0x40, 0x40, 0xF8, 0x40, 0x40, 0x40, 0x40, 0x40, 0x40, 0x40, 0x00, 0x00, 0x00, 0x00,
    0x00, 0x00, 0x38, 0x44, 0x84, 0x84, 0x84, 0x8C, 0x74, 0x04, 0x88, 0x70, 0x80, 0x80, 0x80, 0x80,
    0x98, 0xA4, 0xC4, 0x84, 0x84, 0x84, 0x84, 0x84, 0x00, 0x00, 0x40, 0x40, 0x00, 0x00, 0xC0, 0x40,
    0x40, 0x40, 0x40, 0x40, 0x40, 0x40, 0x00, 0x00, 0x08, 0x08, 0x00, 0x00, 0x38, 0x08, 0x08, 0x08,
    0x08, 0x08, 0x08, 0x08, 0x90, 0x60, 0x80, 0x80, 0x80, 0x80, 0x84, 0x88, 0x90, 0xE0, 0xA0, 0x90,
    0x88, 0x84, 0x00, 0x00, 0xC0, 0x40, 0x40, 0x40, 0x40, 0x40, 0x40, 0x40, 0x40, 0x40, 0x40, 0x40,
    0x00, 0x00, 0x00, 0x00, 0x00, 0x00, 0x00, 0x00, 0x00, 0x00, 0x98, 0xC0, 0xA5, 0x20, 0xC6, 0x20,
    0x84, 0x20, 0x84, 0x20, 0x84, 0x20, 0x84, 0x20, 0x84, 0x20, 0x00, 0x00, 0x00, 0x00, 0x00, 0x00,
    0x00, 0x00, 0x98, 0xA4, 0xC4, 0x84, 0x84, 0x84, 0x84, 0x84, 0x00, 0x00, 0x00, 0x00, 0x00, 0x00,
    0x38, 0x44, 0x84, 0x84, 0x84, 0x84, 0x88, 0x70, 0x00, 0x00, 0x00, 0x00, 0x00, 0x00, 0xB8, 0xC4,
    0x84, 0x84, 0x84, 0x84, 0x88, 0xF0, 0x80, 0x80, 0x00, 0x00, 0x00, 0x00, 0x3C, 0x44, 0x84, 0x84,
    0x84, 0x84, 0x8C, 0x74, 0x04, 0x04, 0x00, 0x00, 0x00, 0x00, 0x98, 0xA4, 0xC0, 0x80, 0x80, 0x80,
    0x80, 0x80, 0x00, 0x00, 0x00, 0x00, 0x00, 0x00, 0x38, 0x44, 0x80, 0x78, 0x04, 0x04, 0x88, 0x70,
    0x00, 0x00, 0x00, 0x00, 0x40, 0x40, 0xF0, 0x40, 0x40, 0x40, 0x40, 0x44, 0x48, 0x30, 0x00, 0x00,
    0x00, 0x00, 0x00, 0x00, 0x84, 0x84, 0x84, 0x84, 0x84, 0x8C, 0x94, 0x64, 0x00, 0x00, 0x00, 0x00,
    0x00, 0x00, 0x82, 0x82, 0x84, 0x44, 0x48, 0x48, 0x30, 0x20, 0x00, 0x00, 0x00, 0x00, 0x00, 0x00,
    0x00, 0x00, 0x00, 0x00, 0x80, 0x80, 0x80, 0x80, 0x88, 0x80, 0x88, 0x80, 0x89, 0x00, 0x55, 0x00,
    0x66, 0x00, 0x44, 0x00, 0x00, 0x00, 0x00, 0x00, 0x00, 0x00, 0x00, 0x00, 0x42, 0x44, 0x28, 0x10,
    0x10, 0x28, 0x44, 0x84, 0x00, 0x00, 0x00, 0x00, 0x00, 0x00, 0x42, 0x42, 0x42, 0x44, 0x24, 0x28,
    0x10, 0x10, 0x20, 0xC0, 0x00, 0x00, 0x00, 0x00, 0x7C, 0x84, 0x08, 0x10, 0x20, 0x40, 0x84, 0xF8,
    0x00, 0x00, 0x00, 0x0E, 0x10, 0x10, 0x10, 0x30, 0xE0, 0x30, 0x10, 0x10, 0x10, 0x0E, 0x00, 0x00,
    0x80, 0x80, 0x80, 0x80, 0x80, 0x80, 0x80, 0x80, 0x80, 0x80, 0x80, 0x80, 0x80, 0x80, 0x00, 0xE0,
    0x10, 0x10, 0x10, 0x18, 0x0E, 0x18, 0x10, 0x10, 0x10, 0xE0, 0x00, 0x00, 0x00, 0x00, 0x00, 0x64,
    0x98, 0x00, 0x00, 0x00, 0x00, 0x00, 0x00, 0x00, 0x00, 0x00, 0x00, 0x0C, 0x12, 0x10, 0x10, 0x10,
    0x10, 0x10, 0x10, 0x10, 0x90, 0x60, 0x00, 0x00,
};

const display_font_t font_jess14 = {
    .glyphs = jess14_glyphs,
    .bitmap = jess14_bitmap,
    .family = &font_family_jess14,
    .first_character = 0,
    .glyph_count = 128,
    .height = 14,
    .baseline = 12,
    .fallback_character = 63,
    .style = 0,
};

static const display_font_glyph_t jess14b_glyphs[] = {
    { 0, 5, 8, 1, 1 }, /* 0x00 */
    { 14, 5, 9, 1, 1 }, /* 0x01 */
    { 28, 8, 9, 0, 1 }, /* 0x02 */
    { 42, 6, 9, 1, 1 }, /* 0x03 */
    { 56, 7, 9, 0, 1 }, /* 0x04 */
    { 70, 7, 9, 0, 1 }, /* 0x05 */
    { 84, 5, 9, 1, 1 }, /* 0x06 */
    { 98, 7, 9, 0, 1 }, /* 0x07 */
    { 112, 7, 9, 0, 1 }, /* 0x08 */
    { 126, 7, 9, 0, 1 }, /* 0x09 */
    { 140, 7, 9, 0, 1 }, /* 0x0A */
    { 154, 5, 9, 1, 1 }, /* 0x0B */
    { 168, 7, 9, 0, 1 }, /* 0x0C */
    { 182, 7, 9, 0, 1 }, /* 0x0D */
    { 196, 9, 11, 0, 1 }, /* 0x0E */
    { 224, 6, 9, 1, 1 }, /* 0x0F */
    { 238, 7, 9, 0, 1 }, /* 0x10 */
    { 252, 7, 9, 0, 1 }, /* 0x11 */
    { 266, 6, 8, 0, 1 }, /* 0x12 */
    { 280, 6, 8, 0, 1 }, /* 0x13 */
    { 294, 7, 9, 0, 1 }, /* 0x14 */
    { 308, 7, 9, 0, 1 }, /* 0x15 */
    { 322, 7, 9, 0, 1 }, /* 0x16 */
    { 336, 6, 9, 0, 1 }, /* 0x17 */
    { 350, 7, 9, 0, 1 }, /* 0x18 */
    { 364, 7, 9, 0, 1 }, /* 0x19 */
    { 378, 7, 9, 0, 1 }, /* 0x1A */
    { 392, 7, 9, 0, 1 }, /* 0x1B */
    { 406, 7, 9, 0, 1 }, /* 0x1C */
    { 420, 7, 9, 0, 1 }, /* 0x1D */
    { 434, 7, 9, 0, 1 }, /* 0x1E */
    { 448, 7, 9, 0, 1 }, /* 0x1F */
    { 462, 0, 7, 0, 1 }, /* 0x20 */
    { 462, 2, 5, 1, 1 }, /* 0x21 */
    { 476, 7, 9, 1, 1 }, /* 0x22 */
    { 490, 10, 10, 0, 1 }, /* 0x23 */
    { 518, 8, 9, 0, 1 }, /* 0x24 */
    { 532, 9, 10, 1, 1 }, /* 0x25 */
    { 560, 9, 11, 1, 1 }, /* 0x26 */
    { 588, 3, 5, 1, 1 }, /* 0x27 */
    { 602, 4, 6, 1, 1 }, /* 0x28 */
    { 616, 4, 6, 1, 1 }, /* 0x29 */
    { 630, 8, 9, 0, 1 }, /* 0x2A */
    { 644, 8, 10, 1, 1 }, /* 0x2B */
    { 658, 4, 6, 0, 1 }, /* 0x2C */
    { 672, 7, 9, 1, 1 }, /* 0x2D */
    { 686, 3, 6, 1, 1 }, /* 0x2E */
    { 700, 7, 9, 1, 1 }, /* 0x2F */
    { 714, 7, 9, 1, 1 }, /* 0x30 */
    { 728, 6, 9, 2, 1 }, /* 0x31 */
    { 742, 7, 9, 1, 1 }, /* 0x32 */
    { 756, 7, 9, 1, 1 }, /* 0x33 */
    { 770, 8, 10, 1, 1 }, /* 0x34 */
    { 784, 8, 9, 0, 1 }, /* 0x35 */
    { 798, 7, 9, 1, 1 }, /* 0x36 */
    { 812, 7, 9, 1, 1 }, /* 0x37 */
    { 826, 7, 9, 1, 1 }, /* 0x38 */
    { 840, 7, 9, 1, 1 }, /* 0x39 */
    { 854, 3, 6, 1, 1 }, /* 0x3A */
    { 868, 4, 6, 0, 1 }, /* 0x3B */
    { 882, 7, 9, 1, 1 }, /* 0x3C */
    { 896, 7, 9, 1, 1 }, /* 0x3D */
    { 910, 7, 9, 1, 1 }, /* 0x3E */
    { 924, 7, 9, 1, 1 }, /* 0x3F */
    { 938, 11, 13, 1, 1 }, /* 0x40 */
    { 966, 8, 10, 1, 1 }, /* 0x41 */
    { 980, 8, 11, 1, 1 }, /* 0x42 */
    { 994, 7, 9, 1, 1 }, /* 0x43 */
    { 1008, 8, 10, 1, 1 }, /* 0x44 */
    { 1022, 7, 9, 1, 1 }, /* 0x45 */
    { 1036, 7, 9, 1, 1 }, /* 0x46 */
    { 1050, 8, 10, 1, 1 }, /* 0x47 */
    { 1064, 8, 10, 1, 1 }, /* 0x48 */
    { 1078, 6, 8, 1, 1 }, /* 0x49 */
    { 1092, 7, 9, 1, 1 }, /* 0x4A */
    { 1106, 10, 11, 1, 1 }, /* 0x4B */
    { 1134, 7, 9, 1, 1 }, /* 0x4C */
    { 1148, 10, 12, 1, 1 }, /* 0x4D */
    { 1176, 9, 11, 1, 1 }, /* 0x4E */
    { 1204, 8, 10, 1, 1 }, /* 0x4F */
    { 1218, 8, 10, 1, 1 }, /* 0x50 */
    { 1232, 8, 10, 1, 1 }, /* 0x51 */
    { 1246, 8, 10, 1, 1 }, /* 0x52 */
    { 1260, 8, 10, 1, 1 }, /* 0x53 */
    { 1274, 8, 10, 1, 1 }, /* 0x54 */
    { 1288, 8, 10, 1, 1 }, /* 0x55 */
    { 1302, 8, 10, 1, 1 }, /* 0x56 */
    { 1316, 12, 14, 1, 1 }, /* 0x57 */
    { 1344, 10, 10, 0, 1 }, /* 0x58 */
    { 1372, 9, 11, 1, 1 }, /* 0x59 */
    { 1400, 9, 10, 0, 1 }, /* 0x5A */
    { 1428, 4, 7, 2, 1 }, /* 0x5B */
    { 1442, 7, 9, 1, 1 }, /* 0x5C */
    { 1456, 4, 7, 1, 1 }, /* 0x5D */
    { 1470, 7, 9, 0, 1 }, /* 0x5E */
    { 1484, 8, 9, 0, 1 }, /* 0x5F */
    { 1498, 3, 5, 1, 1 }, /* 0x60 */
    { 1512, 7, 9, 1, 1 }, /* 0x61 */
    { 1526, 7, 9, 1, 1 }, /* 0x62 */
    { 1540, 6, 8, 1, 1 }, /* 0x63 */
    { 1554, 7, 9, 1, 1 }, /* 0x64 */
    { 1568, 7, 9, 1, 1 }, /* 0x65 */
    { 1582, 6, 7, 1, 1 }, /* 0x66 */
    { 1596, 7, 9, 1, 1 }, /* 0x67 */
    { 1610, 7, 10, 1, 1 }, /* 0x68 */
    { 1624, 3, 6, 1, 1 }, /* 0x69 */
    { 1638, 6, 6, -2, 1 }, /* 0x6A */
    { 1652, 7, 9, 1, 1 }, /* 0x6B */
    { 1666, 3, 6, 1, 1 }, /* 0x6C */
    { 1680, 12, 14, 1, 1 }, /* 0x6D */
    { 1708, 7, 9, 1, 1 }, /* 0x6E */
    { 1722, 7, 9, 1, 1 }, /* 0x6F */
    { 1736, 7, 9, 1, 1 }, /* 0x70 */
    { 1750, 7, 9, 1, 1 }, /* 0x71 */
    { 1764, 7, 8, 1, 1 }, /* 0x72 */
    { 1778, 7, 9, 1, 1 }, /* 0x73 */
    { 1792, 7, 8, 1, 1 }, /* 0x74 */
    { 1806, 7, 9, 1, 1 }, /* 0x75 */
    { 1820, 8, 10, 1, 1 }, /* 0x76 */
    { 1834, 10, 12, 1, 1 }, /* 0x77 */
    { 1862, 8, 9, 0, 1 }, /* 0x78 */
    { 1876, 8, 9, 0, 1 }, /* 0x79 */
    { 1890, 7, 9, 1, 1 }, /* 0x7A */
    { 1904, 7, 9, 1, 1 }, /* 0x7B */
    { 1918, 2, 9, 3, 1 }, /* 0x7C */
    { 1932, 7, 9, 0, 1 }, /* 0x7D */
    { 1946, 6, 9, 0, 1 }, /* 0x7E */
    { 1960, 8, 10, 1, 1 }, /* 0x7F */
};

static const uint8_t jess14b_bitmap[] = {
    0x00, 0x00, 0x00, 0x00, 0x00, 0x00, 0x70, 0xF8, 0xF8, 0x70, 0x00, 0x00, 0x00, 0x00, 0x00, 0x00,
    0x20, 0x20, 0x20, 0x20, 0x20, 0x20, 0xA8, 0x70, 0x20, 0x00, 0x00, 0x00, 0x00, 0x00, 0x00, 0x00,
    0x00, 0x02, 0x62, 0x94, 0x88, 0x88, 0x94, 0x63, 0x00, 0x00, 0x00, 0x00, 0x00, 0x38, 0x44, 0x44,
    0x84, 0xF8, 0x84, 0x84, 0x84, 0xF8, 0x80, 0x80, 0x00, 0x00, 0x00, 0x00, 0x00, 0x00, 0x10, 0x28,
    0x44, 0x82, 0x00, 0x00, 0x00, 0x00, 0x00, 0x00, 0x00, 0x00, 0x00, 0x00, 0x00, 0xFE, 0x02, 0x02,
    0x00, 0x00, 0x00, 0x00, 0x00, 0x00, 0x00, 0x00, 0x00, 0x38, 0x40, 0x80, 0xF8, 0x80, 0x40, 0x38,
    0x00, 0x00, 0x00, 0x00, 0x00, 0x00, 0x00, 0xFE, 0x44, 0x44, 0x44, 0x44, 0x44, 0x44, 0x00, 0x00,
    0x00, 0x80, 0x40, 0x40, 0x20, 0x10, 0x10, 0x28, 0x24, 0x44, 0x42, 0x82, 0x00, 0x00, 0x00, 0x00,
    0x00, 0x00, 0x00, 0x82, 0x44, 0x28, 0x30, 0x20, 0x60, 0x60, 0x60, 0x40, 0x00, 0x38, 0x44, 0x42,
    0x40, 0x20, 0x18, 0x24, 0x42, 0x82, 0x82, 0x7C, 0x00, 0x00, 0x00, 0x00, 0x00, 0x20, 0x70, 0xA8,
    0x20, 0x20, 0x20, 0x20, 0x20, 0x20, 0x00, 0x00, 0x00, 0x00, 0x00, 0x00, 0x10, 0x10, 0x10, 0xFE,
    0x10, 0x10, 0x10, 0xFE, 0x00, 0x00, 0x00, 0x00, 0x00, 0x00, 0x38, 0x54, 0x92, 0xFE, 0x92, 0x54,
    0x38, 0x00, 0x00, 0x00, 0x00, 0x00, 0x00, 0x00, 0x00, 0x00, 0x00, 0x00, 0x00, 0x00, 0x77, 0x00,
    0x88, 0x80, 0x88, 0x80, 0x88, 0x80, 0x88, 0x80, 0x77, 0x00, 0x00, 0x00, 0x00, 0x00, 0x00, 0x00,
    0x00, 0x00, 0x70, 0x88, 0x04, 0x04, 0x3C, 0x44, 0x84, 0x84, 0x88, 0x70, 0x00, 0x00, 0x00, 0x00,
    0x00, 0x00, 0x00, 0x7E, 0x80, 0x80, 0x80, 0x80, 0x7E, 0x00, 0x00, 0x00, 0x00, 0x00, 0x00, 0x00,
    0x00, 0xFC, 0x02, 0x02, 0x02, 0x02, 0xFC, 0x00, 0x00, 0x00, 0x00, 0x00, 0x00, 0x00, 0x78, 0x84,
    0x84, 0x84, 0x84, 0x84, 0x84, 0x00, 0x00, 0x00, 0x00, 0x00, 0x00, 0x00, 0x84, 0x84, 0x84, 0x84,
    0x84, 0x84, 0x78, 0x00, 0x00, 0x00, 0x00, 0x82, 0x82, 0x82, 0x7C, 0x44, 0x44, 0x28, 0x28, 0x28,
    0x10, 0x10, 0x00, 0x00, 0x00, 0xFE, 0x02, 0x02, 0x02, 0x02, 0x3E, 0x02, 0x02, 0x02, 0x02, 0xFE,
    0x00, 0x00, 0x00, 0x00, 0x00, 0x00, 0x38, 0x44, 0xAA, 0x92, 0xAA, 0x44, 0x38, 0x00, 0x00, 0x00,
    0x00, 0x00, 0x00, 0x00, 0x10, 0x08, 0xFC, 0x08, 0x10, 0x20, 0x40, 0xFC, 0x40, 0x20, 0x00, 0x00,
    0x00, 0x00, 0x00, 0x20, 0x40, 0xFE, 0x40, 0x20, 0x00, 0x00, 0x00, 0x00, 0x00, 0x00, 0x00, 0x00,
    0x00, 0x08, 0x04, 0xFE, 0x04, 0x08, 0x00, 0x00, 0x00, 0x00, 0x00, 0x00, 0x00, 0x04, 0x04, 0x08,
    0xFE, 0x10, 0x20, 0xFE, 0x40, 0x80, 0x00, 0x00, 0x00, 0x00, 0x00, 0x10, 0x10, 0x28, 0x44, 0x82,
    0x44, 0x28, 0x10, 0x10, 0x00, 0x00, 0x00, 0x00, 0x00, 0x00, 0x06, 0x18, 0x60, 0x80, 0x60, 0x18,
    0x06, 0xFE, 0x00, 0x00, 0x00, 0x00, 0x00, 0x00, 0xC0, 0x30, 0x0C, 0x02, 0x0C, 0x30, 0xC0, 0xFE,
    0x00, 0x00, 0x00, 0x00, 0x00, 0x00, 0x00, 0xFE, 0x00, 0xFE, 0x00, 0xFE, 0x00, 0x00, 0x00, 0x00,
    0x00, 0x00, 0x00, 0x00, 0x00, 0x00, 0x82, 0x44, 0x28, 0x10, 0x00, 0x00, 0x00, 0x00, 0xC0, 0xC0,
    0xC0, 0xC0, 0xC0, 0xC0, 0xC0, 0xC0, 0x00, 0x00, 0xC0, 0xC0, 0x00, 0x00, 0x00, 0x66, 0xEE, 0xCC,
    0xCC, 0x00, 0x00, 0x00, 0x00, 0x00, 0x00, 0x00, 0x00, 0x00, 0x00, 0x00, 0x19, 0x80, 0x19, 0x80,
    0x19, 0x80, 0x7F, 0xC0, 0x33, 0x00, 0x33, 0x00, 0x33, 0x00, 0xFF, 0x80, 0x66, 0x00, 0x66, 0x00,
    0x66, 0x00, 0x00, 0x00, 0x00, 0x00, 0x00, 0x18, 0x7E, 0xDB, 0x98, 0xD8, 0x7E, 0x1B, 0x1B, 0xDE,
    0x7C, 0x18, 0x00, 0x00, 0x00, 0x00, 0x73, 0x00, 0xDD, 0x00, 0xDB, 0x00, 0x76, 0x00, 0x06, 0x00,
    0x0C, 0x00, 0x18, 0x00, 0x17, 0x00, 0x3D, 0x80, 0x6D, 0x80, 0x67, 0x00, 0x00, 0x00, 0x00, 0x00,
    0x00, 0x00, 0x78, 0x00, 0xCC, 0x00, 0xCC, 0x00, 0xCC, 0x00, 0x68, 0x00, 0x38, 0x00, 0x6C, 0x00,
    0xCD, 0x80, 0xC6, 0x00, 0xCF, 0x00, 0x79, 0x80, 0x00, 0x00, 0x00, 0x00, 0xE0, 0xE0, 0x60, 0xC0,
    0x80, 0x00, 0x00, 0x00, 0x00, 0x00, 0x00, 0x00, 0x00, 0x00, 0x30, 0x60, 0x60, 0xC0, 0xC0, 0xC0,
    0xC0, 0xC0, 0xC0, 0xC0, 0x60, 0x60, 0x30, 0x00, 0xC0, 0x60, 0x60, 0x30, 0x30, 0x30, 0x30, 0x30,
    0x30, 0x30, 0x60, 0x60, 0xC0, 0x00, 0x00, 0x00, 0x00, 0x18, 0x99, 0x5A, 0x3C, 0x3C, 0x5A, 0x99,
    0x18, 0x00, 0x00, 0x00, 0x00, 0x00, 0x00, 0x00, 0x18, 0x18, 0x18, 0xFF, 0xFF, 0x18, 0x18, 0x18,
    0x00, 0x00, 0x00, 0x00, 0x00, 0x00, 0x00, 0x00, 0x00, 0x00, 0x00, 0x00, 0x70, 0x70, 0x60, 0xC0,
    0x00, 0x00, 0x00, 0x00, 0x00, 0x00, 0x00, 0xFE, 0xFE, 0x00, 0x00, 0x00, 0x00, 0x00, 0x00, 0x00,
    0x00, 0x00, 0x00, 0x00, 0x00, 0x00, 0x00, 0x00, 0xE0, 0xE0, 0x00, 0x00, 0x06, 0x0E, 0x0C, 0x1C,
    0x18, 0x38, 0x30, 0x70, 0x60, 0xE0, 0xC0, 0xC0, 0x00, 0x00, 0x3C, 0x66, 0xC6, 0xC6, 0xCE, 0xD6,
    0xE6, 0xC6, 0xC6, 0xC6, 0xCC, 0x78, 0x00, 0x00, 0x30, 0x70, 0xF0, 0x30, 0x30, 0x30, 0x30, 0x30,
    0x30, 0x30, 0x30, 0xFC, 0x00, 0x00, 0x7C, 0xC6, 0x86, 0x06, 0x06, 0x0C, 0x18, 0x30, 0x60, 0xC0,
    0xC0, 0xFE, 0x00, 0x00, 0x7C, 0xC6, 0x86, 0x06, 0x06, 0x3C, 0x06, 0x06, 0x06, 0x06, 0x0C, 0xF8,
    0x00, 0x00, 0x06, 0x0E, 0x16, 0x36, 0x66, 0xC6, 0xFF, 0x06, 0x06, 0x06, 0x06, 0x06, 0x00, 0x00,
    0x3F, 0x60, 0x60, 0xC0, 0xFE, 0x07, 0x03, 0x03, 0x03, 0x03, 0xC6, 0x7C, 0x00, 0x00, 0x3C, 0x60,
    0xC0, 0xC0, 0xC0, 0xDC, 0xE6, 0xC6, 0xC6, 0xC6, 0xCC, 0x78, 0x00, 0x00, 0xFE, 0x86, 0x06, 0x06,
    0x0C, 0x18, 0x18, 0x30, 0x30, 0x60, 0x60, 0x60, 0x00, 0x00, 0x3C, 0x66, 0xC6, 0xC6, 0xC4, 0x68,
    0x3C, 0x46, 0xC6, 0xC6, 0xC4, 0x78, 0x00, 0x00, 0x3C, 0x66, 0xC6, 0xC6, 0xC6, 0xCE, 0x76, 0x06,
    0x06, 0x06, 0x0C, 0x78, 0x00, 0x00, 0x00, 0x00, 0x00, 0x00, 0x00, 0x00, 0xE0, 0xE0, 0x00, 0x00,
    0xE0, 0xE0, 0x00, 0x00, 0x00, 0x00, 0x00, 0x00, 0x00, 0x00, 0x70, 0x70, 0x00, 0x00, 0x70, 0x70,
    0x60, 0xC0, 0x00, 0x00, 0x00, 0x02, 0x0E, 0x1C, 0x70, 0xC0, 0x70, 0x1C, 0x0E, 0x02, 0x00, 0x00,
    0x00, 0x00, 0x00, 0x00, 0x00, 0x00, 0xFE, 0xFE, 0x00, 0xFE, 0xFE, 0x00, 0x00, 0x00, 0x00, 0x00,
    0x00, 0x80, 0xE0, 0x70, 0x1C, 0x06, 0x1C, 0x70, 0xE0, 0x80, 0x00, 0x00, 0x7C, 0xC6, 0x86, 0x06,
    0x0C, 0x18, 0x30, 0x30, 0x00, 0x00, 0x30, 0x30, 0x00, 0x00, 0x00, 0x00, 0x00, 0x00, 0x1F, 0x00,
    0x31, 0x80, 0x6E, 0xC0, 0xCA, 0x60, 0xDB, 0x60, 0xDB, 0x60, 0xCA, 0xC0, 0x6F, 0x80, 0x30, 0x00,
    0x1F, 0xC0, 0x00, 0x00, 0x00, 0x00, 0x08, 0x1C, 0x36, 0x36, 0x63, 0x63, 0x7F, 0xC3, 0xC3, 0xC3,
    0xC3, 0xC3, 0x00, 0x00, 0xFE, 0xC3, 0xC3, 0xC3, 0xC6, 0xFE, 0xC3, 0xC3, 0xC3, 0xC3, 0xC6, 0xFC,
    0x00, 0x00, 0x3C, 0x66, 0xC0, 0xC0, 0xC0, 0xC0, 0xC0, 0xC0, 0xC0, 0xC0, 0xC6, 0x7C, 0x00, 0x00,
    0xFE, 0xC7, 0xC3, 0xC3, 0xC3, 0xC3, 0xC3, 0xC3, 0xC3, 0xC3, 0xC6, 0xFC, 0x00, 0x00, 0xFE, 0xC0,
    0xC0, 0xC0, 0xC0, 0xF8, 0xC0, 0xC0, 0xC0, 0xC0, 0xC0, 0xFE, 0x00, 0x00, 0xFE, 0xC0, 0xC0, 0xC0,
    0xC0, 0xF8, 0xC0, 0xC0, 0xC0, 0xC0, 0xC0, 0xC0, 0x00, 0x00, 0x3E, 0x63, 0xC0, 0xC0, 0xC0, 0xC0,
    0xCF, 0xC3, 0xC3, 0xC3, 0xE6, 0x7C, 0x00, 0x00, 0xC3, 0xC3, 0xC3, 0xC3, 0xC3, 0xFF, 0xC3, 0xC3,
    0xC3, 0xC3, 0xC3, 0xC3, 0x00, 0x00, 0xFC, 0x30, 0x30, 0x30, 0x30, 0x30, 0x30, 0x30, 0x30, 0x30,
    0x30, 0xFC, 0x00, 0x00, 0x06, 0x06, 0x06, 0x06, 0x06, 0x06, 0x06, 0x06, 0x06, 0xC6, 0xC6, 0x7C,
    0x00, 0x00, 0xC1, 0x80, 0xC3, 0x00, 0xC6, 0x00, 0xCC, 0x00, 0xD8, 0x00, 0xF0, 0x00, 0xD8, 0x00,
    0xCC, 0x00, 0xC6, 0x00, 0xC3, 0x00, 0xC1, 0x80, 0xC0, 0xC0, 0x00, 0x00, 0x00, 0x00, 0xC0, 0xC0,
    0xC0, 0xC0, 0xC0, 0xC0, 0xC0, 0xC0, 0xC0, 0xC0, 0xC0, 0xFE, 0x00, 0x00, 0xC0, 0xC0, 0xC0, 0xC0,
    0xE1, 0xC0, 0xF2, 0xC0, 0xD2, 0xC0, 0xDC, 0xC0, 0xCC, 0xC0, 0xC8, 0xC0, 0xC0, 0xC0, 0xC0, 0xC0,
    0xC0, 0xC0, 0xC0, 0xC0, 0x00, 0x00, 0x00, 0x00, 0xC1, 0x80, 0xC1, 0x80, 0xE1, 0x80, 0xF1, 0x80,
    0xD1, 0x80, 0xD9, 0x80, 0xC9, 0x80, 0xCD, 0x80, 0xC5, 0x80, 0xC7, 0x80, 0xC3, 0x80, 0xC1, 0x80,
    0x00, 0x00, 0x00, 0x00, 0x3E, 0x63, 0xC3, 0xC3, 0xC3, 0xC3, 0xC3, 0xC3, 0xC3, 0xC3, 0xC6, 0x7C,
    0x00, 0x00, 0xFE, 0xC7, 0xC3, 0xC3, 0xC3, 0xC6, 0xFC, 0xC0, 0xC0, 0xC0, 0xC0, 0xC0, 0x00, 0x00,
    0x3E, 0x63, 0xC3, 0xC3, 0xC3, 0xC3, 0xC3, 0xC3, 0xC3, 0xDB, 0xCE, 0x7E, 0x03, 0x00, 0xFE, 0xC3,
    0xC3, 0xC3, 0xC3, 0xC6, 0xFC, 0xD8, 0xCC, 0xC6, 0xC3, 0xC3, 0x00, 0x00, 0x3E, 0x67, 0xC0, 0xC0,
    0xC0, 0x7E, 0x07, 0x03, 0x03, 0x03, 0xE6, 0x7C, 0x00, 0x00, 0xFF, 0x18, 0x18, 0x18, 0x18, 0x18,
    0x18, 0x18, 0x18, 0x18, 0x18, 0x18, 0x00, 0x00, 0xC3, 0xC3, 0xC3, 0xC3, 0xC3, 0xC3, 0xC3, 0xC3,
    0xC3, 0xC3, 0x66, 0x3C, 0x00, 0x00, 0xC3, 0xC3, 0xC3, 0xC3, 0xC3, 0xC3, 0xC6, 0x66, 0x6C, 0x6C,
    0x38, 0x10, 0x00, 0x00, 0xC0, 0x30, 0xC0, 0x30, 0xC0, 0x30, 0xC6, 0x30, 0xC6, 0x60, 0xC6, 0x60,
    0xCE, 0x60, 0xD6, 0xC0, 0xD2, 0xC0, 0x72, 0x80, 0x63, 0x80, 0x63, 0x00, 0x00, 0x00, 0x00, 0x00,
    0x60, 0xC0, 0x31, 0x80, 0x31, 0x00, 0x1B, 0x00, 0x1E, 0x00, 0x0C, 0x00, 0x0C, 0x00, 0x1E, 0x00,
    0x32, 0x00, 0x33, 0x00, 0x63, 0x00, 0xC1, 0x80, 0x00, 0x00, 0x00, 0x00, 0xC1, 0x80, 0xC1, 0x80,
    0x63, 0x00, 0x63, 0x00, 0x26, 0x00, 0x3C, 0x00, 0x18, 0x00, 0x18, 0x00, 0x18, 0x00, 0x18, 0x00,
    0x18, 0x00, 0x18, 0x00, 0x00, 0x00, 0x00, 0x00, 0x7F, 0x80, 0xE1, 0x80, 0x03, 0x00, 0x06, 0x00,
    0x06, 0x00, 0x0C, 0x00, 0x0C, 0x00, 0x18, 0x00, 0x30, 0x00, 0x30, 0x00, 0x63, 0x80, 0xFF, 0x00,
    0x00, 0x00, 0x00, 0x00, 0xF0, 0xC0, 0xC0, 0xC0, 0xC0, 0xC0, 0xC0, 0xC0, 0xC0, 0xC0, 0xC0, 0xF0,
    0x00, 0x00, 0xC0, 0xC0, 0x60, 0x60, 0x30, 0x30, 0x18, 0x18, 0x0C, 0x0C, 0x06, 0x06, 0x00, 0x00,
    0xF0, 0x30, 0x30, 0x30, 0x30, 0x30, 0x30, 0x30, 0x30, 0x30, 0x30, 0xF0, 0x00, 0x00, 0x10, 0x38,
    0x6C, 0xC6, 0x00, 0x00, 0x00, 0x00, 0x00, 0x00, 0x00, 0x00, 0x00, 0x00, 0x00, 0x00, 0x00, 0x00,
    0x00, 0x00, 0x00, 0x00, 0x00, 0x00, 0x00, 0x00, 0xFF, 0xFF, 0x20, 0x40, 0xC0, 0xE0, 0xE0, 0x00,
    0x00, 0x00, 0x00, 0x00, 0x00, 0x00, 0x00, 0x00, 0x00, 0x00, 0x00, 0x00, 0x7C, 0xC6, 0x06, 0x7E,
    0xC6, 0xC6, 0xCE, 0x76, 0x00, 0x00, 0xC0, 0xC0, 0xC0, 0xC0, 0xF8, 0xC6, 0xC6, 0xC6, 0xC6, 0xC6,
    0xCC, 0xF8, 0x00, 0x00, 0x00, 0x00, 0x00, 0x00, 0x38, 0x6C, 0xC0, 0xC0, 0xC0, 0xC0, 0xCC, 0x78,
    0x00, 0x00, 0x06, 0x06, 0x06, 0x06, 0x3E, 0x66, 0xC6, 0xC6, 0xC6, 0xC6, 0xCE, 0x76, 0x00, 0x00,
    0x00, 0x00, 0x00, 0x00, 0x3C, 0x66, 0xC6, 0xFC, 0xC0, 0xC0, 0xC6, 0x7C, 0x00, 0x00, 0x1C, 0x30,
    0x60, 0x60, 0xF8, 0x60, 0x60, 0x60, 0x60, 0x60, 0x60, 0x60, 0x00, 0x00, 0x00, 0x00, 0x00, 0x00,
    0x3C, 0x66, 0xC6, 0xC6, 0xC6, 0xCE, 0x76, 0x06, 0xCC, 0x78, 0xC0, 0xC0, 0xC0, 0xC0, 0xCC, 0xDE,
    0xE6, 0xC6, 0xC6, 0xC6, 0xC6, 0xC6, 0x00, 0x00, 0x60, 0x60, 0x00, 0x00, 0xE0, 0x60, 0x60, 0x60,
    0x60, 0x60, 0x60, 0x60, 0x00, 0x00, 0x0C, 0x0C, 0x00, 0x00, 0x1C, 0x0C, 0x0C, 0x0C, 0x0C, 0x0C,
    0x0C, 0x0C, 0xD8, 0x70, 0xC0, 0xC0, 0xC0, 0xC0, 0xC6, 0xCC, 0xD8, 0xF0, 0xF0, 0xD8, 0xCC, 0xC6,
    0x00, 0x00, 0xE0, 0x60, 0x60, 0x60, 0x60, 0x60, 0x60, 0x60, 0x60, 0x60, 0x60, 0x60, 0x00, 0x00,
    0x00, 0x00, 0x00, 0x00, 0x00, 0x00, 0x00, 0x00, 0xCC, 0x60, 0xDE, 0xF0, 0xE7, 0x30, 0xC6, 0x30,
    0xC6, 0x30, 0xC6, 0x30, 0xC6, 0x30, 0xC6, 0x30, 0x00, 0x00, 0x00, 0x00, 0x00, 0x00, 0x00, 0x00,
    0xCC, 0xDE, 0xE6, 0xC6, 0xC6, 0xC6, 0xC6, 0xC6, 0x00, 0x00, 0x00, 0x00, 0x00, 0x00, 0x3C, 0x66,
    0xC6, 0xC6, 0xC6, 0xC6, 0xCC, 0x78, 0x00, 0x00, 0x00, 0x00, 0x00, 0x00, 0xDC, 0xE6, 0xC6, 0xC6,
    0xC6, 0xC6, 0xCC, 0xF8, 0xC0, 0xC0, 0x00, 0x00, 0x00, 0x00, 0x3E, 0x66, 0xC6, 0xC6, 0xC6, 0xC6,
    0xCE, 0x76, 0x06, 0x06, 0x00, 0x00, 0x00, 0x00, 0xCC, 0xDE, 0xF0, 0xC0, 0xC0, 0xC0, 0xC0, 0xC0,
    0x00, 0x00, 0x00, 0x00, 0x00, 0x00, 0x3C, 0x66, 0xC0, 0x7C, 0x0E, 0x06, 0xCC, 0x78, 0x00, 0x00,
    0x00, 0x00, 0x60, 0x60, 0xF8, 0x60, 0x60, 0x60, 0x60, 0x66, 0x6C, 0x38, 0x00, 0x00, 0x00, 0x00,
    0x00, 0x00, 0xC6, 0xC6, 0xC6, 0xC6, 0xC6, 0xCE, 0xF6, 0x66, 0x00, 0x00, 0x00, 0x00, 0x00, 0x00,
    0xC3, 0xC3, 0xC6, 0x66, 0x6C, 0x6C, 0x38, 0x10, 0x00, 0x00, 0x00, 0x00, 0x00, 0x00, 0x00, 0x00,
    0x00, 0x00, 0xC0, 0xC0, 0xC0, 0xC0, 0xCC, 0xC0, 0xCC, 0xC0, 0xCC, 0xC0, 0x6A, 0x80, 0x73, 0x00,
    0x63, 0x00, 0x00, 0x00, 0x00, 0x00, 0x00, 0x00, 0x00, 0x00, 0x63, 0x66, 0x3C, 0x18, 0x18, 0x3C,
    0x66, 0xC6, 0x00, 0x00, 0x00, 0x00, 0x00, 0x00, 0x63, 0x63, 0x63, 0x66, 0x26, 0x3C, 0x18, 0x18,
    0x30, 0xE0, 0x00, 0x00, 0x00, 0x00, 0x7E, 0xC6, 0x0C, 0x18, 0x30, 0x60, 0xC6, 0xFC, 0x00, 0x00,
    0x00, 0x0E, 0x18, 0x18, 0x18, 0x30, 0xE0, 0xE0, 0x30, 0x18, 0x18, 0x18, 0x0E, 0x00, 0xC0, 0xC0,
    0xC0, 0xC0, 0xC0, 0xC0, 0xC0, 0xC0, 0xC0, 0xC0, 0xC0, 0xC0, 0xC0, 0xC0, 0x00, 0xE0, 0x30, 0x30,
    0x30, 0x38, 0x0E, 0x0E, 0x38, 0x30, 0x30, 0x30, 0xE0, 0x00, 0x00, 0x00, 0x64, 0xFC, 0x98, 0x00,
    0x00, 0x00, 0x00, 0x00, 0x00, 0x00, 0x00, 0x00, 0x00, 0x0E, 0x1B, 0x19, 0x18, 0x18, 0x18, 0x18,
    0x18, 0x98, 0xD8, 0x60, 0x00, 0x00,
};

const display_font_t font_jess14b = {
    .glyphs = jess14b_glyphs,
    .bitmap = jess14b_bitmap,
    .family = &font_family_jess14,
    .first_character = 0,
    .glyph_count = 128,
    .height = 14,
    .baseline = 12,
    .fallback_character = 63,
    .style = 1,
};

static const display_font_glyph_t jess14i_glyphs[] = {
    { 0, 4, 9, 2, 1 }, /* 0x00 */
    { 14, 5, 10, 2, 1 }, /* 0x01 */
    { 28, 8, 10, 0, 1 }, /* 0x02 */
    { 42, 9, 10, 0, 1 }, /* 0x03 */
    { 70, 7, 10, 0, 1 }, /* 0x04 */
    { 84, 7, 10, 1, 1 }, /* 0x05 */
    { 98, 6, 10, 1, 1 }, /* 0x06 */
    { 112, 7, 10, 1, 1 }, /* 0x07 */
    { 126, 7, 10, 0, 1 }, /* 0x08 */
    { 140, 8, 10, 0, 1 }, /* 0x09 */
    { 154, 9, 10, 0, 1 }, /* 0x0A */
    { 182, 5, 10, 2, 1 }, /* 0x0B */
    { 196, 8, 10, 0, 1 }, /* 0x0C */
    { 210, 7, 10, 1, 1 }, /* 0x0D */
    { 224, 10, 12, 0, 1 }, /* 0x0E */
    { 252, 8, 10, 1, 1 }, /* 0x0F */
    { 266, 8, 10, 0, 1 }, /* 0x10 */
    { 280, 8, 10, 0, 1 }, /* 0x11 */
    { 294, 7, 9, 0, 1 }, /* 0x12 */
    { 308, 8, 9, 0, 1 }, /* 0x13 */
    { 322, 7, 10, 2, 1 }, /* 0x14 */
    { 336, 9, 10, 0, 1 }, /* 0x15 */
    { 364, 7, 10, 1, 1 }, /* 0x16 */
    { 378, 7, 10, 0, 1 }, /* 0x17 */
    { 392, 7, 10, 1, 1 }, /* 0x18 */
    { 406, 7, 10, 1, 1 }, /* 0x19 */
    { 420, 8, 10, 0, 1 }, /* 0x1A */
    { 434, 7, 10, 1, 1 }, /* 0x1B */
    { 448, 9, 10, 0, 1 }, /* 0x1C */
    { 476, 8, 10, 0, 1 }, /* 0x1D */
    { 490, 8, 10, 0, 1 }, /* 0x1E */
    { 504, 7, 10, 1, 1 }, /* 0x1F */
    { 518, 0, 8, -1, 1 }, /* 0x20 */
    { 518, 4, 6, 1, 1 }, /* 0x21 */
    { 532, 5, 8, 2, 1 }, /* 0x22 */
    { 546, 9, 10, 1, 1 }, /* 0x23 */
    { 574, 9, 10, 0, 1 }, /* 0x24 */
    { 602, 9, 10, 1, 1 }, /* 0x25 */
    { 630, 8, 10, 0, 1 }, /* 0x26 */
    { 644, 3, 5, 2, 1 }, /* 0x27 */
    { 658, 6, 8, 1, 1 }, /* 0x28 */
    { 672, 5, 8, 0, 1 }, /* 0x29 */
    { 686, 9, 10, 0, 1 }, /* 0x2A */
    { 714, 7, 10, 1, 1 }, /* 0x2B */
    { 728, 4, 6, -2, 1 }, /* 0x2C */
    { 742, 7, 10, 1, 1 }, /* 0x2D */
    { 756, 2, 7, 0, 1 }, /* 0x2E */
    { 770, 9, 10, 1, 1 }, /* 0x2F */
    { 798, 9, 10, 0, 1 }, /* 0x30 */
    { 826, 6, 10, 1, 1 }, /* 0x31 */
    { 840, 9, 10, 0, 1 }, /* 0x32 */
    { 868, 9, 10, 0, 1 }, /* 0x33 */
    { 896, 8, 10, 1, 1 }, /* 0x34 */
    { 910, 10, 10, 0, 1 }, /* 0x35 */
    { 938, 9, 10, 0, 1 }, /* 0x36 */
    { 966, 8, 10, 2, 1 }, /* 0x37 */
    { 980, 9, 10, 0, 1 }, /* 0x38 */
    { 1008, 8, 10, 1, 1 }, /* 0x39 */
    { 1022, 3, 7, 1, 1 }, /* 0x3A */
    { 1036, 5, 6, -2, 1 }, /* 0x3B */
    { 1050, 8, 10, 1, 1 }, /* 0x3C */
    { 1064, 8, 10, 0, 1 }, /* 0x3D */
    { 1078, 8, 10, 0, 1 }, /* 0x3E */
    { 1092, 7, 10, 2, 1 }, /* 0x3F */
    { 1106, 9, 10, 0, 1 }, /* 0x40 */
    { 1134, 9, 10, 0, 1 }, /* 0x41 */
    { 1162, 9, 10, 0, 1 }, /* 0x42 */
    { 1190, 8, 9, 0, 1 }, /* 0x43 */
    { 1204, 9, 10, 0, 1 }, /* 0x44 */
    { 1232, 9, 9, 0, 1 }, /* 0x45 */
    { 1260, 9, 9, 0, 1 }, /* 0x46 */
    { 1288, 9, 10, 0, 1 }, /* 0x47 */
    { 1316, 10, 10, 0, 1 }, /* 0x48 */
    { 1344, 8, 8, 0, 1 }, /* 0x49 */
    { 1358, 9, 10, 0, 1 }, /* 0x4A */
    { 1386, 10, 10, 0, 1 }, /* 0x4B */
    { 1414, 6, 9, 0, 1 }, /* 0x4C */
    { 1428, 11, 11, 0, 1 }, /* 0x4D */
    { 1456, 10, 10, 0, 1 }, /* 0x4E */
    { 1484, 9, 10, 0, 1 }, /* 0x4F */
    { 1512, 9, 10, 0, 1 }, /* 0x50 */
    { 1540, 9, 10, 0, 1 }, /* 0x51 */
    { 1568, 9, 10, 0, 1 }, /* 0x52 */
    { 1596, 9, 10, 0, 1 }, /* 0x53 */
    { 1624, 7, 10, 3, 1 }, /* 0x54 */
    { 1638, 10, 10, 0, 1 }, /* 0x55 */
    { 1666, 9, 10, 1, 1 }, /* 0x56 */
    { 1694, 13, 14, 1, 1 }, /* 0x57 */
    { 1722, 12, 10, -1, 1 }, /* 0x58 */
    { 1750, 8, 10, 2, 1 }, /* 0x59 */
    { 1764, 10, 10, 0, 1 }, /* 0x5A */
    { 1792, 6, 8, 2, 1 }, /* 0x5B */
    { 1806, 4, 10, 3, 1 }, /* 0x5C */
    { 1820, 6, 8, 0, 1 }, /* 0x5D */
    { 1834, 7, 10, 2, 1 }, /* 0x5E */
    { 1848, 7, 10, 0, 1 }, /* 0x5F */
    { 1862, 3, 5, 2, 1 }, /* 0x60 */
    { 1876, 7, 9, 0, 1 }, /* 0x61 */
    { 1890, 7, 9, 0, 1 }, /* 0x62 */
    { 1904, 7, 9, 0, 1 }, /* 0x63 */
    { 1918, 9, 10, 0, 1 }, /* 0x64 */
    { 1946, 7, 9, 0, 1 }, /* 0x65 */
    { 1960, 8, 8, 1, 1 }, /* 0x66 */
    { 1974, 7, 9, 0, 1 }, /* 0x67 */
    { 1988, 7, 9, 0, 1 }, /* 0x68 */
    { 2002, 4, 6, 1, 1 }, /* 0x69 */
    { 2016, 8, 6, -2, 1 }, /* 0x6A */
    { 2030, 8, 9, 0, 1 }, /* 0x6B */
    { 2044, 4, 6, 1, 1 }, /* 0x6C */
    { 2058, 12, 14, 0, 1 }, /* 0x6D */
    { 2086, 7, 9, 0, 1 }, /* 0x6E */
    { 2100, 7, 9, 0, 1 }, /* 0x6F */
    { 2114, 8, 9, -1, 1 }, /* 0x70 */
    { 2128, 8, 9, 0, 1 }, /* 0x71 */
    { 2142, 7, 8, 0, 1 }, /* 0x72 */
    { 2156, 7, 9, 0, 1 }, /* 0x73 */
    { 2170, 5, 8, 1, 1 }, /* 0x74 */
    { 2184, 8, 9, 0, 1 }, /* 0x75 */
    { 2198, 8, 10, 1, 1 }, /* 0x76 */
    { 2212, 10, 12, 1, 1 }, /* 0x77 */
    { 2240, 8, 10, 0, 1 }, /* 0x78 */
    { 2254, 10, 9, -2, 1 }, /* 0x79 */
    { 2282, 8, 9, 0, 1 }, /* 0x7A */
    { 2296, 8, 10, 1, 1 }, /* 0x7B */
    { 2310, 5, 10, 2, 1 }, /* 0x7C */
    { 2324, 8, 10, 0, 1 }, /* 0x7D */
    { 2338, 6, 10, 2, 1 }, /* 0x7E */
    { 2352, 9, 10, 0, 1 }, /* 0x7F */
};

static const uint8_t jess14i_bitmap[] = {
    0x00, 0x00, 0x00, 0x00, 0x00, 0x00, 0x60, 0xF0, 0xF0, 0xC0, 0x00, 0x00, 0x00, 0x00, 0x00, 0x00,
    0x10, 0x10, 0x10, 0x20, 0x20, 0x20, 0xA8, 0xE0, 0x40, 0x00, 0x00, 0x00, 0x00, 0x00, 0x00, 0x00,
    0x00, 0x01, 0x31, 0x4A, 0x44, 0x88, 0x94, 0x63, 0x00, 0x00, 0x00, 0x00, 0x00, 0x00, 0x00, 0x00,
    0x07, 0x00, 0x08, 0x80, 0x11, 0x00, 0x21, 0x00, 0x3E, 0x00, 0x21, 0x00, 0x42, 0x00, 0x42, 0x00,
    0x7C, 0x00, 0x40, 0x00, 0x80, 0x00, 0x00, 0x00, 0x00, 0x00, 0x00, 0x00, 0x08, 0x14, 0x22, 0x82,
    0x00, 0x00, 0x00, 0x00, 0x00, 0x00, 0x00, 0x00, 0x00, 0x00, 0x00, 0xFE, 0x02, 0x04, 0x00, 0x00,
    0x00, 0x00, 0x00, 0x00, 0x00, 0x00, 0x00, 0x1C, 0x20, 0x40, 0x7C, 0x80, 0x40, 0x38, 0x00, 0x00,
    0x00, 0x00, 0x00, 0x00, 0x00, 0xFE, 0x44, 0x44, 0x44, 0x88, 0x88, 0x88, 0x00, 0x00, 0x00, 0x20,
    0x10, 0x10, 0x08, 0x08, 0x08, 0x14, 0x12, 0x44, 0x42, 0x82, 0x00, 0x00, 0x00, 0x00, 0x00, 0x00,
    0x00, 0x41, 0x22, 0x14, 0x18, 0x20, 0x60, 0x60, 0x60, 0x80, 0x00, 0x00, 0x0E, 0x00, 0x11, 0x00,
    0x10, 0x80, 0x10, 0x00, 0x10, 0x00, 0x0C, 0x00, 0x12, 0x00, 0x21, 0x00, 0x82, 0x00, 0x82, 0x00,
    0x7C, 0x00, 0x00, 0x00, 0x00, 0x00, 0x00, 0x00, 0x00, 0x10, 0x38, 0xA8, 0x20, 0x20, 0x20, 0x40,
    0x40, 0x40, 0x00, 0x00, 0x00, 0x00, 0x00, 0x00, 0x04, 0x08, 0x08, 0x7F, 0x08, 0x10, 0x10, 0xFE,
    0x00, 0x00, 0x00, 0x00, 0x00, 0x00, 0x1C, 0x54, 0x92, 0xFE, 0x92, 0xA8, 0x70, 0x00, 0x00, 0x00,
    0x00, 0x00, 0x00, 0x00, 0x00, 0x00, 0x00, 0x00, 0x00, 0x00, 0x3B, 0x80, 0x44, 0x40, 0x44, 0x40,
    0x44, 0x40, 0x88, 0x80, 0x77, 0x00, 0x00, 0x00, 0x00, 0x00, 0x00, 0x00, 0x00, 0x00, 0x1C, 0x22,
    0x01, 0x02, 0x1E, 0x22, 0x42, 0x84, 0x88, 0x70, 0x00, 0x00, 0x00, 0x00, 0x00, 0x00, 0x00, 0x3F,
    0x40, 0x40, 0x40, 0x80, 0x7E, 0x00, 0x00, 0x00, 0x00, 0x00, 0x00, 0x00, 0x00, 0x7E, 0x01, 0x01,
    0x01, 0x02, 0xFC, 0x00, 0x00, 0x00, 0x00, 0x00, 0x00, 0x00, 0x1E, 0x42, 0x42, 0x42, 0x42, 0x84,
    0x84, 0x00, 0x00, 0x00, 0x00, 0x00, 0x00, 0x00, 0x21, 0x42, 0x42, 0x42, 0x42, 0x84, 0x78, 0x00,
    0x00, 0x00, 0x00, 0x82, 0x82, 0x82, 0x7C, 0x88, 0x88, 0x50, 0x50, 0xA0, 0x40, 0x40, 0x00, 0x00,
    0x00, 0x00, 0x3F, 0x80, 0x00, 0x80, 0x00, 0x80, 0x00, 0x80, 0x01, 0x00, 0x1F, 0x00, 0x01, 0x00,
    0x01, 0x00, 0x02, 0x00, 0x02, 0x00, 0xFE, 0x00, 0x00, 0x00, 0x00, 0x00, 0x00, 0x00, 0x00, 0x00,
    0x1C, 0x44, 0xAA, 0x92, 0xAA, 0x88, 0x70, 0x00, 0x00, 0x00, 0x00, 0x00, 0x00, 0x00, 0x04, 0x04,
    0x7E, 0x04, 0x08, 0x20, 0x40, 0xFC, 0x40, 0x40, 0x00, 0x00, 0x00, 0x00, 0x00, 0x20, 0x40, 0xFE,
    0x40, 0x40, 0x00, 0x00, 0x00, 0x00, 0x00, 0x00, 0x00, 0x00, 0x00, 0x08, 0x04, 0xFE, 0x04, 0x10,
    0x00, 0x00, 0x00, 0x00, 0x00, 0x00, 0x00, 0x01, 0x01, 0x04, 0x7F, 0x08, 0x10, 0xFE, 0x40, 0x80,
    0x00, 0x00, 0x00, 0x00, 0x00, 0x08, 0x08, 0x28, 0x44, 0x82, 0x44, 0x50, 0x20, 0x20, 0x00, 0x00,
    0x00, 0x00, 0x00, 0x00, 0x00, 0x00, 0x00, 0x00, 0x01, 0x80, 0x0C, 0x00, 0x30, 0x00, 0x40, 0x00,
    0x30, 0x00, 0x18, 0x00, 0x06, 0x00, 0xFE, 0x00, 0x00, 0x00, 0x00, 0x00, 0x00, 0x00, 0x00, 0x00,
    0x30, 0x18, 0x06, 0x01, 0x06, 0x30, 0xC0, 0xFE, 0x00, 0x00, 0x00, 0x00, 0x00, 0x00, 0x00, 0x7F,
    0x00, 0x7F, 0x00, 0xFE, 0x00, 0x00, 0x00, 0x00, 0x00, 0x00, 0x00, 0x00, 0x00, 0x00, 0x82, 0x44,
    0x28, 0x20, 0x00, 0x00, 0x00, 0x00, 0x10, 0x20, 0x20, 0x20, 0x20, 0x40, 0x40, 0x40, 0x00, 0x00,
    0x80, 0x80, 0x00, 0x00, 0x00, 0x48, 0xD8, 0x90, 0x90, 0x00, 0x00, 0x00, 0x00, 0x00, 0x00, 0x00,
    0x00, 0x00, 0x00, 0x00, 0x09, 0x00, 0x09, 0x00, 0x09, 0x00, 0x3F, 0x80, 0x24, 0x00, 0x24, 0x00,
    0x24, 0x00, 0xFE, 0x00, 0x90, 0x00, 0x90, 0x00, 0x90, 0x00, 0x00, 0x00, 0x00, 0x00, 0x00, 0x00,
    0x04, 0x00, 0x0F, 0x00, 0x14, 0x80, 0x24, 0x00, 0x48, 0x00, 0x3E, 0x00, 0x09, 0x00, 0x09, 0x00,
    0x94, 0x00, 0x78, 0x00, 0x10, 0x00, 0x00, 0x00, 0x00, 0x00, 0x00, 0x00, 0x31, 0x80, 0x4E, 0x80,
    0x49, 0x00, 0x32, 0x00, 0x04, 0x00, 0x08, 0x00, 0x10, 0x00, 0x16, 0x00, 0x52, 0x00, 0x92, 0x00,
    0x8C, 0x00, 0x00, 0x00, 0x00, 0x00, 0x00, 0x1C, 0x22, 0x22, 0x22, 0x28, 0x18, 0x28, 0x45, 0x84,
    0x8C, 0x72, 0x00, 0x00, 0x60, 0xC0, 0x40, 0x80, 0x00, 0x00, 0x00, 0x00, 0x00, 0x00, 0x00, 0x00,
    0x00, 0x00, 0x04, 0x10, 0x10, 0x20, 0x20, 0x40, 0x40, 0x40, 0x40, 0x80, 0x40, 0x40, 0x20, 0x00,
    0x10, 0x10, 0x10, 0x08, 0x08, 0x10, 0x10, 0x10, 0x10, 0x20, 0x40, 0x40, 0x80, 0x00, 0x00, 0x00,
    0x00, 0x00, 0x00, 0x00, 0x04, 0x00, 0x24, 0x80, 0x2A, 0x00, 0x1C, 0x00, 0x1C, 0x00, 0x2A, 0x00,
    0x92, 0x00, 0x10, 0x00, 0x00, 0x00, 0x00, 0x00, 0x00, 0x00, 0x00, 0x00, 0x00, 0x00, 0x08, 0x10,
    0x10, 0xFE, 0x10, 0x20, 0x20, 0x00, 0x00, 0x00, 0x00, 0x00, 0x00, 0x00, 0x00, 0x00, 0x00, 0x00,
    0x00, 0x00, 0x30, 0x30, 0x20, 0x80, 0x00, 0x00, 0x00, 0x00, 0x00, 0x00, 0x00, 0xFE, 0x00, 0x00,
    0x00, 0x00, 0x00, 0x00, 0x00, 0x00, 0x00, 0x00, 0x00, 0x00, 0x00, 0x00, 0x00, 0x00, 0xC0, 0xC0,
    0x00, 0x00, 0x00, 0x80, 0x03, 0x00, 0x02, 0x00, 0x06, 0x00, 0x04, 0x00, 0x18, 0x00, 0x10, 0x00,
    0x30, 0x00, 0x20, 0x00, 0xC0, 0x00, 0x80, 0x00, 0x80, 0x00, 0x00, 0x00, 0x00, 0x00, 0x07, 0x80,
    0x10, 0x80, 0x20, 0x80, 0x21, 0x80, 0x22, 0x80, 0x49, 0x00, 0x51, 0x00, 0x61, 0x00, 0x41, 0x00,
    0x82, 0x00, 0x84, 0x00, 0x78, 0x00, 0x00, 0x00, 0x00, 0x00, 0x04, 0x08, 0x38, 0x08, 0x08, 0x10,
    0x10, 0x10, 0x10, 0x20, 0x20, 0xF8, 0x00, 0x00, 0x07, 0x80, 0x10, 0x80, 0x20, 0x80, 0x00, 0x80,
    0x01, 0x00, 0x04, 0x00, 0x08, 0x00, 0x10, 0x00, 0x20, 0x00, 0x80, 0x00, 0x80, 0x00, 0xFE, 0x00,
    0x00, 0x00, 0x00, 0x00, 0x07, 0x80, 0x10, 0x80, 0x20, 0x80, 0x00, 0x80, 0x01, 0x00, 0x1E, 0x00,
    0x01, 0x00, 0x01, 0x00, 0x01, 0x00, 0x02, 0x00, 0x04, 0x00, 0xF8, 0x00, 0x00, 0x00, 0x00, 0x00,
    0x01, 0x06, 0x0A, 0x12, 0x22, 0x84, 0xFE, 0x04, 0x04, 0x08, 0x08, 0x08, 0x00, 0x00, 0x07, 0xC0,
    0x10, 0x00, 0x10, 0x00, 0x20, 0x00, 0x3F, 0x00, 0x01, 0x00, 0x01, 0x00, 0x01, 0x00, 0x01, 0x00,
    0x02, 0x00, 0x84, 0x00, 0x78, 0x00, 0x00, 0x00, 0x00, 0x00, 0x07, 0x80, 0x10, 0x00, 0x20, 0x00,
    0x20, 0x00, 0x20, 0x00, 0x5E, 0x00, 0x61, 0x00, 0x41, 0x00, 0x41, 0x00, 0x82, 0x00, 0x84, 0x00,
    0x78, 0x00, 0x00, 0x00, 0x00, 0x00, 0x7F, 0x82, 0x02, 0x02, 0x04, 0x10, 0x10, 0x20, 0x20, 0x80,
    0x80, 0x80, 0x00, 0x00, 0x07, 0x80, 0x10, 0x80, 0x20, 0x80, 0x20, 0x80, 0x21, 0x00, 0x34, 0x00,
    0x1E, 0x00, 0x21, 0x00, 0x41, 0x00, 0x82, 0x00, 0x84, 0x00, 0x78, 0x00, 0x00, 0x00, 0x00, 0x00,
    0x0F, 0x21, 0x41, 0x41, 0x41, 0x86, 0x7A, 0x02, 0x02, 0x04, 0x08, 0xF0, 0x00, 0x00, 0x00, 0x00,
    0x00, 0x00, 0x00, 0x00, 0x60, 0x60, 0x00, 0x00, 0xC0, 0xC0, 0x00, 0x00, 0x00, 0x00, 0x00, 0x00,
    0x00, 0x00, 0x18, 0x18, 0x00, 0x00, 0x30, 0x30, 0x20, 0x80, 0x00, 0x00, 0x00, 0x01, 0x06, 0x10,
    0x60, 0x80, 0x60, 0x20, 0x18, 0x04, 0x00, 0x00, 0x00, 0x00, 0x00, 0x00, 0x00, 0x00, 0x7F, 0x00,
    0x00, 0xFE, 0x00, 0x00, 0x00, 0x00, 0x00, 0x00, 0x00, 0x20, 0x18, 0x08, 0x06, 0x01, 0x06, 0x10,
    0x60, 0x80, 0x00, 0x00, 0x3E, 0x82, 0x82, 0x02, 0x04, 0x10, 0x20, 0x20, 0x00, 0x00, 0x40, 0x40,
    0x00, 0x00, 0x00, 0x00, 0x00, 0x00, 0x00, 0x00, 0x1F, 0x00, 0x20, 0x80, 0x4C, 0x80, 0x55, 0x00,
    0x55, 0x00, 0x95, 0x00, 0x9E, 0x00, 0x80, 0x00, 0x7C, 0x00, 0x00, 0x00, 0x00, 0x00, 0x01, 0x00,
    0x06, 0x00, 0x09, 0x00, 0x09, 0x00, 0x10, 0x80, 0x21, 0x00, 0x3F, 0x00, 0x41, 0x00, 0x41, 0x00,
    0x82, 0x00, 0x82, 0x00, 0x82, 0x00, 0x00, 0x00, 0x00, 0x00, 0x1F, 0x80, 0x20, 0x80, 0x20, 0x80,
    0x20, 0x80, 0x21, 0x00, 0x7E, 0x00, 0x41, 0x00, 0x41, 0x00, 0x41, 0x00, 0x82, 0x00, 0x84, 0x00,
    0xF8, 0x00, 0x00, 0x00, 0x00, 0x00, 0x07, 0x11, 0x20, 0x20, 0x20, 0x40, 0x40, 0x40, 0x40, 0x80,
    0x84, 0x78, 0x00, 0x00, 0x1F, 0x80, 0x20, 0x80, 0x20, 0x80, 0x20, 0x80, 0x20, 0x80, 0x41, 0x00,
    0x41, 0x00, 0x41, 0x00, 0x41, 0x00, 0x82, 0x00, 0x84, 0x00, 0xF8, 0x00, 0x00, 0x00, 0x00, 0x00,
    0x1F, 0x80, 0x20, 0x00, 0x20, 0x00, 0x20, 0x00, 0x20, 0x00, 0x78, 0x00, 0x40, 0x00, 0x40, 0x00,
    0x40, 0x00, 0x80, 0x00, 0x80, 0x00, 0xFC, 0x00, 0x00, 0x00, 0x00, 0x00, 0x1F, 0x80, 0x20, 0x00,
    0x20, 0x00, 0x20, 0x00, 0x20, 0x00, 0x78, 0x00, 0x40, 0x00, 0x40, 0x00, 0x40, 0x00, 0x80, 0x00,
    0x80, 0x00, 0x80, 0x00, 0x00, 0x00, 0x00, 0x00, 0x07, 0x80, 0x10, 0x80, 0x20, 0x00, 0x20, 0x00,
    0x20, 0x00, 0x40, 0x00, 0x47, 0x00, 0x41, 0x00, 0x41, 0x00, 0x82, 0x00, 0x84, 0x00, 0x78, 0x00,
    0x00, 0x00, 0x00, 0x00, 0x10, 0x40, 0x20, 0x80, 0x20, 0x80, 0x20, 0x80, 0x20, 0x80, 0x7F, 0x00,
    0x41, 0x00, 0x41, 0x00, 0x41, 0x00, 0x82, 0x00, 0x82, 0x00, 0x82, 0x00, 0x00, 0x00, 0x00, 0x00,
    0x1F, 0x08, 0x08, 0x08, 0x08, 0x10, 0x10, 0x10, 0x10, 0x20, 0x20, 0xF8, 0x00, 0x00, 0x00, 0x80,
    0x01, 0x00, 0x01, 0x00, 0x01, 0x00, 0x01, 0x00, 0x02, 0x00, 0x02, 0x00, 0x02, 0x00, 0x02, 0x00,
    0x84, 0x00, 0x84, 0x00, 0x78, 0x00, 0x00, 0x00, 0x00, 0x00, 0x10, 0x40, 0x21, 0x00, 0x22, 0x00,
    0x24, 0x00, 0x28, 0x00, 0x60, 0x00, 0x50, 0x00, 0x48, 0x00, 0x44, 0x00, 0x84, 0x00, 0x82, 0x00,
    0x81, 0x00, 0x00, 0x00, 0x00, 0x00, 0x10, 0x20, 0x20, 0x20, 0x20, 0x40, 0x40, 0x40, 0x40, 0x80,
    0x80, 0xFC, 0x00, 0x00, 0x10, 0x20, 0x20, 0x40, 0x30, 0xC0, 0x29, 0x40, 0x29, 0x40, 0x4C, 0x80,
    0x44, 0x80, 0x44, 0x80, 0x40, 0x80, 0x81, 0x00, 0x81, 0x00, 0x81, 0x00, 0x00, 0x00, 0x00, 0x00,
    0x10, 0x40, 0x20, 0x80, 0x30, 0x80, 0x28, 0x80, 0x28, 0x80, 0x49, 0x00, 0x49, 0x00, 0x45, 0x00,
    0x45, 0x00, 0x86, 0x00, 0x82, 0x00, 0x82, 0x00, 0x00, 0x00, 0x00, 0x00, 0x07, 0x80, 0x10, 0x80,
    0x20, 0x80, 0x20, 0x80, 0x20, 0x80, 0x41, 0x00, 0x41, 0x00, 0x41, 0x00, 0x41, 0x00, 0x82, 0x00,
    0x84, 0x00, 0x78, 0x00, 0x00, 0x00, 0x00, 0x00, 0x1F, 0x80, 0x20, 0x80, 0x20, 0x80, 0x20, 0x80,
    0x20, 0x80, 0x42, 0x00, 0x7C, 0x00, 0x40, 0x00, 0x40, 0x00, 0x80, 0x00, 0x80, 0x00, 0x80, 0x00,
    0x00, 0x00, 0x00, 0x00, 0x07, 0x80, 0x10, 0x80, 0x20, 0x80, 0x20, 0x80, 0x20, 0x80, 0x41, 0x00,
    0x41, 0x00, 0x41, 0x00, 0x41, 0x00, 0xB2, 0x00, 0x8C, 0x00, 0x7C, 0x00, 0x02, 0x00, 0x00, 0x00,
    0x1F, 0x80, 0x20, 0x80, 0x20, 0x80, 0x20, 0x80, 0x20, 0x80, 0x42, 0x00, 0x7C, 0x00, 0x50, 0x00,
    0x48, 0x00, 0x88, 0x00, 0x84, 0x00, 0x82, 0x00, 0x00, 0x00, 0x00, 0x00, 0x07, 0x80, 0x10, 0x80,
    0x20, 0x00, 0x20, 0x00, 0x20, 0x00, 0x3E, 0x00, 0x01, 0x00, 0x01, 0x00, 0x01, 0x00, 0x02, 0x00,
    0x84, 0x00, 0x78, 0x00, 0x00, 0x00, 0x00, 0x00, 0xFE, 0x20, 0x20, 0x20, 0x20, 0x40, 0x40, 0x40,
    0x40, 0x80, 0x80, 0x80, 0x00, 0x00, 0x10, 0x40, 0x20, 0x80, 0x20, 0x80, 0x20, 0x80, 0x20, 0x80,
    0x41, 0x00, 0x41, 0x00, 0x41, 0x00, 0x41, 0x00, 0x82, 0x00, 0x44, 0x00, 0x38, 0x00, 0x00, 0x00,
    0x00, 0x00, 0x20, 0x80, 0x41, 0x00, 0x41, 0x00, 0x41, 0x00, 0x41, 0x00, 0x82, 0x00, 0x84, 0x00,
    0x44, 0x00, 0x48, 0x00, 0x90, 0x00, 0x60, 0x00, 0x40, 0x00, 0x00, 0x00, 0x00, 0x00, 0x20, 0x08,
    0x40, 0x10, 0x40, 0x10, 0x42, 0x10, 0x42, 0x20, 0x84, 0x40, 0x8C, 0x40, 0x94, 0x80, 0x94, 0x80,
    0xA5, 0x00, 0xC6, 0x00, 0x84, 0x00, 0x00, 0x00, 0x00, 0x00, 0x08, 0x10, 0x08, 0x40, 0x08, 0x80,
    0x04, 0x80, 0x05, 0x00, 0x04, 0x00, 0x04, 0x00, 0x0A, 0x00, 0x12, 0x00, 0x22, 0x00, 0x42, 0x00,
    0x81, 0x00, 0x00, 0x00, 0x00, 0x00, 0x41, 0x82, 0x44, 0x44, 0x28, 0x20, 0x20, 0x20, 0x20, 0x40,
    0x40, 0x40, 0x00, 0x00, 0x1F, 0xC0, 0x01, 0x00, 0x01, 0x00, 0x02, 0x00, 0x02, 0x00, 0x08, 0x00,
    0x08, 0x00, 0x10, 0x00, 0x10, 0x00, 0x40, 0x00, 0x40, 0x00, 0xFE, 0x00, 0x00, 0x00, 0x00, 0x00,
    0x1C, 0x20, 0x20, 0x20, 0x20, 0x40, 0x40, 0x40, 0x40, 0x80, 0x80, 0xE0, 0x00, 0x00, 0x40, 0x80,
    0x40, 0x40, 0x20, 0x40, 0x20, 0x20, 0x10, 0x20, 0x10, 0x10, 0x00, 0x00, 0x1C, 0x08, 0x08, 0x08,
    0x08, 0x10, 0x10, 0x10, 0x10, 0x20, 0x20, 0xE0, 0x00, 0x00, 0x08, 0x28, 0x44, 0x82, 0x00, 0x00,
    0x00, 0x00, 0x00, 0x00, 0x00, 0x00, 0x00, 0x00, 0x00, 0x00, 0x00, 0x00, 0x00, 0x00, 0x00, 0x00,
    0x00, 0x00, 0x00, 0x00, 0xFE, 0x00, 0x20, 0x80, 0xC0, 0xC0, 0x00, 0x00, 0x00, 0x00, 0x00, 0x00,
    0x00, 0x00, 0x00, 0x00, 0x00, 0x00, 0x00, 0x00, 0x1E, 0x22, 0x02, 0x3E, 0x42, 0x84, 0x8C, 0x74,
    0x00, 0x00, 0x10, 0x20, 0x20, 0x20, 0x2E, 0x72, 0x42, 0x42, 0x42, 0x84, 0x88, 0xF0, 0x00, 0x00,
    0x00, 0x00, 0x00, 0x00, 0x1E, 0x22, 0x40, 0x40, 0x40, 0x80, 0x84, 0x78, 0x00, 0x00, 0x00, 0x80,
    0x01, 0x00, 0x01, 0x00, 0x01, 0x00, 0x1F, 0x00, 0x22, 0x00, 0x42, 0x00, 0x42, 0x00, 0x42, 0x00,
    0x84, 0x00, 0x8C, 0x00, 0x74, 0x00, 0x00, 0x00, 0x00, 0x00, 0x00, 0x00, 0x00, 0x00, 0x1E, 0x22,
    0x44, 0x78, 0x40, 0x80, 0x84, 0x78, 0x00, 0x00, 0x0F, 0x10, 0x20, 0x20, 0xFC, 0x40, 0x40, 0x40,
    0x40, 0x80, 0x80, 0x80, 0x00, 0x00, 0x00, 0x00, 0x00, 0x00, 0x1E, 0x22, 0x42, 0x42, 0x42, 0x8C,
    0x74, 0x04, 0x88, 0xF0, 0x10, 0x20, 0x20, 0x20, 0x2E, 0x52, 0x62, 0x42, 0x42, 0x84, 0x84, 0x84,
    0x00, 0x00, 0x10, 0x20, 0x00, 0x00, 0x60, 0x40, 0x40, 0x40, 0x40, 0x80, 0x80, 0x80, 0x00, 0x00,
    0x01, 0x02, 0x00, 0x00, 0x0E, 0x04, 0x04, 0x04, 0x04, 0x08, 0x08, 0x08, 0x90, 0xC0, 0x10, 0x20,
    0x20, 0x20, 0x23, 0x44, 0x48, 0x70, 0x50, 0x90, 0x88, 0x84, 0x00, 0x00, 0x30, 0x20, 0x20, 0x20,
    0x20, 0x40, 0x40, 0x40, 0x40, 0x80, 0x80, 0x80, 0x00, 0x00, 0x00, 0x00, 0x00, 0x00, 0x00, 0x00,
    0x00, 0x00, 0x4E, 0x70, 0x52, 0x90, 0x63, 0x10, 0x42, 0x10, 0x42, 0x10, 0x84, 0x20, 0x84, 0x20,
    0x84, 0x20, 0x00, 0x00, 0x00, 0x00, 0x00, 0x00, 0x00, 0x00, 0x4E, 0x52, 0x62, 0x42, 0x42, 0x84,
    0x84, 0x84, 0x00, 0x00, 0x00, 0x00, 0x00, 0x00, 0x1E, 0x22, 0x42, 0x42, 0x42, 0x84, 0x88, 0x70,
    0x00, 0x00, 0x00, 0x00, 0x00, 0x00, 0x1F, 0x31, 0x21, 0x21, 0x21, 0x42, 0x44, 0x78, 0x40, 0x80,
    0x00, 0x00, 0x00, 0x00, 0x1F, 0x22, 0x42, 0x42, 0x42, 0x84, 0x8C, 0x74, 0x04, 0x08, 0x00, 0x00,
    0x00, 0x00, 0x4E, 0x52, 0x60, 0x40, 0x40, 0x80, 0x80, 0x80, 0x00, 0x00, 0x00, 0x00, 0x00, 0x00,
    0x1E, 0x22, 0x40, 0x3C, 0x02, 0x04, 0x88, 0x70, 0x00, 0x00, 0x00, 0x00, 0x20, 0x20, 0xF8, 0x40,
    0x40, 0x40, 0x40, 0x88, 0x90, 0x60, 0x00, 0x00, 0x00, 0x00, 0x00, 0x00, 0x21, 0x42, 0x42, 0x42,
    0x42, 0x8C, 0x94, 0x64, 0x00, 0x00, 0x00, 0x00, 0x00, 0x00, 0x41, 0x82, 0x84, 0x44, 0x48, 0x90,
    0x60, 0x40, 0x00, 0x00, 0x00, 0x00, 0x00, 0x00, 0x00, 0x00, 0x00, 0x00, 0x40, 0x40, 0x80, 0x80,
    0x88, 0x80, 0x88, 0x80, 0x89, 0x00, 0xAA, 0x00, 0xCC, 0x00, 0x88, 0x00, 0x00, 0x00, 0x00, 0x00,
    0x00, 0x00, 0x00, 0x00, 0x11, 0x22, 0x14, 0x08, 0x18, 0x28, 0x44, 0x84, 0x00, 0x00, 0x00, 0x00,
    0x00, 0x00, 0x00, 0x00, 0x00, 0x00, 0x08, 0x40, 0x10, 0x80, 0x10, 0x80, 0x11, 0x00, 0x12, 0x00,
    0x14, 0x00, 0x08, 0x00, 0x08, 0x00, 0x10, 0x00, 0xE0, 0x00, 0x00, 0x00, 0x00, 0x00, 0x3F, 0x42,
    0x04, 0x08, 0x30, 0x40, 0x84, 0xF8, 0x00, 0x00, 0x00, 0x07, 0x08, 0x08, 0x08, 0x30, 0xE0, 0x30,
    0x10, 0x20, 0x20, 0x1C, 0x00, 0x00, 0x08, 0x10, 0x10, 0x10, 0x10, 0x20, 0x20, 0x20, 0x20, 0x40,
    0x40, 0x40, 0x40, 0x80, 0x00, 0x38, 0x04, 0x04, 0x04, 0x0C, 0x07, 0x0C, 0x08, 0x10, 0x10, 0xE0,
    0x00, 0x00, 0x00, 0x00, 0x00, 0x64, 0x98, 0x00, 0x00, 0x00, 0x00, 0x00, 0x00, 0x00, 0x00, 0x00,
    0x00, 0x00, 0x03, 0x00, 0x04, 0x80, 0x04, 0x00, 0x04, 0x00, 0x08, 0x00, 0x08, 0x00, 0x08, 0x00,
    0x08, 0x00, 0x10, 0x00, 0x90, 0x00, 0x60, 0x00, 0x00, 0x00, 0x00, 0x00,
};

const display_font_t font_jess14i = {
    .glyphs = jess14i_glyphs,
    .bitmap = jess14i_bitmap,
    .family = &font_family_jess14,
    .first_character = 0,
    .glyph_count = 128,
    .height = 14,
    .baseline = 12,
    .fallback_character = 63,
    .style = 2,
};

static const display_font_glyph_t swiss20_glyphs[] = {
    { 0, 7, 12, 2, 1 }, /* 0x00 */
    { 20, 10, 12, 1, 1 }, /* 0x01 */
    { 60, 10, 12, 1, 1 }, /* 0x02 */
    { 100, 9, 12, 1, 1 }, /* 0x03 */
    { 140, 8, 12, 2, 1 }, /* 0x04 */
    { 160, 8, 12, 2, 1 }, /* 0x05 */
    { 180, 8, 12, 2, 1 }, /* 0x06 */
    { 200, 10, 12, 1, 1 }, /* 0x07 */
    { 240, 8, 12, 2, 1 }, /* 0x08 */
    { 260, 8, 12, 2, 1 }, /* 0x09 */
    { 280, 9, 12, 2, 1 }, /* 0x0A */
    { 320, 8, 10, 1, 1 }, /* 0x0B */
    { 340, 8, 12, 2, 1 }, /* 0x0C */
    { 360, 10, 12, 1, 1 }, /* 0x0D */
    { 400, 10, 12, 1, 1 }, /* 0x0E */
    { 440, 8, 12, 2, 1 }, /* 0x0F */
    { 460, 8, 12, 2, 1 }, /* 0x10 */
    { 480, 8, 12, 2, 1 }, /* 0x11 */
    { 500, 8, 12, 2, 1 }, /* 0x12 */
    { 520, 8, 12, 2, 1 }, /* 0x13 */
    { 540, 8, 12, 2, 1 }, /* 0x14 */
    { 560, 8, 12, 2, 1 }, /* 0x15 */
    { 580, 11, 12, 0, 1 }, /* 0x16 */
    { 620, 10, 12, 1, 1 }, /* 0x17 */
    { 660, 10, 12, 1, 1 }, /* 0x18 */
    { 700, 10, 12, 1, 1 }, /* 0x19 */
    { 740, 8, 12, 2, 1 }, /* 0x1A */
    { 760, 8, 12, 2, 1 }, /* 0x1B */
    { 780, 8, 12, 2, 1 }, /* 0x1C */
    { 800, 8, 12, 2, 1 }, /* 0x1D */
    { 820, 12, 12, 0, 1 }, /* 0x1E */
    { 860, 8, 12, 2, 1 }, /* 0x1F */
    { 880, 0, 9, -1, 1 }, /* 0x20 */
    { 880, 2, 4, 1, 1 }, /* 0x21 */
    { 900, 5, 7, 1, 1 }, /* 0x22 */
    { 920, 14, 16, 1, 1 }, /* 0x23 */
    { 960, 11, 13, 1, 1 }, /* 0x24 */
    { 1000, 16, 18, 1, 1 }, /* 0x25 */
    { 1040, 13, 15, 1, 1 }, /* 0x26 */
    { 1080, 2, 4, 1, 1 }, /* 0x27 */
    { 1100, 6, 8, 1, 1 }, /* 0x28 */
    { 1120, 6, 8, 1, 1 }, /* 0x29 */
    { 1140, 8, 10, 1, 1 }, /* 0x2A */
    { 1160, 12, 14, 1, 1 }, /* 0x2B */
    { 1200, 3, 5, 1, 1 }, /* 0x2C */
    { 1220, 9, 11, 1, 1 }, /* 0x2D */
    { 1260, 2, 4, 1, 1 }, /* 0x2E */
    { 1280, 8, 10, 1, 1 }, /* 0x2F */
    { 1300, 11, 13, 1, 1 }, /* 0x30 */
    { 1340, 6, 13, 3, 1 }, /* 0x31 */
    { 1360, 11, 13, 1, 1 }, /* 0x32 */
    { 1400, 11, 13, 1, 1 }, /* 0x33 */
    { 1440, 11, 13, 1, 1 }, /* 0x34 */
    { 1480, 11, 13, 1, 1 }, /* 0x35 */
    { 1520, 11, 13, 1, 1 }, /* 0x36 */
    { 1560, 11, 13, 1, 1 }, /* 0x37 */
    { 1600, 11, 13, 1, 1 }, /* 0x38 */
    { 1640, 11, 13, 1, 1 }, /* 0x39 */
    { 1680, 2, 4, 1, 1 }, /* 0x3A */
    { 1700, 3, 5, 1, 1 }, /* 0x3B */
    { 1720, 8, 10, 1, 1 }, /* 0x3C */
    { 1740, 8, 10, 1, 1 }, /* 0x3D */
    { 1760, 8, 10, 1, 1 }, /* 0x3E */
    { 1780, 9, 11, 1, 1 }, /* 0x3F */
    { 1820, 17, 19, 1, 1 }, /* 0x40 */
    { 1880, 13, 15, 1, 1 }, /* 0x41 */
    { 1920, 12, 14, 1, 1 }, /* 0x42 */
    { 1960, 13, 15, 1, 1 }, /* 0x43 */
    { 2000, 12, 14, 1, 1 }, /* 0x44 */
    { 2040, 11, 13, 1, 1 }, /* 0x45 */
    { 2080, 10, 12, 1, 1 }, /* 0x46 */
    { 2120, 13, 15, 1, 1 }, /* 0x47 */
    { 2160, 12, 14, 1, 1 }, /* 0x48 */
    { 2200, 2, 6, 2, 1 }, /* 0x49 */
    { 2220, 9, 11, 1, 1 }, /* 0x4A */
    { 2260, 11, 13, 1, 1 }, /* 0x4B */
    { 2300, 10, 12, 1, 1 }, /* 0x4C */
    { 2340, 14, 16, 1, 1 }, /* 0x4D */
    { 2380, 12, 14, 1, 1 }, /* 0x4E */
    { 2420, 14, 16, 1, 1 }, /* 0x4F */
    { 2460, 11, 13, 1, 1 }, /* 0x50 */
    { 2500, 14, 16, 1, 1 }, /* 0x51 */
    { 2540, 11, 13, 1, 1 }, /* 0x52 */
    { 2580, 11, 13, 1, 1 }, /* 0x53 */
    { 2620, 12, 14, 1, 1 }, /* 0x54 */
    { 2660, 11, 13, 1, 1 }, /* 0x55 */
    { 2700, 11, 13, 1, 1 }, /* 0x56 */
    { 2740, 18, 20, 1, 1 }, /* 0x57 */
    { 2800, 10, 12, 1, 1 }, /* 0x58 */
    { 2840, 12, 14, 1, 1 }, /* 0x59 */
    { 2880, 11, 13, 1, 1 }, /* 0x5A */
    { 2920, 6, 8, 1, 1 }, /* 0x5B */
    { 2940, 8, 10, 1, 1 }, /* 0x5C */
    { 2960, 6, 8, 1, 1 }, /* 0x5D */
    { 2980, 8, 10, 1, 1 }, /* 0x5E */
    { 3000, 10, 12, 0, 1 }, /* 0x5F */
    { 3040, 4, 12, 4, 1 }, /* 0x60 */
    { 3060, 11, 13, 1, 1 }, /* 0x61 */
    { 3100, 10, 12, 1, 1 }, /* 0x62 */
    { 3140, 11, 13, 1, 1 }, /* 0x63 */
    { 3180, 10, 12, 1, 1 }, /* 0x64 */
    { 3220, 10, 12, 1, 1 }, /* 0x65 */
    { 3260, 7, 9, 1, 1 }, /* 0x66 */
    { 3280, 10, 12, 1, 1 }, /* 0x67 */
    { 3320, 9, 12, 1, 1 }, /* 0x68 */
    { 3360, 2, 6, 2, 1 }, /* 0x69 */
    { 3380, 4, 6, 0, 1 }, /* 0x6A */
    { 3400, 9, 11, 1, 1 }, /* 0x6B */
    { 3440, 2, 6, 2, 1 }, /* 0x6C */
    { 3460, 14, 16, 1, 1 }, /* 0x6D */
    { 3500, 9, 11, 1, 1 }, /* 0x6E */
    { 3540, 11, 13, 1, 1 }, /* 0x6F */
    { 3580, 10, 12, 1, 1 }, /* 0x70 */
    { 3620, 10, 12, 1, 1 }, /* 0x71 */
    { 3660, 7, 8, 1, 1 }, /* 0x72 */
    { 3680, 9, 11, 1, 1 }, /* 0x73 */
    { 3720, 6, 8, 1, 1 }, /* 0x74 */
    { 3740, 9, 11, 1, 1 }, /* 0x75 */
    { 3780, 10, 12, 1, 1 }, /* 0x76 */
    { 3820, 14, 16, 1, 1 }, /* 0x77 */
    { 3860, 8, 10, 1, 1 }, /* 0x78 */
    { 3880, 10, 12, 1, 1 }, /* 0x79 */
    { 3920, 9, 11, 1, 1 }, /* 0x7A */
    { 3960, 8, 10, 1, 1 }, /* 0x7B */
    { 3980, 2, 4, 1, 1 }, /* 0x7C */
    { 4000, 8, 10, 1, 1 }, /* 0x7D */
    { 4020, 11, 13, 1, 1 }, /* 0x7E */
    { 4060, 8, 12, 1, 1 }, /* 0x7F */
};

static const uint8_t swiss20_bitmap[] = {
    0x00, 0x00, 0x00, 0x00, 0x00, 0x00, 0x00, 0x38, 0x7C, 0xFE, 0xFE, 0xFE, 0x7C, 0x38, 0x00, 0x00,
    0x00, 0x00, 0x00, 0x00, 0x00, 0x00, 0x00, 0x00, 0x0C, 0x00, 0x0C, 0x00, 0x0C, 0x00, 0x0C, 0x00,
    0x0C, 0x00, 0x0C, 0x00, 0x0C, 0x00, 0x0C, 0x00, 0x8C, 0x40, 0xCC, 0xC0, 0x6D, 0x80, 0x3F, 0x00,
    0x1E, 0x00, 0x0C, 0x00, 0x00, 0x00, 0x00, 0x00, 0x00, 0x00, 0x00, 0x00, 0x00, 0x00, 0x00, 0x00,
    0x00, 0x00, 0x00, 0x00, 0x00, 0x00, 0x00, 0x00, 0x00, 0x00, 0x00, 0x00, 0x00, 0xC0, 0x79, 0x80,
    0xDB, 0x80, 0xCF, 0x00, 0xC6, 0x00, 0xCF, 0x00, 0xD9, 0x80, 0x70, 0xC0, 0x00, 0x00, 0x00, 0x00,
    0x00, 0x00, 0x00, 0x00, 0x00, 0x00, 0x1F, 0x00, 0x3F, 0x80, 0x61, 0x80, 0x61, 0x80, 0x61, 0x80,
    0xC1, 0x80, 0xFF, 0x00, 0xFF, 0x00, 0xC1, 0x80, 0xC1, 0x80, 0xC1, 0x80, 0xC1, 0x80, 0xC1, 0x80,
    0xFF, 0x00, 0xFF, 0x00, 0xC0, 0x00, 0xC0, 0x00, 0xC0, 0x00, 0xC0, 0x00, 0x00, 0x00, 0x00, 0x00,
    0x00, 0x00, 0x00, 0x00, 0x18, 0x3C, 0x66, 0xC3, 0x00, 0x00, 0x00, 0x00, 0x00, 0x00, 0x00, 0x00,
    0x00, 0x00, 0x00, 0x00, 0x00, 0x00, 0x00, 0x00, 0xFF, 0xFF, 0x03, 0x03, 0x03, 0x00, 0x00, 0x00,
    0x00, 0x00, 0x00, 0x00, 0x00, 0x00, 0x00, 0x00, 0x3E, 0x7F, 0xE3, 0xC0, 0xC0, 0xFE, 0xFE, 0xC0,
    0xC0, 0xE3, 0x7F, 0x3E, 0x00, 0x00, 0x00, 0x00, 0x00, 0x00, 0x00, 0x00, 0x00, 0x00, 0x00, 0x00,
    0xFF, 0xC0, 0xFF, 0xC0, 0x31, 0x80, 0x31, 0x80, 0x31, 0x80, 0x31, 0x80, 0x31, 0x80, 0x31, 0x80,
    0x31, 0x80, 0x31, 0x80, 0x31, 0x80, 0x31, 0x80, 0x00, 0x00, 0x00, 0x00, 0x00, 0x00, 0x00, 0x00,
    0x00, 0x00, 0xC0, 0xC0, 0x60, 0x60, 0x30, 0x30, 0x18, 0x18, 0x3C, 0x3C, 0x66, 0x66, 0xC3, 0xC3,
    0x00, 0x00, 0x00, 0x00, 0x00, 0x00, 0x00, 0x81, 0xC3, 0x66, 0x3C, 0x18, 0x3C, 0x66, 0xC3, 0xC3,
    0xC3, 0xC3, 0xC3, 0x7E, 0x3C, 0x00, 0x00, 0x00, 0x00, 0x00, 0x00, 0x00, 0x1E, 0x00, 0x3F, 0x00,
    0x63, 0x00, 0x60, 0x00, 0x30, 0x00, 0x18, 0x00, 0x0C, 0x00, 0x1E, 0x00, 0x33, 0x00, 0x63, 0x00,
    0xC1, 0x80, 0xC1, 0x80, 0xC1, 0x80, 0x7F, 0x00, 0x3E, 0x00, 0x00, 0x00, 0x00, 0x00, 0x00, 0x00,
    0x00, 0x00, 0x00, 0x00, 0x18, 0x3C, 0x7E, 0xDB, 0x18, 0x18, 0x18, 0x18, 0x18, 0x18, 0x18, 0x00,
    0x00, 0x00, 0x00, 0x00, 0x00, 0x00, 0x00, 0x00, 0x00, 0x18, 0x18, 0x18, 0xFF, 0xFF, 0x18, 0x18,
    0x18, 0x00, 0xFF, 0xFF, 0x00, 0x00, 0x00, 0x00, 0x00, 0x00, 0x00, 0x00, 0x00, 0x00, 0x00, 0x00,
    0x00, 0x00, 0x1E, 0x00, 0x3F, 0x00, 0x6D, 0x80, 0xCC, 0xC0, 0xFF, 0xC0, 0xFF, 0xC0, 0xCC, 0xC0,
    0x6D, 0x80, 0x3F, 0x00, 0x1E, 0x00, 0x00, 0x00, 0x00, 0x00, 0x00, 0x00, 0x00, 0x00, 0x00, 0x00,
    0x00, 0x00, 0x00, 0x00, 0x00, 0x00, 0x00, 0x00, 0x00, 0x00, 0x00, 0x00, 0x7B, 0x80, 0x7B, 0x80,
    0xCC, 0xC0, 0xCC, 0xC0, 0xCC, 0xC0, 0xCC, 0xC0, 0xCC, 0xC0, 0x7B, 0x80, 0x7B, 0x80, 0x00, 0x00,
    0x00, 0x00, 0x00, 0x00, 0x00, 0x00, 0x00, 0x00, 0x00, 0x3C, 0x3E, 0x07, 0x03, 0x03, 0x3B, 0x7F,
    0xE7, 0xC3, 0xC3, 0xC3, 0xC3, 0xE7, 0x7E, 0x38, 0x00, 0x00, 0x00, 0x00, 0x00, 0x00, 0x00, 0x00,
    0x00, 0x00, 0x3F, 0x7F, 0xC0, 0xC0, 0xC0, 0xC0, 0x7F, 0x3F, 0x00, 0x00, 0x00, 0x00, 0x00, 0x00,
    0x00, 0x00, 0x00, 0x00, 0x00, 0x00, 0xFC, 0xFE, 0x03, 0x03, 0x03, 0x03, 0xFE, 0xFC, 0x00, 0x00,
    0x00, 0x00, 0x00, 0x00, 0x00, 0x00, 0x3C, 0x7E, 0xC3, 0xC3, 0xC3, 0xC3, 0xC3, 0xC3, 0xC3, 0xC3,
    0xC3, 0xC3, 0xC3, 0x00, 0x00, 0x00, 0x00, 0x00, 0x00, 0x00, 0x00, 0xC3, 0xC3, 0xC3, 0xC3, 0xC3,
    0xC3, 0xC3, 0xC3, 0xC3, 0xC3, 0x7E, 0x3C, 0x00, 0x00, 0x00, 0x00, 0x00, 0x00, 0x00, 0xC3, 0xC3,
    0xC3, 0xC3, 0xC3, 0xFF, 0xFF, 0xC3, 0xC3, 0xC3, 0xC3, 0xE7, 0x7E, 0x3C, 0x00, 0x00, 0x00, 0x00,
    0x00, 0x00, 0xFF, 0xFF, 0x03, 0x03, 0x03, 0x03, 0x3F, 0x3F, 0x03, 0x03, 0x03, 0x03, 0xFF, 0xFF,
    0x00, 0x00, 0x00, 0x00, 0x00, 0x00, 0x00, 0x00, 0x00, 0x00, 0x0E, 0x00, 0x3F, 0x80, 0x60, 0xC0,
    0x71, 0xC0, 0xDB, 0x60, 0xCE, 0x60, 0xCE, 0x60, 0xDB, 0x60, 0x71, 0xC0, 0x3F, 0x80, 0x0E, 0x00,
    0x00, 0x00, 0x00, 0x00, 0x00, 0x00, 0x00, 0x00, 0x00, 0x00, 0x00, 0x00, 0x00, 0x00, 0x00, 0x00,
    0x00, 0x00, 0x18, 0x00, 0x30, 0x00, 0x60, 0x00, 0xFF, 0xC0, 0xFF, 0xC0, 0x60, 0x00, 0x30, 0x00,
    0x18, 0x00, 0x06, 0x00, 0x03, 0x00, 0x01, 0x80, 0xFF, 0xC0, 0xFF, 0xC0, 0x01, 0x80, 0x03, 0x00,
    0x06, 0x00, 0x00, 0x00, 0x00, 0x00, 0x00, 0x00, 0x00, 0x00, 0x00, 0x00, 0x00, 0x00, 0x18, 0x00,
    0x30, 0x00, 0x60, 0x00, 0xFF, 0xC0, 0x60, 0x00, 0x30, 0x00, 0x18, 0x00, 0x00, 0x00, 0x00, 0x00,
    0x00, 0x00, 0x00, 0x00, 0x00, 0x00, 0x00, 0x00, 0x00, 0x00, 0x00, 0x00, 0x00, 0x00, 0x00, 0x00,
    0x00, 0x00, 0x00, 0x00, 0x00, 0x00, 0x06, 0x00, 0x03, 0x00, 0x01, 0x80, 0xFF, 0xC0, 0xFF, 0xC0,
    0x01, 0x80, 0x03, 0x00, 0x06, 0x00, 0x00, 0x00, 0x00, 0x00, 0x00, 0x00, 0x00, 0x00, 0x00, 0x00,
    0x00, 0x00, 0x00, 0x00, 0x00, 0x00, 0x03, 0x03, 0x06, 0x06, 0xFF, 0xFF, 0x18, 0x18, 0xFF, 0xFF,
    0x60, 0x60, 0xC0, 0xC0, 0x00, 0x00, 0x00, 0x00, 0x00, 0x18, 0x18, 0x18, 0x3C, 0x3C, 0x66, 0xC3,
    0xC3, 0x66, 0x3C, 0x3C, 0x18, 0x18, 0x18, 0x00, 0x00, 0x00, 0x00, 0x00, 0x00, 0x00, 0x00, 0x00,
    0x00, 0x03, 0x0E, 0x38, 0xE0, 0xE0, 0x38, 0x0E, 0x03, 0x00, 0xFF, 0xFF, 0x00, 0x00, 0x00, 0x00,
    0x00, 0x00, 0x00, 0x00, 0x00, 0xC0, 0x70, 0x1C, 0x07, 0x07, 0x1C, 0x70, 0xC0, 0x00, 0xFF, 0xFF,
    0x00, 0x00, 0x00, 0x00, 0x00, 0x00, 0x00, 0x00, 0x00, 0x00, 0x00, 0x00, 0x00, 0x00, 0xFF, 0xF0,
    0xFF, 0xF0, 0x00, 0x00, 0xFF, 0xF0, 0xFF, 0xF0, 0x00, 0x00, 0xFF, 0xF0, 0xFF, 0xF0, 0x00, 0x00,
    0x00, 0x00, 0x00, 0x00, 0x00, 0x00, 0x00, 0x00, 0x00, 0x00, 0x00, 0x00, 0x00, 0x00, 0x00, 0x00,
    0x00, 0x00, 0x00, 0x00, 0xC3, 0x66, 0x3C, 0x18, 0x00, 0x00, 0x00, 0x00, 0x00, 0x00, 0x00, 0x00,
    0x00, 0xC0, 0xC0, 0xC0, 0xC0, 0xC0, 0xC0, 0xC0, 0xC0, 0xC0, 0xC0, 0x00, 0xC0, 0xC0, 0xC0, 0x00,
    0x00, 0x00, 0x00, 0x00, 0x00, 0xD8, 0xD8, 0xD8, 0xD8, 0xD8, 0x00, 0x00, 0x00, 0x00, 0x00, 0x00,
    0x00, 0x00, 0x00, 0x00, 0x00, 0x00, 0x00, 0x00, 0x00, 0x00, 0x01, 0x98, 0x01, 0x98, 0x03, 0x30,
    0x03, 0x30, 0x1F, 0xFC, 0x06, 0x60, 0x0C, 0xC0, 0x0C, 0xC0, 0x19, 0x80, 0xFF, 0xE0, 0x33, 0x00,
    0x33, 0x00, 0x66, 0x00, 0x66, 0x00, 0x00, 0x00, 0x00, 0x00, 0x00, 0x00, 0x00, 0x00, 0x00, 0x00,
    0x0C, 0x00, 0x3F, 0x00, 0x6D, 0x80, 0xCC, 0xC0, 0xCC, 0xC0, 0xCC, 0x00, 0x6C, 0x00, 0x3E, 0x00,
    0x0F, 0x80, 0x0C, 0xC0, 0x0C, 0x60, 0xCC, 0x60, 0xCC, 0x60, 0x6C, 0xC0, 0x3F, 0x80, 0x0C, 0x00,
    0x00, 0x00, 0x00, 0x00, 0x00, 0x00, 0x00, 0x00, 0x00, 0x00, 0x7C, 0x30, 0xC6, 0x30, 0xC6, 0x60,
    0xC6, 0x60, 0xC6, 0xC0, 0xC6, 0xC0, 0x7D, 0x80, 0x01, 0xBE, 0x03, 0x63, 0x03, 0x63, 0x06, 0x63,
    0x06, 0x63, 0x0C, 0x63, 0x0C, 0x3E, 0x00, 0x00, 0x00, 0x00, 0x00, 0x00, 0x00, 0x00, 0x00, 0x00,
    0x00, 0x00, 0x1E, 0x00, 0x33, 0x00, 0x61, 0x80, 0x61, 0x80, 0x33, 0x00, 0x1E, 0x00, 0x3C, 0x00,
    0x66, 0x30, 0xC3, 0x60, 0xC1, 0xE0, 0xC0, 0xC0, 0xC1, 0xE0, 0x63, 0x30, 0x3E, 0x18, 0x00, 0x00,
    0x00, 0x00, 0x00, 0x00, 0x00, 0x00, 0x00, 0x00, 0x00, 0xC0, 0xC0, 0xC0, 0xC0, 0xC0, 0x00, 0x00,
    0x00, 0x00, 0x00, 0x00, 0x00, 0x00, 0x00, 0x00, 0x00, 0x00, 0x00, 0x00, 0x00, 0x0C, 0x18, 0x30,
    0x30, 0x60, 0x60, 0xC0, 0xC0, 0xC0, 0xC0, 0xC0, 0xC0, 0x60, 0x60, 0x30, 0x30, 0x18, 0x0C, 0x00,
    0x00, 0xC0, 0x60, 0x30, 0x30, 0x18, 0x18, 0x0C, 0x0C, 0x0C, 0x0C, 0x0C, 0x0C, 0x18, 0x18, 0x30,
    0x30, 0x60, 0xC0, 0x00, 0x00, 0x18, 0xDB, 0x7E, 0x3C, 0x7E, 0xDB, 0x18, 0x00, 0x00, 0x00, 0x00,
    0x00, 0x00, 0x00, 0x00, 0x00, 0x00, 0x00, 0x00, 0x00, 0x00, 0x00, 0x00, 0x00, 0x00, 0x00, 0x00,
    0x06, 0x00, 0x06, 0x00, 0x06, 0x00, 0x06, 0x00, 0xFF, 0xF0, 0x06, 0x00, 0x06, 0x00, 0x06, 0x00,
    0x06, 0x00, 0x06, 0x00, 0x00, 0x00, 0x00, 0x00, 0x00, 0x00, 0x00, 0x00, 0x00, 0x00, 0x00, 0x00,
    0x00, 0x00, 0x00, 0x00, 0x00, 0x00, 0x00, 0x00, 0x00, 0x00, 0x00, 0x00, 0xE0, 0x60, 0x60, 0x60,
    0xC0, 0x00, 0x00, 0x00, 0x00, 0x00, 0x00, 0x00, 0x00, 0x00, 0x00, 0x00, 0x00, 0x00, 0x00, 0x00,
    0x00, 0x00, 0x00, 0x00, 0xFF, 0x80, 0x00, 0x00, 0x00, 0x00, 0x00, 0x00, 0x00, 0x00, 0x00, 0x00,
    0x00, 0x00, 0x00, 0x00, 0x00, 0x00, 0x00, 0x00, 0x00, 0x00, 0x00, 0x00, 0x00, 0x00, 0x00, 0x00,
    0x00, 0x00, 0x00, 0x00, 0x00, 0x00, 0x00, 0x00, 0xC0, 0xC0, 0xC0, 0x00, 0x00, 0x00, 0x00, 0x00,
    0x00, 0x03, 0x03, 0x06, 0x06, 0x0C, 0x0C, 0x18, 0x18, 0x30, 0x30, 0x60, 0x60, 0xC0, 0xC0, 0x00,
    0x00, 0x00, 0x00, 0x00, 0x00, 0x00, 0x1F, 0x00, 0x31, 0x80, 0x60, 0xC0, 0xC0, 0x60, 0xC0, 0x60,
    0xC0, 0x60, 0xC0, 0x60, 0xC0, 0x60, 0xC0, 0x60, 0xC0, 0x60, 0xC0, 0x60, 0x60, 0xC0, 0x31, 0x80,
    0x1F, 0x00, 0x00, 0x00, 0x00, 0x00, 0x00, 0x00, 0x00, 0x00, 0x00, 0x00, 0x00, 0x0C, 0x1C, 0x3C,
    0xEC, 0x0C, 0x0C, 0x0C, 0x0C, 0x0C, 0x0C, 0x0C, 0x0C, 0x0C, 0x0C, 0x00, 0x00, 0x00, 0x00, 0x00,
    0x00, 0x00, 0x1F, 0x80, 0x30, 0xC0, 0x60, 0x60, 0x60, 0x60, 0x60, 0x60, 0x00, 0x60, 0x00, 0xC0,
    0x03, 0x80, 0x0E, 0x00, 0x18, 0x00, 0x30, 0x00, 0x60, 0x00, 0xC0, 0x00, 0xFF, 0xE0, 0x00, 0x00,
    0x00, 0x00, 0x00, 0x00, 0x00, 0x00, 0x00, 0x00, 0x00, 0x00, 0x1F, 0x80, 0x30, 0xC0, 0x60, 0x60,
    0x60, 0x60, 0x00, 0x60, 0x00, 0xC0, 0x0F, 0x80, 0x00, 0xC0, 0x00, 0x60, 0x00, 0x60, 0xC0, 0x60,
    0xC0, 0x60, 0x60, 0xC0, 0x3F, 0x80, 0x00, 0x00, 0x00, 0x00, 0x00, 0x00, 0x00, 0x00, 0x00, 0x00,
    0x00, 0x00, 0x03, 0x80, 0x07, 0x80, 0x07, 0x80, 0x0D, 0x80, 0x19, 0x80, 0x19, 0x80, 0x31, 0x80,
    0x61, 0x80, 0x61, 0x80, 0xC1, 0x80, 0xFF, 0xE0, 0x01, 0x80, 0x01, 0x80, 0x01, 0x80, 0x00, 0x00,
    0x00, 0x00, 0x00, 0x00, 0x00, 0x00, 0x00, 0x00, 0x00, 0x00, 0x3F, 0xE0, 0x30, 0x00, 0x30, 0x00,
    0x60, 0x00, 0x60, 0x00, 0x7F, 0x80, 0xF0, 0xC0, 0xC0, 0x60, 0x00, 0x60, 0x00, 0x60, 0xC0, 0x60,
    0xC0, 0x60, 0x60, 0xC0, 0x3F, 0x80, 0x00, 0x00, 0x00, 0x00, 0x00, 0x00, 0x00, 0x00, 0x00, 0x00,
    0x00, 0x00, 0x1F, 0x80, 0x70, 0xC0, 0x60, 0x60, 0xC0, 0x00, 0xC0, 0x00, 0xFF, 0x80, 0xE0, 0xC0,
    0xC0, 0x60, 0xC0, 0x60, 0xC0, 0x60, 0xC0, 0x60, 0x60, 0x60, 0x70, 0xC0, 0x1F, 0x80, 0x00, 0x00,
    0x00, 0x00, 0x00, 0x00, 0x00, 0x00, 0x00, 0x00, 0x00, 0x00, 0xFF, 0xE0, 0x00, 0x60, 0x00, 0x60,
    0x00, 0xC0, 0x01, 0x80, 0x03, 0x00, 0x06, 0x00, 0x0C, 0x00, 0x0C, 0x00, 0x18, 0x00, 0x18, 0x00,
    0x30, 0x00, 0x30, 0x00, 0x30, 0x00, 0x00, 0x00, 0x00, 0x00, 0x00, 0x00, 0x00, 0x00, 0x00, 0x00,
    0x00, 0x00, 0x1F, 0x00, 0x31, 0x80, 0x60, 0xC0, 0x60, 0xC0, 0x60, 0xC0, 0x31, 0x80, 0x3F, 0x80,
    0x60, 0xC0, 0xC0, 0x60, 0xC0, 0x60, 0xC0, 0x60, 0xC0, 0x60, 0x60, 0xC0, 0x3F, 0x80, 0x00, 0x00,
    0x00, 0x00, 0x00, 0x00, 0x00, 0x00, 0x00, 0x00, 0x00, 0x00, 0x3F, 0x80, 0x60, 0xC0, 0xC0, 0x60,
    0xC0, 0x60, 0xC0, 0x60, 0xC0, 0x60, 0x60, 0x60, 0x70, 0xE0, 0x1F, 0xE0, 0x00, 0x60, 0x00, 0x60,
    0xC0, 0xC0, 0x61, 0xC0, 0x3F, 0x00, 0x00, 0x00, 0x00, 0x00, 0x00, 0x00, 0x00, 0x00, 0x00, 0x00,
    0x00, 0x00, 0x00, 0x00, 0x00, 0x00, 0xC0, 0xC0, 0xC0, 0x00, 0x00, 0x00, 0xC0, 0xC0, 0xC0, 0x00,
    0x00, 0x00, 0x00, 0x00, 0x00, 0x00, 0x00, 0x00, 0x00, 0x00, 0x60, 0x60, 0x60, 0x00, 0x00, 0x00,
    0xE0, 0x60, 0x60, 0x60, 0xC0, 0x00, 0x00, 0x00, 0x00, 0x03, 0x06, 0x0C, 0x18, 0x30, 0x60, 0xC0,
    0xC0, 0x60, 0x30, 0x18, 0x0C, 0x06, 0x03, 0x00, 0x00, 0x00, 0x00, 0x00, 0x00, 0x00, 0x00, 0x00,
    0x00, 0x00, 0x00, 0xFF, 0x00, 0x00, 0xFF, 0x00, 0x00, 0x00, 0x00, 0x00, 0x00, 0x00, 0x00, 0x00,
    0x00, 0xC0, 0x60, 0x30, 0x18, 0x0C, 0x06, 0x03, 0x03, 0x06, 0x0C, 0x18, 0x30, 0x60, 0xC0, 0x00,
    0x00, 0x00, 0x00, 0x00, 0x00, 0x00, 0x3E, 0x00, 0x63, 0x00, 0xC1, 0x80, 0xC1, 0x80, 0xC1, 0x80,
    0x03, 0x00, 0x06, 0x00, 0x0C, 0x00, 0x0C, 0x00, 0x0C, 0x00, 0x00, 0x00, 0x0C, 0x00, 0x0C, 0x00,
    0x0C, 0x00, 0x00, 0x00, 0x00, 0x00, 0x00, 0x00, 0x00, 0x00, 0x00, 0x00, 0x07, 0xF0, 0x00, 0x1C,
    0x1C, 0x00, 0x30, 0x06, 0x00, 0x60, 0x03, 0x00, 0x61, 0xFB, 0x00, 0xC3, 0x39, 0x80, 0xC6, 0x19,
    0x80, 0xCC, 0x19, 0x80, 0xCC, 0x31, 0x80, 0xCC, 0x33, 0x00, 0xCC, 0x77, 0x00, 0x67, 0xFC, 0x00,
    0x60, 0x00, 0x00, 0x30, 0x03, 0x00, 0x1C, 0x0E, 0x00, 0x07, 0xF8, 0x00, 0x00, 0x00, 0x00, 0x00,
    0x00, 0x00, 0x00, 0x00, 0x00, 0x00, 0x00, 0x00, 0x00, 0x00, 0x07, 0x00, 0x07, 0x00, 0x0D, 0x80,
    0x0D, 0x80, 0x18, 0xC0, 0x18, 0xC0, 0x18, 0xC0, 0x30, 0x60, 0x30, 0x60, 0x7F, 0xF0, 0x60, 0x30,
    0x60, 0x30, 0xC0, 0x18, 0xC0, 0x18, 0x00, 0x00, 0x00, 0x00, 0x00, 0x00, 0x00, 0x00, 0x00, 0x00,
    0x00, 0x00, 0xFF, 0x80, 0xC0, 0xC0, 0xC0, 0x60, 0xC0, 0x60, 0xC0, 0x60, 0xC0, 0xC0, 0xFF, 0xC0,
    0xC0, 0x60, 0xC0, 0x30, 0xC0, 0x30, 0xC0, 0x30, 0xC0, 0x30, 0xC0, 0x60, 0xFF, 0xC0, 0x00, 0x00,
    0x00, 0x00, 0x00, 0x00, 0x00, 0x00, 0x00, 0x00, 0x00, 0x00, 0x0F, 0xC0, 0x38, 0x70, 0x60, 0x30,
    0x60, 0x18, 0xC0, 0x18, 0xC0, 0x00, 0xC0, 0x00, 0xC0, 0x00, 0xC0, 0x18, 0xC0, 0x18, 0x60, 0x18,
    0x60, 0x30, 0x38, 0x70, 0x0F, 0xC0, 0x00, 0x00, 0x00, 0x00, 0x00, 0x00, 0x00, 0x00, 0x00, 0x00,
    0x00, 0x00, 0xFF, 0x00, 0xC1, 0xC0, 0xC0, 0x60, 0xC0, 0x60, 0xC0, 0x30, 0xC0, 0x30, 0xC0, 0x30,
    0xC0, 0x30, 0xC0, 0x30, 0xC0, 0x30, 0xC0, 0x60, 0xC0, 0x60, 0xC1, 0xC0, 0xFF, 0x00, 0x00, 0x00,
    0x00, 0x00, 0x00, 0x00, 0x00, 0x00, 0x00, 0x00, 0x00, 0x00, 0xFF, 0xE0, 0xC0, 0x00, 0xC0, 0x00,
    0xC0, 0x00, 0xC0, 0x00, 0xC0, 0x00, 0xFF, 0xC0, 0xC0, 0x00, 0xC0, 0x00, 0xC0, 0x00, 0xC0, 0x00,
    0xC0, 0x00, 0xC0, 0x00, 0xFF, 0xE0, 0x00, 0x00, 0x00, 0x00, 0x00, 0x00, 0x00, 0x00, 0x00, 0x00,
    0x00, 0x00, 0xFF, 0xC0, 0xC0, 0x00, 0xC0, 0x00, 0xC0, 0x00, 0xC0, 0x00, 0xC0, 0x00, 0xFF, 0x80,
    0xC0, 0x00, 0xC0, 0x00, 0xC0, 0x00, 0xC0, 0x00, 0xC0, 0x00, 0xC0, 0x00, 0xC0, 0x00, 0x00, 0x00,
    0x00, 0x00, 0x00, 0x00, 0x00, 0x00, 0x00, 0x00, 0x00, 0x00, 0x0F, 0xC0, 0x38, 0x70, 0x60, 0x30,
    0x60, 0x18, 0xC0, 0x18, 0xC0, 0x00, 0xC0, 0x00, 0xC1, 0xF8, 0xC0, 0x18, 0xC0, 0x18, 0x60, 0x18,
    0x60, 0x38, 0x38, 0x68, 0x0F, 0xC8, 0x00, 0x00, 0x00, 0x00, 0x00, 0x00, 0x00, 0x00, 0x00, 0x00,
    0x00, 0x00, 0xC0, 0x30, 0xC0, 0x30, 0xC0, 0x30, 0xC0, 0x30, 0xC0, 0x30, 0xC0, 0x30, 0xFF, 0xF0,
    0xC0, 0x30, 0xC0, 0x30, 0xC0, 0x30, 0xC0, 0x30, 0xC0, 0x30, 0xC0, 0x30, 0xC0, 0x30, 0x00, 0x00,
    0x00, 0x00, 0x00, 0x00, 0x00, 0x00, 0x00, 0x00, 0x00, 0xC0, 0xC0, 0xC0, 0xC0, 0xC0, 0xC0, 0xC0,
    0xC0, 0xC0, 0xC0, 0xC0, 0xC0, 0xC0, 0xC0, 0x00, 0x00, 0x00, 0x00, 0x00, 0x00, 0x00, 0x01, 0x80,
    0x01, 0x80, 0x01, 0x80, 0x01, 0x80, 0x01, 0x80, 0x01, 0x80, 0x01, 0x80, 0x01, 0x80, 0x01, 0x80,
    0x01, 0x80, 0xC1, 0x80, 0xC1, 0x80, 0x63, 0x00, 0x3E, 0x00, 0x00, 0x00, 0x00, 0x00, 0x00, 0x00,
    0x00, 0x00, 0x00, 0x00, 0x00, 0x00, 0xC0, 0xC0, 0xC1, 0x80, 0xC3, 0x00, 0xC6, 0x00, 0xCC, 0x00,
    0xDC, 0x00, 0xF6, 0x00, 0xE6, 0x00, 0xC3, 0x00, 0xC1, 0x80, 0xC1, 0x80, 0xC0, 0xC0, 0xC0, 0x60,
    0xC0, 0x60, 0x00, 0x00, 0x00, 0x00, 0x00, 0x00, 0x00, 0x00, 0x00, 0x00, 0x00, 0x00, 0xC0, 0x00,
    0xC0, 0x00, 0xC0, 0x00, 0xC0, 0x00, 0xC0, 0x00, 0xC0, 0x00, 0xC0, 0x00, 0xC0, 0x00, 0xC0, 0x00,
    0xC0, 0x00, 0xC0, 0x00, 0xC0, 0x00, 0xC0, 0x00, 0xFF, 0xC0, 0x00, 0x00, 0x00, 0x00, 0x00, 0x00,
    0x00, 0x00, 0x00, 0x00, 0x00, 0x00, 0xC0, 0x0C, 0xE0, 0x1C, 0xE0, 0x1C, 0xF0, 0x3C, 0xD0, 0x2C,
    0xD8, 0x6C, 0xD8, 0x6C, 0xCC, 0xCC, 0xCC, 0xCC, 0xCC, 0xCC, 0xC7, 0x8C, 0xC7, 0x8C, 0xC3, 0x0C,
    0xC3, 0x0C, 0x00, 0x00, 0x00, 0x00, 0x00, 0x00, 0x00, 0x00, 0x00, 0x00, 0x00, 0x00, 0xC0, 0x30,
    0xE0, 0x30, 0xF0, 0x30, 0xD8, 0x30, 0xD8, 0x30, 0xCC, 0x30, 0xC6, 0x30, 0xC6, 0x30, 0xC3, 0x30,
    0xC1, 0xB0, 0xC1, 0xB0, 0xC0, 0xF0, 0xC0, 0x70, 0xC0, 0x30, 0x00, 0x00, 0x00, 0x00, 0x00, 0x00,
    0x00, 0x00, 0x00, 0x00, 0x00, 0x00, 0x0F, 0xC0, 0x38, 0x70, 0x60, 0x18, 0x60, 0x18, 0xC0, 0x0C,
    0xC0, 0x0C, 0xC0, 0x0C, 0xC0, 0x0C, 0xC0, 0x0C, 0xC0, 0x0C, 0x60, 0x18, 0x60, 0x18, 0x38, 0x70,
    0x0F, 0xC0, 0x00, 0x00, 0x00, 0x00, 0x00, 0x00, 0x00, 0x00, 0x00, 0x00, 0x00, 0x00, 0xFF, 0x80,
    0xC0, 0xC0, 0xC0, 0x60, 0xC0, 0x60, 0xC0, 0x60, 0xC0, 0x60, 0xC0, 0xC0, 0xFF, 0x80, 0xC0, 0x00,
    0xC0, 0x00, 0xC0, 0x00, 0xC0, 0x00, 0xC0, 0x00, 0xC0, 0x00, 0x00, 0x00, 0x00, 0x00, 0x00, 0x00,
    0x00, 0x00, 0x00, 0x00, 0x00, 0x00, 0x0F, 0xC0, 0x38, 0x70, 0x60, 0x18, 0x60, 0x18, 0xC0, 0x0C,
    0xC0, 0x0C, 0xC0, 0x0C, 0xC0, 0x0C, 0xC0, 0x0C, 0xC0, 0x0C, 0x61, 0x98, 0x60, 0xD8, 0x38, 0x70,
    0x0F, 0xF0, 0x00, 0x18, 0x00, 0x00, 0x00, 0x00, 0x00, 0x00, 0x00, 0x00, 0x00, 0x00, 0xFF, 0x80,
    0xC0, 0xC0, 0xC0, 0x60, 0xC0, 0x60, 0xC0, 0x60, 0xC0, 0x60, 0xC0, 0xC0, 0xFF, 0x80, 0xC0, 0xC0,
    0xC0, 0x60, 0xC0, 0x60, 0xC0, 0x60, 0xC0, 0x60, 0xC0, 0x60, 0x00, 0x00, 0x00, 0x00, 0x00, 0x00,
    0x00, 0x00, 0x00, 0x00, 0x00, 0x00, 0x3F, 0x80, 0x60, 0xC0, 0xC0, 0x60, 0xC0, 0x60, 0xC0, 0x00,
    0x70, 0x00, 0x1F, 0x00, 0x01, 0xC0, 0x00, 0x60, 0xC0, 0x60, 0xC0, 0x60, 0xC0, 0x60, 0x60, 0xC0,
    0x3F, 0x80, 0x00, 0x00, 0x00, 0x00, 0x00, 0x00, 0x00, 0x00, 0x00, 0x00, 0x00, 0x00, 0xFF, 0xF0,
    0x06, 0x00, 0x06, 0x00, 0x06, 0x00, 0x06, 0x00, 0x06, 0x00, 0x06, 0x00, 0x06, 0x00, 0x06, 0x00,
    0x06, 0x00, 0x06, 0x00, 0x06, 0x00, 0x06, 0x00, 0x06, 0x00, 0x00, 0x00, 0x00, 0x00, 0x00, 0x00,
    0x00, 0x00, 0x00, 0x00, 0x00, 0x00, 0xC0, 0x60, 0xC0, 0x60, 0xC0, 0x60, 0xC0, 0x60, 0xC0, 0x60,
    0xC0, 0x60, 0xC0, 0x60, 0xC0, 0x60, 0xC0, 0x60, 0xC0, 0x60, 0xC0, 0x60, 0x60, 0xC0, 0x71, 0xC0,
    0x1F, 0x00, 0x00, 0x00, 0x00, 0x00, 0x00, 0x00, 0x00, 0x00, 0x00, 0x00, 0x00, 0x00, 0xC0, 0x60,
    0xC0, 0x60, 0xC0, 0x60, 0x60, 0xC0, 0x60, 0xC0, 0x60, 0xC0, 0x31, 0x80, 0x31, 0x80, 0x31, 0x80,
    0x1B, 0x00, 0x1B, 0x00, 0x1B, 0x00, 0x0E, 0x00, 0x0E, 0x00, 0x00, 0x00, 0x00, 0x00, 0x00, 0x00,
    0x00, 0x00, 0x00, 0x00, 0x00, 0x00, 0x00, 0xC0, 0xC0, 0xC0, 0xC0, 0xC0, 0xC0, 0xC1, 0xE0, 0xC0,
    0x61, 0xE1, 0x80, 0x61, 0xE1, 0x80, 0x63, 0x31, 0x80, 0x33, 0x33, 0x00, 0x33, 0x33, 0x00, 0x36,
    0x1B, 0x00, 0x1E, 0x1E, 0x00, 0x1E, 0x1E, 0x00, 0x0C, 0x0C, 0x00, 0x0C, 0x0C, 0x00, 0x0C, 0x0C,
    0x00, 0x00, 0x00, 0x00, 0x00, 0x00, 0x00, 0x00, 0x00, 0x00, 0x00, 0x00, 0x00, 0x00, 0x00, 0x00,
    0x00, 0x00, 0xC0, 0xC0, 0xC0, 0xC0, 0x61, 0x80, 0x33, 0x00, 0x33, 0x00, 0x1E, 0x00, 0x0C, 0x00,
    0x0C, 0x00, 0x1E, 0x00, 0x33, 0x00, 0x33, 0x00, 0x61, 0x80, 0xC0, 0xC0, 0xC0, 0xC0, 0x00, 0x00,
    0x00, 0x00, 0x00, 0x00, 0x00, 0x00, 0x00, 0x00, 0x00, 0x00, 0xC0, 0x30, 0xC0, 0x30, 0x60, 0x60,
    0x30, 0xC0, 0x30, 0xC0, 0x19, 0x80, 0x0F, 0x00, 0x0F, 0x00, 0x06, 0x00, 0x06, 0x00, 0x06, 0x00,
    0x06, 0x00, 0x06, 0x00, 0x06, 0x00, 0x00, 0x00, 0x00, 0x00, 0x00, 0x00, 0x00, 0x00, 0x00, 0x00,
    0x00, 0x00, 0xFF, 0xE0, 0x00, 0x60, 0x00, 0xC0, 0x01, 0x80, 0x03, 0x00, 0x03, 0x00, 0x06, 0x00,
    0x0C, 0x00, 0x18, 0x00, 0x18, 0x00, 0x30, 0x00, 0x60, 0x00, 0xC0, 0x00, 0xFF, 0xE0, 0x00, 0x00,
    0x00, 0x00, 0x00, 0x00, 0x00, 0x00, 0x00, 0x00, 0xFC, 0xC0, 0xC0, 0xC0, 0xC0, 0xC0, 0xC0, 0xC0,
    0xC0, 0xC0, 0xC0, 0xC0, 0xC0, 0xC0, 0xC0, 0xC0, 0xC0, 0xC0, 0xFC, 0x00, 0x00, 0xC0, 0xC0, 0x60,
    0x60, 0x30, 0x30, 0x18, 0x18, 0x0C, 0x0C, 0x06, 0x06, 0x03, 0x03, 0x00, 0x00, 0x00, 0x00, 0x00,
    0xFC, 0x0C, 0x0C, 0x0C, 0x0C, 0x0C, 0x0C, 0x0C, 0x0C, 0x0C, 0x0C, 0x0C, 0x0C, 0x0C, 0x0C, 0x0C,
    0x0C, 0x0C, 0xFC, 0x00, 0x00, 0x18, 0x3C, 0x66, 0xC3, 0x00, 0x00, 0x00, 0x00, 0x00, 0x00, 0x00,
    0x00, 0x00, 0x00, 0x00, 0x00, 0x00, 0x00, 0x00, 0x00, 0x00, 0x00, 0x00, 0x00, 0x00, 0x00, 0x00,
    0x00, 0x00, 0x00, 0x00, 0x00, 0x00, 0x00, 0x00, 0x00, 0x00, 0x00, 0x00, 0x00, 0x00, 0x00, 0x00,
    0x00, 0x00, 0x00, 0x00, 0x00, 0x00, 0x00, 0x00, 0xFF, 0xC0, 0xFF, 0xC0, 0x00, 0x00, 0x00, 0x00,
    0x00, 0x00, 0x60, 0xF0, 0xF0, 0xC0, 0x60, 0x30, 0x10, 0x00, 0x00, 0x00, 0x00, 0x00, 0x00, 0x00,
    0x00, 0x00, 0x00, 0x00, 0x00, 0x00, 0x00, 0x00, 0x00, 0x00, 0x00, 0x00, 0x00, 0x00, 0x3F, 0x80,
    0x60, 0xC0, 0x60, 0xC0, 0x00, 0xC0, 0x3F, 0xC0, 0x60, 0xC0, 0xC0, 0xC0, 0xC0, 0xC0, 0x61, 0xC0,
    0x3F, 0xE0, 0x00, 0x00, 0x00, 0x00, 0x00, 0x00, 0x00, 0x00, 0x00, 0x00, 0x00, 0x00, 0xC0, 0x00,
    0xC0, 0x00, 0xC0, 0x00, 0xC0, 0x00, 0xFE, 0x00, 0xE3, 0x00, 0xC1, 0x80, 0xC0, 0xC0, 0xC0, 0xC0,
    0xC0, 0xC0, 0xC0, 0xC0, 0xC1, 0x80, 0xE3, 0x00, 0xFE, 0x00, 0x00, 0x00, 0x00, 0x00, 0x00, 0x00,
    0x00, 0x00, 0x00, 0x00, 0x00, 0x00, 0x00, 0x00, 0x00, 0x00, 0x00, 0x00, 0x00, 0x00, 0x1F, 0x80,
    0x30, 0xC0, 0x60, 0x60, 0xC0, 0x60, 0xC0, 0x00, 0xC0, 0x00, 0xC0, 0x60, 0x60, 0x60, 0x30, 0xC0,
    0x1F, 0x80, 0x00, 0x00, 0x00, 0x00, 0x00, 0x00, 0x00, 0x00, 0x00, 0x00, 0x00, 0x00, 0x00, 0xC0,
    0x00, 0xC0, 0x00, 0xC0, 0x00, 0xC0, 0x1F, 0xC0, 0x31, 0xC0, 0x60, 0xC0, 0xC0, 0xC0, 0xC0, 0xC0,
    0xC0, 0xC0, 0xC0, 0xC0, 0x60, 0xC0, 0x31, 0xC0, 0x1F, 0xC0, 0x00, 0x00, 0x00, 0x00, 0x00, 0x00,
    0x00, 0x00, 0x00, 0x00, 0x00, 0x00, 0x00, 0x00, 0x00, 0x00, 0x00, 0x00, 0x00, 0x00, 0x3F, 0x00,
    0x61, 0x80, 0xC0, 0xC0, 0xC0, 0xC0, 0xFF, 0xC0, 0xC0, 0x00, 0xC0, 0x00, 0xC0, 0xC0, 0x61, 0x80,
    0x3F, 0x00, 0x00, 0x00, 0x00, 0x00, 0x00, 0x00, 0x00, 0x00, 0x00, 0x00, 0x00, 0x1E, 0x30, 0x30,
    0x30, 0xFE, 0x30, 0x30, 0x30, 0x30, 0x30, 0x30, 0x30, 0x30, 0x30, 0x00, 0x00, 0x00, 0x00, 0x00,
    0x00, 0x00, 0x00, 0x00, 0x00, 0x00, 0x00, 0x00, 0x00, 0x00, 0x1F, 0xC0, 0x31, 0xC0, 0x60, 0xC0,
    0xC0, 0xC0, 0xC0, 0xC0, 0xC0, 0xC0, 0xC0, 0xC0, 0x60, 0xC0, 0x31, 0xC0, 0x1F, 0xC0, 0x00, 0xC0,
    0xC0, 0xC0, 0x61, 0x80, 0x3F, 0x00, 0x00, 0x00, 0x00, 0x00, 0xC0, 0x00, 0xC0, 0x00, 0xC0, 0x00,
    0xC0, 0x00, 0xFE, 0x00, 0xE3, 0x00, 0xC1, 0x80, 0xC1, 0x80, 0xC1, 0x80, 0xC1, 0x80, 0xC1, 0x80,
    0xC1, 0x80, 0xC1, 0x80, 0xC1, 0x80, 0x00, 0x00, 0x00, 0x00, 0x00, 0x00, 0x00, 0x00, 0x00, 0x00,
    0x00, 0xC0, 0xC0, 0x00, 0x00, 0xC0, 0xC0, 0xC0, 0xC0, 0xC0, 0xC0, 0xC0, 0xC0, 0xC0, 0xC0, 0x00,
    0x00, 0x00, 0x00, 0x00, 0x00, 0x30, 0x30, 0x00, 0x00, 0x30, 0x30, 0x30, 0x30, 0x30, 0x30, 0x30,
    0x30, 0x30, 0x30, 0x30, 0x30, 0xE0, 0x00, 0x00, 0x00, 0x00, 0xC0, 0x00, 0xC0, 0x00, 0xC0, 0x00,
    0xC0, 0x00, 0xC3, 0x00, 0xC6, 0x00, 0xCC, 0x00, 0xD8, 0x00, 0xFC, 0x00, 0xE6, 0x00, 0xC6, 0x00,
    0xC3, 0x00, 0xC1, 0x80, 0xC1, 0x80, 0x00, 0x00, 0x00, 0x00, 0x00, 0x00, 0x00, 0x00, 0x00, 0x00,
    0x00, 0xC0, 0xC0, 0xC0, 0xC0, 0xC0, 0xC0, 0xC0, 0xC0, 0xC0, 0xC0, 0xC0, 0xC0, 0xC0, 0xC0, 0x00,
    0x00, 0x00, 0x00, 0x00, 0x00, 0x00, 0x00, 0x00, 0x00, 0x00, 0x00, 0x00, 0x00, 0x00, 0xDE, 0xF8,
    0xE3, 0x8C, 0xC3, 0x0C, 0xC3, 0x0C, 0xC3, 0x0C, 0xC3, 0x0C, 0xC3, 0x0C, 0xC3, 0x0C, 0xC3, 0x0C,
    0xC3, 0x0C, 0x00, 0x00, 0x00, 0x00, 0x00, 0x00, 0x00, 0x00, 0x00, 0x00, 0x00, 0x00, 0x00, 0x00,
    0x00, 0x00, 0x00, 0x00, 0x00, 0x00, 0xDE, 0x00, 0xE3, 0x00, 0xC1, 0x80, 0xC1, 0x80, 0xC1, 0x80,
    0xC1, 0x80, 0xC1, 0x80, 0xC1, 0x80, 0xC1, 0x80, 0xC1, 0x80, 0x00, 0x00, 0x00, 0x00, 0x00, 0x00,
    0x00, 0x00, 0x00, 0x00, 0x00, 0x00, 0x00, 0x00, 0x00, 0x00, 0x00, 0x00, 0x00, 0x00, 0x1F, 0x00,
    0x31, 0x80, 0x60, 0xC0, 0xC0, 0x60, 0xC0, 0x60, 0xC0, 0x60, 0xC0, 0x60, 0x60, 0xC0, 0x31, 0x80,
    0x1F, 0x00, 0x00, 0x00, 0x00, 0x00, 0x00, 0x00, 0x00, 0x00, 0x00, 0x00, 0x00, 0x00, 0x00, 0x00,
    0x00, 0x00, 0x00, 0x00, 0x00, 0x00, 0xFE, 0x00, 0xE3, 0x00, 0xC1, 0x80, 0xC0, 0xC0, 0xC0, 0xC0,
    0xC0, 0xC0, 0xC0, 0xC0, 0xC1, 0x80, 0xE3, 0x00, 0xFE, 0x00, 0xC0, 0x00, 0xC0, 0x00, 0xC0, 0x00,
    0xC0, 0x00, 0x00, 0x00, 0x00, 0x00, 0x00, 0x00, 0x00, 0x00, 0x00, 0x00, 0x00, 0x00, 0x1F, 0xC0,
    0x31, 0xC0, 0x60, 0xC0, 0xC0, 0xC0, 0xC0, 0xC0, 0xC0, 0xC0, 0xC0, 0xC0, 0x60, 0xC0, 0x31, 0xC0,
    0x1F, 0xC0, 0x00, 0xC0, 0x00, 0xC0, 0x00, 0xC0, 0x00, 0xC0, 0x00, 0x00, 0x00, 0x00, 0x00, 0x00,
    0x00, 0xDE, 0xF0, 0xE0, 0xC0, 0xC0, 0xC0, 0xC0, 0xC0, 0xC0, 0xC0, 0x00, 0x00, 0x00, 0x00, 0x00,
    0x00, 0x00, 0x00, 0x00, 0x00, 0x00, 0x00, 0x00, 0x00, 0x00, 0x3E, 0x00, 0x63, 0x00, 0xC1, 0x80,
    0xC0, 0x00, 0x7E, 0x00, 0x03, 0x00, 0x01, 0x80, 0xC1, 0x80, 0x63, 0x00, 0x3E, 0x00, 0x00, 0x00,
    0x00, 0x00, 0x00, 0x00, 0x00, 0x00, 0x00, 0x00, 0x00, 0x00, 0x30, 0x30, 0x30, 0xFC, 0x30, 0x30,
    0x30, 0x30, 0x30, 0x30, 0x30, 0x30, 0x1C, 0x00, 0x00, 0x00, 0x00, 0x00, 0x00, 0x00, 0x00, 0x00,
    0x00, 0x00, 0x00, 0x00, 0x00, 0x00, 0xC1, 0x80, 0xC1, 0x80, 0xC1, 0x80, 0xC1, 0x80, 0xC1, 0x80,
    0xC1, 0x80, 0xC1, 0x80, 0xC1, 0x80, 0x63, 0x80, 0x3E, 0x80, 0x00, 0x00, 0x00, 0x00, 0x00, 0x00,
    0x00, 0x00, 0x00, 0x00, 0x00, 0x00, 0x00, 0x00, 0x00, 0x00, 0x00, 0x00, 0x00, 0x00, 0xC0, 0xC0,
    0xC0, 0xC0, 0x61, 0x80, 0x61, 0x80, 0x33, 0x00, 0x33, 0x00, 0x1E, 0x00, 0x1E, 0x00, 0x0C, 0x00,
    0x0C, 0x00, 0x00, 0x00, 0x00, 0x00, 0x00, 0x00, 0x00, 0x00, 0x00, 0x00, 0x00, 0x00, 0x00, 0x00,
    0x00, 0x00, 0x00, 0x00, 0x00, 0x00, 0xC3, 0x0C, 0xC3, 0x0C, 0x67, 0x98, 0x67, 0x98, 0x64, 0x98,
    0x34, 0xD0, 0x3C, 0xF0, 0x18, 0x60, 0x18, 0x60, 0x18, 0x60, 0x00, 0x00, 0x00, 0x00, 0x00, 0x00,
    0x00, 0x00, 0x00, 0x00, 0x00, 0x00, 0x00, 0x00, 0x00, 0xC3, 0xC3, 0x66, 0x3C, 0x18, 0x18, 0x3C,
    0x66, 0xC3, 0xC3, 0x00, 0x00, 0x00, 0x00, 0x00, 0x00, 0x00, 0x00, 0x00, 0x00, 0x00, 0x00, 0x00,
    0x00, 0x00, 0xC0, 0xC0, 0xC0, 0xC0, 0x61, 0x80, 0x61, 0x80, 0x33, 0x00, 0x33, 0x00, 0x1E, 0x00,
    0x1E, 0x00, 0x0C, 0x00, 0x0C, 0x00, 0x0C, 0x00, 0xD8, 0x00, 0x70, 0x00, 0x00, 0x00, 0x00, 0x00,
    0x00, 0x00, 0x00, 0x00, 0x00, 0x00, 0x00, 0x00, 0x00, 0x00, 0xFF, 0x80, 0x01, 0x80, 0x03, 0x00,
    0x06, 0x00, 0x0C, 0x00, 0x18, 0x00, 0x30, 0x00, 0x60, 0x00, 0xC0, 0x00, 0xFF, 0x80, 0x00, 0x00,
    0x00, 0x00, 0x00, 0x00, 0x00, 0x00, 0x00, 0x00, 0x0F, 0x18, 0x30, 0x30, 0x30, 0x30, 0x30, 0x30,
    0x30, 0xE0, 0x30, 0x30, 0x30, 0x30, 0x30, 0x30, 0x30, 0x18, 0x0F, 0x00, 0x00, 0xC0, 0xC0, 0xC0,
    0xC0, 0xC0, 0xC0, 0xC0, 0xC0, 0xC0, 0xC0, 0xC0, 0xC0, 0xC0, 0xC0, 0xC0, 0xC0, 0xC0, 0x00, 0x00,
    0xF0, 0x18, 0x0C, 0x0C, 0x0C, 0x0C, 0x0C, 0x0C, 0x07, 0x0C, 0x0C, 0x0C, 0x0C, 0x0C, 0x0C, 0x0C,
    0x0C, 0x18, 0xF0, 0x00, 0x00, 0x00, 0x00, 0x00, 0x00, 0x00, 0x00, 0x00, 0x00, 0x00, 0x00, 0x00,
    0x78, 0x60, 0xCE, 0x60, 0xC3, 0xC0, 0x00, 0x00, 0x00, 0x00, 0x00, 0x00, 0x00, 0x00, 0x00, 0x00,
    0x00, 0x00, 0x00, 0x00, 0x00, 0x00, 0x00, 0x00, 0x00, 0x00, 0x00, 0x00, 0x00, 0x06, 0x0F, 0x1B,
    0x18, 0x18, 0x18, 0x18, 0x18, 0x18, 0x18, 0x18, 0x18, 0xD8, 0xF0, 0x60, 0x00, 0x00, 0x00, 0x00,
};

const display_font_t font_swiss20 = {
    .glyphs = swiss20_glyphs,
    .bitmap = swiss20_bitmap,
    .family = &font_family_swiss20,
    .first_character = 0,
    .glyph_count = 128,
    .height = 20,
    .baseline = 15,
    .fallback_character = 63,
    .style = 0,
};

static const display_font_glyph_t swiss20b_glyphs[] = {
    { 0, 8, 13, 2, 1 }, /* 0x00 */
    { 20, 11, 13, 1, 1 }, /* 0x01 */
    { 60, 11, 13, 1, 1 }, /* 0x02 */
    { 100, 10, 13, 1, 1 }, /* 0x03 */
    { 140, 9, 13, 2, 1 }, /* 0x04 */
    { 180, 9, 13, 2, 1 }, /* 0x05 */
    { 220, 9, 13, 2, 1 }, /* 0x06 */
    { 260, 11, 13, 1, 1 }, /* 0x07 */
    { 300, 9, 13, 2, 1 }, /* 0x08 */
    { 340, 9, 13, 2, 1 }, /* 0x09 */
    { 380, 10, 13, 2, 1 }, /* 0x0A */
    { 420, 9, 11, 1, 1 }, /* 0x0B */
    { 460, 9, 13, 2, 1 }, /* 0x0C */
    { 500, 11, 13, 1, 1 }, /* 0x0D */
    { 540, 11, 13, 1, 1 }, /* 0x0E */
    { 580, 9, 13, 2, 1 }, /* 0x0F */
    { 620, 9, 13, 2, 1 }, /* 0x10 */
    { 660, 9, 13, 2, 1 }, /* 0x11 */
    { 700, 9, 13, 2, 1 }, /* 0x12 */
    { 740, 9, 13, 2, 1 }, /* 0x13 */
    { 780, 9, 13, 2, 1 }, /* 0x14 */
    { 820, 9, 13, 2, 1 }, /* 0x15 */
    { 860, 12, 13, 0, 1 }, /* 0x16 */
    { 900, 11, 13, 1, 1 }, /* 0x17 */
    { 940, 11, 13, 1, 1 }, /* 0x18 */
    { 980, 11, 13, 1, 1 }, /* 0x19 */
    { 1020, 9, 13, 2, 1 }, /* 0x1A */
    { 1060, 9, 13, 2, 1 }, /* 0x1B */
    { 1100, 9, 13, 2, 1 }, /* 0x1C */
    { 1140, 9, 13, 2, 1 }, /* 0x1D */
    { 1180, 13, 13, 0, 1 }, /* 0x1E */
    { 1220, 9, 13, 2, 1 }, /* 0x1F */
    { 1260, 0, 10, -1, 1 }, /* 0x20 */
    { 1260, 3, 5, 1, 1 }, /* 0x21 */
    { 1280, 6, 8, 1, 1 }, /* 0x22 */
    { 1300, 15, 17, 1, 1 }, /* 0x23 */
    { 1340, 12, 14, 1, 1 }, /* 0x24 */
    { 1380, 17, 19, 1, 1 }, /* 0x25 */
    { 1440, 14, 16, 1, 1 }, /* 0x26 */
    { 1480, 3, 5, 1, 1 }, /* 0x27 */
    { 1500, 7, 9, 1, 1 }, /* 0x28 */
    { 1520, 7, 9, 1, 1 }, /* 0x29 */
    { 1540, 9, 11, 1, 1 }, /* 0x2A */
    { 1580, 13, 15, 1, 1 }, /* 0x2B */
    { 1620, 4, 6, 1, 1 }, /* 0x2C */
    { 1640, 10, 12, 1, 1 }, /* 0x2D */
    { 1680, 3, 5, 1, 1 }, /* 0x2E */
    { 1700, 9, 11, 1, 1 }, /* 0x2F */
    { 1740, 12, 14, 1, 1 }, /* 0x30 */
    { 1780, 7, 14, 3, 1 }, /* 0x31 */
    { 1800, 12, 14, 1, 1 }, /* 0x32 */
    { 1840, 12, 14, 1, 1 }, /* 0x33 */
    { 1880, 12, 14, 1, 1 }, /* 0x34 */
    { 1920, 12, 14, 1, 1 }, /* 0x35 */
    { 1960, 12, 14, 1, 1 }, /* 0x36 */
    { 2000, 12, 14, 1, 1 }, /* 0x37 */
    { 2040, 12, 14, 1, 1 }, /* 0x38 */
    { 2080, 12, 14, 1, 1 }, /* 0x39 */
    { 2120, 3, 5, 1, 1 }, /* 0x3A */
    { 2140, 4, 6, 1, 1 }, /* 0x3B */
    { 2160, 9, 11, 1, 1 }, /* 0x3C */
    { 2200, 9, 11, 1, 1 }, /* 0x3D */
    { 2240, 9, 11, 1, 1 }, /* 0x3E */
    { 2280, 10, 12, 1, 1 }, /* 0x3F */
    { 2320, 18, 20, 1, 1 }, /* 0x40 */
    { 2380, 14, 16, 1, 1 }, /* 0x41 */
    { 2420, 13, 15, 1, 1 }, /* 0x42 */
    { 2460, 14, 16, 1, 1 }, /* 0x43 */
    { 2500, 13, 15, 1, 1 }, /* 0x44 */
    { 2540, 12, 14, 1, 1 }, /* 0x45 */
    { 2580, 11, 13, 1, 1 }, /* 0x46 */
    { 2620, 14, 16, 1, 1 }, /* 0x47 */
    { 2660, 13, 15, 1, 1 }, /* 0x48 */
    { 2700, 3, 7, 2, 1 }, /* 0x49 */
    { 2720, 10, 12, 1, 1 }, /* 0x4A */
    { 2760, 12, 14, 1, 1 }, /* 0x4B */
    { 2800, 11, 13, 1, 1 }, /* 0x4C */
    { 2840, 15, 17, 1, 1 }, /* 0x4D */
    { 2880, 13, 15, 1, 1 }, /* 0x4E */
    { 2920, 15, 17, 1, 1 }, /* 0x4F */
    { 2960, 12, 14, 1, 1 }, /* 0x50 */
    { 3000, 15, 17, 1, 1 }, /* 0x51 */
    { 3040, 12, 14, 1, 1 }, /* 0x52 */
    { 3080, 12, 14, 1, 1 }, /* 0x53 */
    { 3120, 13, 15, 1, 1 }, /* 0x54 */
    { 3160, 12, 14, 1, 1 }, /* 0x55 */
    { 3200, 12, 14, 1, 1 }, /* 0x56 */
    { 3240, 19, 21, 1, 1 }, /* 0x57 */
    { 3300, 11, 13, 1, 1 }, /* 0x58 */
    { 3340, 13, 15, 1, 1 }, /* 0x59 */
    { 3380, 12, 14, 1, 1 }, /* 0x5A */
    { 3420, 7, 9, 1, 1 }, /* 0x5B */
    { 3440, 9, 11, 1, 1 }, /* 0x5C */
    { 3480, 7, 9, 1, 1 }, /* 0x5D */
    { 3500, 9, 11, 1, 1 }, /* 0x5E */
    { 3540, 11, 13, 0, 1 }, /* 0x5F */
    { 3580, 5, 13, 4, 1 }, /* 0x60 */
    { 3600, 12, 14, 1, 1 }, /* 0x61 */
    { 3640, 11, 13, 1, 1 }, /* 0x62 */
    { 3680, 12, 14, 1, 1 }, /* 0x63 */
    { 3720, 11, 13, 1, 1 }, /* 0x64 */
    { 3760, 11, 13, 1, 1 }, /* 0x65 */
    { 3800, 8, 10, 1, 1 }, /* 0x66 */
    { 3820, 11, 13, 1, 1 }, /* 0x67 */
    { 3860, 10, 13, 1, 1 }, /* 0x68 */
    { 3900, 3, 7, 2, 1 }, /* 0x69 */
    { 3920, 5, 7, 0, 1 }, /* 0x6A */
    { 3940, 10, 12, 1, 1 }, /* 0x6B */
    { 3980, 3, 7, 2, 1 }, /* 0x6C */
    { 4000, 15, 17, 1, 1 }, /* 0x6D */
    { 4040, 10, 12, 1, 1 }, /* 0x6E */
    { 4080, 12, 14, 1, 1 }, /* 0x6F */
    { 4120, 11, 13, 1, 1 }, /* 0x70 */
    { 4160, 11, 13, 1, 1 }, /* 0x71 */
    { 4200, 8, 9, 1, 1 }, /* 0x72 */
    { 4220, 10, 12, 1, 1 }, /* 0x73 */
    { 4260, 7, 9, 1, 1 }, /* 0x74 */
    { 4280, 10, 12, 1, 1 }, /* 0x75 */
    { 4320, 11, 13, 1, 1 }, /* 0x76 */
    { 4360, 15, 17, 1, 1 }, /* 0x77 */
    { 4400, 9, 11, 1, 1 }, /* 0x78 */
    { 4440, 11, 13, 1, 1 }, /* 0x79 */
    { 4480, 10, 12, 1, 1 }, /* 0x7A */
    { 4520, 9, 11, 1, 1 }, /* 0x7B */
    { 4560, 3, 5, 1, 1 }, /* 0x7C */
    { 4580, 9, 11, 1, 1 }, /* 0x7D */
    { 4620, 12, 14, 1, 1 }, /* 0x7E */
    { 4660, 9, 13, 1, 1 }, /* 0x7F */
};

static const uint8_t swiss20b_bitmap[] = {
    0x00, 0x00, 0x00, 0x00, 0x00, 0x00, 0x00, 0x3C, 0x7E, 0xFF, 0xFF, 0xFF, 0x7E, 0x3C, 0x00, 0x00,
    0x00, 0x00, 0x00, 0x00, 0x00, 0x00, 0x00, 0x00, 0x0E, 0x00, 0x0E, 0x00, 0x0E, 0x00, 0x0E, 0x00,
    0x0E, 0x00, 0x0E, 0x00, 0x0E, 0x00, 0x0E, 0x00, 0xCE, 0x60, 0xEE, 0xE0, 0x7F, 0xC0, 0x3F, 0x80,
    0x1F, 0x00, 0x0E, 0x00, 0x00, 0x00, 0x00, 0x00, 0x00, 0x00, 0x00, 0x00, 0x00, 0x00, 0x00, 0x00,
    0x00, 0x00, 0x00, 0x00, 0x00, 0x00, 0x00, 0x00, 0x00, 0x00, 0x00, 0x00, 0x00, 0xE0, 0x7D, 0xC0,
    0xFF, 0xC0, 0xEF, 0x80, 0xE7, 0x00, 0xEF, 0x80, 0xFD, 0xC0, 0x78, 0xE0, 0x00, 0x00, 0x00, 0x00,
    0x00, 0x00, 0x00, 0x00, 0x00, 0x00, 0x1F, 0x80, 0x3F, 0xC0, 0x71, 0xC0, 0x71, 0xC0, 0x71, 0xC0,
    0xE1, 0xC0, 0xFF, 0x80, 0xFF, 0x80, 0xE1, 0xC0, 0xE1, 0xC0, 0xE1, 0xC0, 0xE1, 0xC0, 0xE1, 0xC0,
    0xFF, 0x80, 0xFF, 0x80, 0xE0, 0x00, 0xE0, 0x00, 0xE0, 0x00, 0xE0, 0x00, 0x00, 0x00, 0x00, 0x00,
    0x00, 0x00, 0x00, 0x00, 0x00, 0x00, 0x00, 0x00, 0x00, 0x00, 0x00, 0x00, 0x1C, 0x00, 0x3E, 0x00,
    0x77, 0x00, 0xE3, 0x80, 0x00, 0x00, 0x00, 0x00, 0x00, 0x00, 0x00, 0x00, 0x00, 0x00, 0x00, 0x00,
    0x00, 0x00, 0x00, 0x00, 0x00, 0x00, 0x00, 0x00, 0x00, 0x00, 0x00, 0x00, 0x00, 0x00, 0x00, 0x00,
    0x00, 0x00, 0x00, 0x00, 0xFF, 0x80, 0xFF, 0x80, 0x03, 0x80, 0x03, 0x80, 0x03, 0x80, 0x00, 0x00,
    0x00, 0x00, 0x00, 0x00, 0x00, 0x00, 0x00, 0x00, 0x00, 0x00, 0x00, 0x00, 0x00, 0x00, 0x00, 0x00,
    0x00, 0x00, 0x00, 0x00, 0x3F, 0x00, 0x7F, 0x80, 0xF3, 0x80, 0xE0, 0x00, 0xE0, 0x00, 0xFF, 0x00,
    0xFF, 0x00, 0xE0, 0x00, 0xE0, 0x00, 0xF3, 0x80, 0x7F, 0x80, 0x3F, 0x00, 0x00, 0x00, 0x00, 0x00,
    0x00, 0x00, 0x00, 0x00, 0x00, 0x00, 0x00, 0x00, 0x00, 0x00, 0x00, 0x00, 0xFF, 0xE0, 0xFF, 0xE0,
    0x39, 0xC0, 0x39, 0xC0, 0x39, 0xC0, 0x39, 0xC0, 0x39, 0xC0, 0x39, 0xC0, 0x39, 0xC0, 0x39, 0xC0,
    0x39, 0xC0, 0x39, 0xC0, 0x00, 0x00, 0x00, 0x00, 0x00, 0x00, 0x00, 0x00, 0x00, 0x00, 0x00, 0x00,
    0xE0, 0x00, 0xE0, 0x00, 0x70, 0x00, 0x70, 0x00, 0x38, 0x00, 0x38, 0x00, 0x1C, 0x00, 0x1C, 0x00,
    0x3E, 0x00, 0x3E, 0x00, 0x77, 0x00, 0x77, 0x00, 0xE3, 0x80, 0xE3, 0x80, 0x00, 0x00, 0x00, 0x00,
    0x00, 0x00, 0x00, 0x00, 0x00, 0x00, 0x00, 0x00, 0x00, 0x00, 0xC1, 0x80, 0xE3, 0x80, 0x77, 0x00,
    0x3E, 0x00, 0x1C, 0x00, 0x3E, 0x00, 0x77, 0x00, 0xE3, 0x80, 0xE3, 0x80, 0xE3, 0x80, 0xE3, 0x80,
    0xE3, 0x80, 0x7F, 0x00, 0x3E, 0x00, 0x00, 0x00, 0x00, 0x00, 0x00, 0x00, 0x00, 0x00, 0x00, 0x00,
    0x1F, 0x00, 0x3F, 0x80, 0x73, 0x80, 0x70, 0x00, 0x38, 0x00, 0x1C, 0x00, 0x0E, 0x00, 0x1F, 0x00,
    0x3B, 0x80, 0x73, 0x80, 0xE1, 0xC0, 0xE1, 0xC0, 0xE1, 0xC0, 0x7F, 0x80, 0x3F, 0x00, 0x00, 0x00,
    0x00, 0x00, 0x00, 0x00, 0x00, 0x00, 0x00, 0x00, 0x00, 0x00, 0x00, 0x00, 0x1C, 0x00, 0x3E, 0x00,
    0x7F, 0x00, 0xFF, 0x80, 0x1C, 0x00, 0x1C, 0x00, 0x1C, 0x00, 0x1C, 0x00, 0x1C, 0x00, 0x1C, 0x00,
    0x1C, 0x00, 0x00, 0x00, 0x00, 0x00, 0x00, 0x00, 0x00, 0x00, 0x00, 0x00, 0x00, 0x00, 0x00, 0x00,
    0x00, 0x00, 0x00, 0x00, 0x00, 0x00, 0x1C, 0x00, 0x1C, 0x00, 0x1C, 0x00, 0xFF, 0x80, 0xFF, 0x80,
    0x1C, 0x00, 0x1C, 0x00, 0x1C, 0x00, 0x00, 0x00, 0xFF, 0x80, 0xFF, 0x80, 0x00, 0x00, 0x00, 0x00,
    0x00, 0x00, 0x00, 0x00, 0x00, 0x00, 0x00, 0x00, 0x00, 0x00, 0x00, 0x00, 0x00, 0x00, 0x1F, 0x00,
    0x3F, 0x80, 0x7F, 0xC0, 0xEE, 0xE0, 0xFF, 0xE0, 0xFF, 0xE0, 0xEE, 0xE0, 0x7F, 0xC0, 0x3F, 0x80,
    0x1F, 0x00, 0x00, 0x00, 0x00, 0x00, 0x00, 0x00, 0x00, 0x00, 0x00, 0x00, 0x00, 0x00, 0x00, 0x00,
    0x00, 0x00, 0x00, 0x00, 0x00, 0x00, 0x00, 0x00, 0x7F, 0xC0, 0x7F, 0xC0, 0xEE, 0xE0, 0xEE, 0xE0,
    0xEE, 0xE0, 0xEE, 0xE0, 0xEE, 0xE0, 0x7F, 0xC0, 0x7F, 0xC0, 0x00, 0x00, 0x00, 0x00, 0x00, 0x00,
    0x00, 0x00, 0x00, 0x00, 0x00, 0x00, 0x3E, 0x00, 0x3F, 0x00, 0x07, 0x80, 0x03, 0x80, 0x03, 0x80,
    0x3F, 0x80, 0x7F, 0x80, 0xF7, 0x80, 0xE3, 0x80, 0xE3, 0x80, 0xE3, 0x80, 0xE3, 0x80, 0xF7, 0x80,
    0x7F, 0x00, 0x3C, 0x00, 0x00, 0x00, 0x00, 0x00, 0x00, 0x00, 0x00, 0x00, 0x00, 0x00, 0x00, 0x00,
    0x00, 0x00, 0x00, 0x00, 0x00, 0x00, 0x00, 0x00, 0x3F, 0x80, 0x7F, 0x80, 0xE0, 0x00, 0xE0, 0x00,
    0xE0, 0x00, 0xE0, 0x00, 0x7F, 0x80, 0x3F, 0x80, 0x00, 0x00, 0x00, 0x00, 0x00, 0x00, 0x00, 0x00,
    0x00, 0x00, 0x00, 0x00, 0x00, 0x00, 0x00, 0x00, 0x00, 0x00, 0x00, 0x00, 0x00, 0x00, 0x00, 0x00,
    0xFE, 0x00, 0xFF, 0x00, 0x03, 0x80, 0x03, 0x80, 0x03, 0x80, 0x03, 0x80, 0xFF, 0x00, 0xFE, 0x00,
    0x00, 0x00, 0x00, 0x00, 0x00, 0x00, 0x00, 0x00, 0x00, 0x00, 0x00, 0x00, 0x00, 0x00, 0x00, 0x00,
    0x3E, 0x00, 0x7F, 0x00, 0xE3, 0x80, 0xE3, 0x80, 0xE3, 0x80, 0xE3, 0x80, 0xE3, 0x80, 0xE3, 0x80,
    0xE3, 0x80, 0xE3, 0x80, 0xE3, 0x80, 0xE3, 0x80, 0xE3, 0x80, 0x00, 0x00, 0x00, 0x00, 0x00, 0x00,
    0x00, 0x00, 0x00, 0x00, 0x00, 0x00, 0x00, 0x00, 0x00, 0x00, 0xE3, 0x80, 0xE3, 0x80, 0xE3, 0x80,
    0xE3, 0x80, 0xE3, 0x80, 0xE3, 0x80, 0xE3, 0x80, 0xE3, 0x80, 0xE3, 0x80, 0xE3, 0x80, 0x7F, 0x00,
    0x3E, 0x00, 0x00, 0x00, 0x00, 0x00, 0x00, 0x00, 0x00, 0x00, 0x00, 0x00, 0x00, 0x00, 0x00, 0x00,
    0xE3, 0x80, 0xE3, 0x80, 0xE3, 0x80, 0xE3, 0x80, 0xE3, 0x80, 0xFF, 0x80, 0xFF, 0x80, 0xE3, 0x80,
    0xE3, 0x80, 0xE3, 0x80, 0xE3, 0x80, 0xF7, 0x80, 0x7F, 0x00, 0x3E, 0x00, 0x00, 0x00, 0x00, 0x00,
    0x00, 0x00, 0x00, 0x00, 0x00, 0x00, 0x00, 0x00, 0xFF, 0x80, 0xFF, 0x80, 0x03, 0x80, 0x03, 0x80,
    0x03, 0x80, 0x03, 0x80, 0x3F, 0x80, 0x3F, 0x80, 0x03, 0x80, 0x03, 0x80, 0x03, 0x80, 0x03, 0x80,
    0xFF, 0x80, 0xFF, 0x80, 0x00, 0x00, 0x00, 0x00, 0x00, 0x00, 0x00, 0x00, 0x00, 0x00, 0x00, 0x00,
    0x00, 0x00, 0x0F, 0x00, 0x3F, 0xC0, 0x70, 0xE0, 0x79, 0xE0, 0xFF, 0xF0, 0xEF, 0x70, 0xEF, 0x70,
    0xFF, 0xF0, 0x79, 0xE0, 0x3F, 0xC0, 0x0F, 0x00, 0x00, 0x00, 0x00, 0x00, 0x00, 0x00, 0x00, 0x00,
    0x00, 0x00, 0x00, 0x00, 0x00, 0x00, 0x00, 0x00, 0x00, 0x00, 0x1C, 0x00, 0x38, 0x00, 0x70, 0x00,
    0xFF, 0xE0, 0xFF, 0xE0, 0x70, 0x00, 0x38, 0x00, 0x1C, 0x00, 0x07, 0x00, 0x03, 0x80, 0x01, 0xC0,
    0xFF, 0xE0, 0xFF, 0xE0, 0x01, 0xC0, 0x03, 0x80, 0x07, 0x00, 0x00, 0x00, 0x00, 0x00, 0x00, 0x00,
    0x00, 0x00, 0x00, 0x00, 0x00, 0x00, 0x1C, 0x00, 0x38, 0x00, 0x70, 0x00, 0xFF, 0xE0, 0x70, 0x00,
    0x38, 0x00, 0x1C, 0x00, 0x00, 0x00, 0x00, 0x00, 0x00, 0x00, 0x00, 0x00, 0x00, 0x00, 0x00, 0x00,
    0x00, 0x00, 0x00, 0x00, 0x00, 0x00, 0x00, 0x00, 0x00, 0x00, 0x00, 0x00, 0x00, 0x00, 0x07, 0x00,
    0x03, 0x80, 0x01, 0xC0, 0xFF, 0xE0, 0xFF, 0xE0, 0x01, 0xC0, 0x03, 0x80, 0x07, 0x00, 0x00, 0x00,
    0x00, 0x00, 0x00, 0x00, 0x00, 0x00, 0x00, 0x00, 0x00, 0x00, 0x00, 0x00, 0x00, 0x00, 0x00, 0x00,
    0x03, 0x80, 0x03, 0x80, 0x07, 0x00, 0x07, 0x00, 0xFF, 0x80, 0xFF, 0x80, 0x1C, 0x00, 0x1C, 0x00,
    0xFF, 0x80, 0xFF, 0x80, 0x70, 0x00, 0x70, 0x00, 0xE0, 0x00, 0xE0, 0x00, 0x00, 0x00, 0x00, 0x00,
    0x00, 0x00, 0x00, 0x00, 0x00, 0x00, 0x1C, 0x00, 0x1C, 0x00, 0x1C, 0x00, 0x3E, 0x00, 0x3E, 0x00,
    0x77, 0x00, 0xE3, 0x80, 0xE3, 0x80, 0x77, 0x00, 0x3E, 0x00, 0x3E, 0x00, 0x1C, 0x00, 0x1C, 0x00,
    0x1C, 0x00, 0x00, 0x00, 0x00, 0x00, 0x00, 0x00, 0x00, 0x00, 0x00, 0x00, 0x00, 0x00, 0x00, 0x00,
    0x00, 0x00, 0x00, 0x00, 0x00, 0x00, 0x03, 0x80, 0x0F, 0x00, 0x3C, 0x00, 0xF0, 0x00, 0xF0, 0x00,
    0x3C, 0x00, 0x0F, 0x00, 0x03, 0x80, 0x00, 0x00, 0xFF, 0x80, 0xFF, 0x80, 0x00, 0x00, 0x00, 0x00,
    0x00, 0x00, 0x00, 0x00, 0x00, 0x00, 0x00, 0x00, 0x00, 0x00, 0x00, 0x00, 0x00, 0x00, 0xE0, 0x00,
    0x78, 0x00, 0x1E, 0x00, 0x07, 0x80, 0x07, 0x80, 0x1E, 0x00, 0x78, 0x00, 0xE0, 0x00, 0x00, 0x00,
    0xFF, 0x80, 0xFF, 0x80, 0x00, 0x00, 0x00, 0x00, 0x00, 0x00, 0x00, 0x00, 0x00, 0x00, 0x00, 0x00,
    0x00, 0x00, 0x00, 0x00, 0x00, 0x00, 0xFF, 0xF8, 0xFF, 0xF8, 0x00, 0x00, 0xFF, 0xF8, 0xFF, 0xF8,
    0x00, 0x00, 0xFF, 0xF8, 0xFF, 0xF8, 0x00, 0x00, 0x00, 0x00, 0x00, 0x00, 0x00, 0x00, 0x00, 0x00,
    0x00, 0x00, 0x00, 0x00, 0x00, 0x00, 0x00, 0x00, 0x00, 0x00, 0x00, 0x00, 0x00, 0x00, 0x00, 0x00,
    0x00, 0x00, 0x00, 0x00, 0xE3, 0x80, 0x77, 0x00, 0x3E, 0x00, 0x1C, 0x00, 0x00, 0x00, 0x00, 0x00,
    0x00, 0x00, 0x00, 0x00, 0x00, 0x00, 0x00, 0x00, 0x00, 0x00, 0x00, 0x00, 0x00, 0xE0, 0xE0, 0xE0,
    0xE0, 0xE0, 0xE0, 0xE0, 0xE0, 0xE0, 0xE0, 0x00, 0xE0, 0xE0, 0xE0, 0x00, 0x00, 0x00, 0x00, 0x00,
    0x00, 0xFC, 0xFC, 0xFC, 0xFC, 0xFC, 0x00, 0x00, 0x00, 0x00, 0x00, 0x00, 0x00, 0x00, 0x00, 0x00,
    0x00, 0x00, 0x00, 0x00, 0x00, 0x00, 0x01, 0xDC, 0x01, 0xDC, 0x03, 0xB8, 0x03, 0xB8, 0x1F, 0xFE,
    0x07, 0x70, 0x0E, 0xE0, 0x0E, 0xE0, 0x1D, 0xC0, 0xFF, 0xF0, 0x3B, 0x80, 0x3B, 0x80, 0x77, 0x00,
    0x77, 0x00, 0x00, 0x00, 0x00, 0x00, 0x00, 0x00, 0x00, 0x00, 0x00, 0x00, 0x0E, 0x00, 0x3F, 0x80,
    0x7F, 0xC0, 0xEE, 0xE0, 0xEE, 0xE0, 0xEE, 0x00, 0x7E, 0x00, 0x3F, 0x00, 0x0F, 0xC0, 0x0E, 0xE0,
    0x0E, 0x70, 0xEE, 0x70, 0xEE, 0x70, 0x7E, 0xE0, 0x3F, 0xC0, 0x0E, 0x00, 0x00, 0x00, 0x00, 0x00,
    0x00, 0x00, 0x00, 0x00, 0x00, 0x00, 0x00, 0x7E, 0x38, 0x00, 0xE7, 0x38, 0x00, 0xE7, 0x70, 0x00,
    0xE7, 0x70, 0x00, 0xE7, 0xE0, 0x00, 0xE7, 0xE0, 0x00, 0x7F, 0xC0, 0x00, 0x01, 0xFF, 0x00, 0x03,
    0xF3, 0x80, 0x03, 0xF3, 0x80, 0x07, 0x73, 0x80, 0x07, 0x73, 0x80, 0x0E, 0x73, 0x80, 0x0E, 0x3F,
    0x00, 0x00, 0x00, 0x00, 0x00, 0x00, 0x00, 0x00, 0x00, 0x00, 0x00, 0x00, 0x00, 0x00, 0x00, 0x00,
    0x00, 0x00, 0x1F, 0x00, 0x3B, 0x80, 0x71, 0xC0, 0x71, 0xC0, 0x3B, 0x80, 0x1F, 0x00, 0x3E, 0x00,
    0x77, 0x38, 0xE3, 0xF0, 0xE1, 0xF0, 0xE0, 0xE0, 0xE1, 0xF0, 0x73, 0xB8, 0x3F, 0x1C, 0x00, 0x00,
    0x00, 0x00, 0x00, 0x00, 0x00, 0x00, 0x00, 0x00, 0x00, 0xE0, 0xE0, 0xE0, 0xE0, 0xE0, 0x00, 0x00,
    0x00, 0x00, 0x00, 0x00, 0x00, 0x00, 0x00, 0x00, 0x00, 0x00, 0x00, 0x00, 0x00, 0x0E, 0x1C, 0x38,
    0x38, 0x70, 0x70, 0xE0, 0xE0, 0xE0, 0xE0, 0xE0, 0xE0, 0x70, 0x70, 0x38, 0x38, 0x1C, 0x0E, 0x00,
    0x00, 0xE0, 0x70, 0x38, 0x38, 0x1C, 0x1C, 0x0E, 0x0E, 0x0E, 0x0E, 0x0E, 0x0E, 0x1C, 0x1C, 0x38,
    0x38, 0x70, 0xE0, 0x00, 0x00, 0x00, 0x1C, 0x00, 0xFF, 0x80, 0x7F, 0x00, 0x3E, 0x00, 0x7F, 0x00,
    0xFF, 0x80, 0x1C, 0x00, 0x00, 0x00, 0x00, 0x00, 0x00, 0x00, 0x00, 0x00, 0x00, 0x00, 0x00, 0x00,
    0x00, 0x00, 0x00, 0x00, 0x00, 0x00, 0x00, 0x00, 0x00, 0x00, 0x00, 0x00, 0x00, 0x00, 0x00, 0x00,
    0x00, 0x00, 0x00, 0x00, 0x07, 0x00, 0x07, 0x00, 0x07, 0x00, 0x07, 0x00, 0xFF, 0xF8, 0x07, 0x00,
    0x07, 0x00, 0x07, 0x00, 0x07, 0x00, 0x07, 0x00, 0x00, 0x00, 0x00, 0x00, 0x00, 0x00, 0x00, 0x00,
    0x00, 0x00, 0x00, 0x00, 0x00, 0x00, 0x00, 0x00, 0x00, 0x00, 0x00, 0x00, 0x00, 0x00, 0x00, 0x00,
    0xF0, 0x70, 0x70, 0x70, 0xE0, 0x00, 0x00, 0x00, 0x00, 0x00, 0x00, 0x00, 0x00, 0x00, 0x00, 0x00,
    0x00, 0x00, 0x00, 0x00, 0x00, 0x00, 0x00, 0x00, 0xFF, 0xC0, 0x00, 0x00, 0x00, 0x00, 0x00, 0x00,
    0x00, 0x00, 0x00, 0x00, 0x00, 0x00, 0x00, 0x00, 0x00, 0x00, 0x00, 0x00, 0x00, 0x00, 0x00, 0x00,
    0x00, 0x00, 0x00, 0x00, 0x00, 0x00, 0x00, 0x00, 0x00, 0x00, 0x00, 0x00, 0xE0, 0xE0, 0xE0, 0x00,
    0x00, 0x00, 0x00, 0x00, 0x00, 0x00, 0x03, 0x80, 0x03, 0x80, 0x07, 0x00, 0x07, 0x00, 0x0E, 0x00,
    0x0E, 0x00, 0x1C, 0x00, 0x1C, 0x00, 0x38, 0x00, 0x38, 0x00, 0x70, 0x00, 0x70, 0x00, 0xE0, 0x00,
    0xE0, 0x00, 0x00, 0x00, 0x00, 0x00, 0x00, 0x00, 0x00, 0x00, 0x00, 0x00, 0x00, 0x00, 0x1F, 0x80,
    0x39, 0xC0, 0x70, 0xE0, 0xE0, 0x70, 0xE0, 0x70, 0xE0, 0x70, 0xE0, 0x70, 0xE0, 0x70, 0xE0, 0x70,
    0xE0, 0x70, 0xE0, 0x70, 0x70, 0xE0, 0x39, 0xC0, 0x1F, 0x80, 0x00, 0x00, 0x00, 0x00, 0x00, 0x00,
    0x00, 0x00, 0x00, 0x00, 0x00, 0x0E, 0x1E, 0x3E, 0xFE, 0x0E, 0x0E, 0x0E, 0x0E, 0x0E, 0x0E, 0x0E,
    0x0E, 0x0E, 0x0E, 0x00, 0x00, 0x00, 0x00, 0x00, 0x00, 0x00, 0x1F, 0xC0, 0x38, 0xE0, 0x70, 0x70,
    0x70, 0x70, 0x70, 0x70, 0x00, 0x70, 0x00, 0xE0, 0x03, 0xC0, 0x0F, 0x00, 0x1C, 0x00, 0x38, 0x00,
    0x70, 0x00, 0xE0, 0x00, 0xFF, 0xF0, 0x00, 0x00, 0x00, 0x00, 0x00, 0x00, 0x00, 0x00, 0x00, 0x00,
    0x00, 0x00, 0x1F, 0xC0, 0x38, 0xE0, 0x70, 0x70, 0x70, 0x70, 0x00, 0x70, 0x00, 0xE0, 0x0F, 0xC0,
    0x00, 0xE0, 0x00, 0x70, 0x00, 0x70, 0xE0, 0x70, 0xE0, 0x70, 0x70, 0xE0, 0x3F, 0xC0, 0x00, 0x00,
    0x00, 0x00, 0x00, 0x00, 0x00, 0x00, 0x00, 0x00, 0x00, 0x00, 0x03, 0xC0, 0x07, 0xC0, 0x07, 0xC0,
    0x0F, 0xC0, 0x1D, 0xC0, 0x1D, 0xC0, 0x39, 0xC0, 0x71, 0xC0, 0x71, 0xC0, 0xE1, 0xC0, 0xFF, 0xF0,
    0x01, 0xC0, 0x01, 0xC0, 0x01, 0xC0, 0x00, 0x00, 0x00, 0x00, 0x00, 0x00, 0x00, 0x00, 0x00, 0x00,
    0x00, 0x00, 0x3F, 0xF0, 0x38, 0x00, 0x38, 0x00, 0x70, 0x00, 0x70, 0x00, 0x7F, 0xC0, 0xF8, 0xE0,
    0xE0, 0x70, 0x00, 0x70, 0x00, 0x70, 0xE0, 0x70, 0xE0, 0x70, 0x70, 0xE0, 0x3F, 0xC0, 0x00, 0x00,
    0x00, 0x00, 0x00, 0x00, 0x00, 0x00, 0x00, 0x00, 0x00, 0x00, 0x1F, 0xC0, 0x78, 0xE0, 0x70, 0x70,
    0xE0, 0x00, 0xE0, 0x00, 0xFF, 0xC0, 0xF0, 0xE0, 0xE0, 0x70, 0xE0, 0x70, 0xE0, 0x70, 0xE0, 0x70,
    0x70, 0x70, 0x78, 0xE0, 0x1F, 0xC0, 0x00, 0x00, 0x00, 0x00, 0x00, 0x00, 0x00, 0x00, 0x00, 0x00,
    0x00, 0x00, 0xFF, 0xF0, 0x00, 0x70, 0x00, 0x70, 0x00, 0xE0, 0x01, 0xC0, 0x03, 0x80, 0x07, 0x00,
    0x0E, 0x00, 0x0E, 0x00, 0x1C, 0x00, 0x1C, 0x00, 0x38, 0x00, 0x38, 0x00, 0x38, 0x00, 0x00, 0x00,
    0x00, 0x00, 0x00, 0x00, 0x00, 0x00, 0x00, 0x00, 0x00, 0x00, 0x1F, 0x80, 0x39, 0xC0, 0x70, 0xE0,
    0x70, 0xE0, 0x70, 0xE0, 0x39, 0xC0, 0x3F, 0xC0, 0x70, 0xE0, 0xE0, 0x70, 0xE0, 0x70, 0xE0, 0x70,
    0xE0, 0x70, 0x70, 0xE0, 0x3F, 0xC0, 0x00, 0x00, 0x00, 0x00, 0x00, 0x00, 0x00, 0x00, 0x00, 0x00,
    0x00, 0x00, 0x3F, 0xC0, 0x70, 0xE0, 0xE0, 0x70, 0xE0, 0x70, 0xE0, 0x70, 0xE0, 0x70, 0x70, 0x70,
    0x78, 0xF0, 0x1F, 0xF0, 0x00, 0x70, 0x00, 0x70, 0xE0, 0xE0, 0x71, 0xE0, 0x3F, 0x80, 0x00, 0x00,
    0x00, 0x00, 0x00, 0x00, 0x00, 0x00, 0x00, 0x00, 0x00, 0x00, 0x00, 0x00, 0x00, 0x00, 0xE0, 0xE0,
    0xE0, 0x00, 0x00, 0x00, 0xE0, 0xE0, 0xE0, 0x00, 0x00, 0x00, 0x00, 0x00, 0x00, 0x00, 0x00, 0x00,
    0x00, 0x00, 0x70, 0x70, 0x70, 0x00, 0x00, 0x00, 0xF0, 0x70, 0x70, 0x70, 0xE0, 0x00, 0x00, 0x00,
    0x00, 0x00, 0x03, 0x80, 0x07, 0x00, 0x0E, 0x00, 0x1C, 0x00, 0x38, 0x00, 0x70, 0x00, 0xE0, 0x00,
    0xE0, 0x00, 0x70, 0x00, 0x38, 0x00, 0x1C, 0x00, 0x0E, 0x00, 0x07, 0x00, 0x03, 0x80, 0x00, 0x00,
    0x00, 0x00, 0x00, 0x00, 0x00, 0x00, 0x00, 0x00, 0x00, 0x00, 0x00, 0x00, 0x00, 0x00, 0x00, 0x00,
    0x00, 0x00, 0x00, 0x00, 0x00, 0x00, 0xFF, 0x80, 0x00, 0x00, 0x00, 0x00, 0xFF, 0x80, 0x00, 0x00,
    0x00, 0x00, 0x00, 0x00, 0x00, 0x00, 0x00, 0x00, 0x00, 0x00, 0x00, 0x00, 0x00, 0x00, 0x00, 0x00,
    0x00, 0x00, 0xE0, 0x00, 0x70, 0x00, 0x38, 0x00, 0x1C, 0x00, 0x0E, 0x00, 0x07, 0x00, 0x03, 0x80,
    0x03, 0x80, 0x07, 0x00, 0x0E, 0x00, 0x1C, 0x00, 0x38, 0x00, 0x70, 0x00, 0xE0, 0x00, 0x00, 0x00,
    0x00, 0x00, 0x00, 0x00, 0x00, 0x00, 0x00, 0x00, 0x00, 0x00, 0x3F, 0x00, 0x73, 0x80, 0xE1, 0xC0,
    0xE1, 0xC0, 0xE1, 0xC0, 0x03, 0x80, 0x07, 0x00, 0x0E, 0x00, 0x0E, 0x00, 0x0E, 0x00, 0x00, 0x00,
    0x0E, 0x00, 0x0E, 0x00, 0x0E, 0x00, 0x00, 0x00, 0x00, 0x00, 0x00, 0x00, 0x00, 0x00, 0x00, 0x00,
    0x07, 0xF8, 0x00, 0x1E, 0x1E, 0x00, 0x38, 0x07, 0x00, 0x70, 0x03, 0x80, 0x71, 0xFF, 0x80, 0xE3,
    0xBD, 0xC0, 0xE7, 0x1D, 0xC0, 0xEE, 0x1D, 0xC0, 0xEE, 0x39, 0xC0, 0xEE, 0x3B, 0x80, 0xEE, 0x7F,
    0x80, 0x77, 0xFE, 0x00, 0x70, 0x00, 0x00, 0x38, 0x03, 0x80, 0x1E, 0x0F, 0x00, 0x07, 0xFC, 0x00,
    0x00, 0x00, 0x00, 0x00, 0x00, 0x00, 0x00, 0x00, 0x00, 0x00, 0x00, 0x00, 0x00, 0x00, 0x07, 0x80,
    0x07, 0x80, 0x0F, 0xC0, 0x0F, 0xC0, 0x1C, 0xE0, 0x1C, 0xE0, 0x1C, 0xE0, 0x38, 0x70, 0x38, 0x70,
    0x7F, 0xF8, 0x70, 0x38, 0x70, 0x38, 0xE0, 0x1C, 0xE0, 0x1C, 0x00, 0x00, 0x00, 0x00, 0x00, 0x00,
    0x00, 0x00, 0x00, 0x00, 0x00, 0x00, 0xFF, 0xC0, 0xE0, 0xE0, 0xE0, 0x70, 0xE0, 0x70, 0xE0, 0x70,
    0xE0, 0xE0, 0xFF, 0xE0, 0xE0, 0x70, 0xE0, 0x38, 0xE0, 0x38, 0xE0, 0x38, 0xE0, 0x38, 0xE0, 0x70,
    0xFF, 0xE0, 0x00, 0x00, 0x00, 0x00, 0x00, 0x00, 0x00, 0x00, 0x00, 0x00, 0x00, 0x00, 0x0F, 0xE0,
    0x3C, 0x78, 0x70, 0x38, 0x70, 0x1C, 0xE0, 0x1C, 0xE0, 0x00, 0xE0, 0x00, 0xE0, 0x00, 0xE0, 0x1C,
    0xE0, 0x1C, 0x70, 0x1C, 0x70, 0x38, 0x3C, 0x78, 0x0F, 0xE0, 0x00, 0x00, 0x00, 0x00, 0x00, 0x00,
    0x00, 0x00, 0x00, 0x00, 0x00, 0x00, 0xFF, 0x80, 0xE1, 0xE0, 0xE0, 0x70, 0xE0, 0x70, 0xE0, 0x38,
    0xE0, 0x38, 0xE0, 0x38, 0xE0, 0x38, 0xE0, 0x38, 0xE0, 0x38, 0xE0, 0x70, 0xE0, 0x70, 0xE1, 0xE0,
    0xFF, 0x80, 0x00, 0x00, 0x00, 0x00, 0x00, 0x00, 0x00, 0x00, 0x00, 0x00, 0x00, 0x00, 0xFF, 0xF0,
    0xE0, 0x00, 0xE0, 0x00, 0xE0, 0x00, 0xE0, 0x00, 0xE0, 0x00, 0xFF, 0xE0, 0xE0, 0x00, 0xE0, 0x00,
    0xE0, 0x00, 0xE0, 0x00, 0xE0, 0x00, 0xE0, 0x00, 0xFF, 0xF0, 0x00, 0x00, 0x00, 0x00, 0x00, 0x00,
    0x00, 0x00, 0x00, 0x00, 0x00, 0x00, 0xFF, 0xE0, 0xE0, 0x00, 0xE0, 0x00, 0xE0, 0x00, 0xE0, 0x00,
    0xE0, 0x00, 0xFF, 0xC0, 0xE0, 0x00, 0xE0, 0x00, 0xE0, 0x00, 0xE0, 0x00, 0xE0, 0x00, 0xE0, 0x00,
    0xE0, 0x00, 0x00, 0x00, 0x00, 0x00, 0x00, 0x00, 0x00, 0x00, 0x00, 0x00, 0x00, 0x00, 0x0F, 0xE0,
    0x3C, 0x78, 0x70, 0x38, 0x70, 0x1C, 0xE0, 0x1C, 0xE0, 0x00, 0xE0, 0x00, 0xE1, 0xFC, 0xE0, 0x1C,
    0xE0, 0x1C, 0x70, 0x1C, 0x70, 0x3C, 0x3C, 0x7C, 0x0F, 0xEC, 0x00, 0x00, 0x00, 0x00, 0x00, 0x00,
    0x00, 0x00, 0x00, 0x00, 0x00, 0x00, 0xE0, 0x38, 0xE0, 0x38, 0xE0, 0x38, 0xE0, 0x38, 0xE0, 0x38,
    0xE0, 0x38, 0xFF, 0xF8, 0xE0, 0x38, 0xE0, 0x38, 0xE0, 0x38, 0xE0, 0x38, 0xE0, 0x38, 0xE0, 0x38,
    0xE0, 0x38, 0x00, 0x00, 0x00, 0x00, 0x00, 0x00, 0x00, 0x00, 0x00, 0x00, 0x00, 0xE0, 0xE0, 0xE0,
    0xE0, 0xE0, 0xE0, 0xE0, 0xE0, 0xE0, 0xE0, 0xE0, 0xE0, 0xE0, 0xE0, 0x00, 0x00, 0x00, 0x00, 0x00,
    0x00, 0x00, 0x01, 0xC0, 0x01, 0xC0, 0x01, 0xC0, 0x01, 0xC0, 0x01, 0xC0, 0x01, 0xC0, 0x01, 0xC0,
    0x01, 0xC0, 0x01, 0xC0, 0x01, 0xC0, 0xE1, 0xC0, 0xE1, 0xC0, 0x73, 0x80, 0x3F, 0x00, 0x00, 0x00,
    0x00, 0x00, 0x00, 0x00, 0x00, 0x00, 0x00, 0x00, 0x00, 0x00, 0xE0, 0xE0, 0xE1, 0xC0, 0xE3, 0x80,
    0xE7, 0x00, 0xEE, 0x00, 0xFE, 0x00, 0xFF, 0x00, 0xF7, 0x00, 0xE3, 0x80, 0xE1, 0xC0, 0xE1, 0xC0,
    0xE0, 0xE0, 0xE0, 0x70, 0xE0, 0x70, 0x00, 0x00, 0x00, 0x00, 0x00, 0x00, 0x00, 0x00, 0x00, 0x00,
    0x00, 0x00, 0xE0, 0x00, 0xE0, 0x00, 0xE0, 0x00, 0xE0, 0x00, 0xE0, 0x00, 0xE0, 0x00, 0xE0, 0x00,
    0xE0, 0x00, 0xE0, 0x00, 0xE0, 0x00, 0xE0, 0x00, 0xE0, 0x00, 0xE0, 0x00, 0xFF, 0xE0, 0x00, 0x00,
    0x00, 0x00, 0x00, 0x00, 0x00, 0x00, 0x00, 0x00, 0x00, 0x00, 0xE0, 0x0E, 0xF0, 0x1E, 0xF0, 0x1E,
    0xF8, 0x3E, 0xF8, 0x3E, 0xFC, 0x7E, 0xFC, 0x7E, 0xEE, 0xEE, 0xEE, 0xEE, 0xEE, 0xEE, 0xE7, 0xCE,
    0xE7, 0xCE, 0xE3, 0x8E, 0xE3, 0x8E, 0x00, 0x00, 0x00, 0x00, 0x00, 0x00, 0x00, 0x00, 0x00, 0x00,
    0x00, 0x00, 0xE0, 0x38, 0xF0, 0x38, 0xF8, 0x38, 0xFC, 0x38, 0xFC, 0x38, 0xEE, 0x38, 0xE7, 0x38,
    0xE7, 0x38, 0xE3, 0xB8, 0xE1, 0xF8, 0xE1, 0xF8, 0xE0, 0xF8, 0xE0, 0x78, 0xE0, 0x38, 0x00, 0x00,
    0x00, 0x00, 0x00, 0x00, 0x00, 0x00, 0x00, 0x00, 0x00, 0x00, 0x0F, 0xE0, 0x3C, 0x78, 0x70, 0x1C,
    0x70, 0x1C, 0xE0, 0x0E, 0xE0, 0x0E, 0xE0, 0x0E, 0xE0, 0x0E, 0xE0, 0x0E, 0xE0, 0x0E, 0x70, 0x1C,
    0x70, 0x1C, 0x3C, 0x78, 0x0F, 0xE0, 0x00, 0x00, 0x00, 0x00, 0x00, 0x00, 0x00, 0x00, 0x00, 0x00,
    0x00, 0x00, 0xFF, 0xC0, 0xE0, 0xE0, 0xE0, 0x70, 0xE0, 0x70, 0xE0, 0x70, 0xE0, 0x70, 0xE0, 0xE0,
    0xFF, 0xC0, 0xE0, 0x00, 0xE0, 0x00, 0xE0, 0x00, 0xE0, 0x00, 0xE0, 0x00, 0xE0, 0x00, 0x00, 0x00,
    0x00, 0x00, 0x00, 0x00, 0x00, 0x00, 0x00, 0x00, 0x00, 0x00, 0x0F, 0xE0, 0x3C, 0x78, 0x70, 0x1C,
    0x70, 0x1C, 0xE0, 0x0E, 0xE0, 0x0E, 0xE0, 0x0E, 0xE0, 0x0E, 0xE0, 0x0E, 0xE0, 0x0E, 0x71, 0xDC,
    0x70, 0xFC, 0x3C, 0x78, 0x0F, 0xF8, 0x00, 0x1C, 0x00, 0x00, 0x00, 0x00, 0x00, 0x00, 0x00, 0x00,
    0x00, 0x00, 0xFF, 0xC0, 0xE0, 0xE0, 0xE0, 0x70, 0xE0, 0x70, 0xE0, 0x70, 0xE0, 0x70, 0xE0, 0xE0,
    0xFF, 0xC0, 0xE0, 0xE0, 0xE0, 0x70, 0xE0, 0x70, 0xE0, 0x70, 0xE0, 0x70, 0xE0, 0x70, 0x00, 0x00,
    0x00, 0x00, 0x00, 0x00, 0x00, 0x00, 0x00, 0x00, 0x00, 0x00, 0x3F, 0xC0, 0x70, 0xE0, 0xE0, 0x70,
    0xE0, 0x70, 0xE0, 0x00, 0x78, 0x00, 0x1F, 0x80, 0x01, 0xE0, 0x00, 0x70, 0xE0, 0x70, 0xE0, 0x70,
    0xE0, 0x70, 0x70, 0xE0, 0x3F, 0xC0, 0x00, 0x00, 0x00, 0x00, 0x00, 0x00, 0x00, 0x00, 0x00, 0x00,
    0x00, 0x00, 0xFF, 0xF8, 0x07, 0x00, 0x07, 0x00, 0x07, 0x00, 0x07, 0x00, 0x07, 0x00, 0x07, 0x00,
    0x07, 0x00, 0x07, 0x00, 0x07, 0x00, 0x07, 0x00, 0x07, 0x00, 0x07, 0x00, 0x07, 0x00, 0x00, 0x00,
    0x00, 0x00, 0x00, 0x00, 0x00, 0x00, 0x00, 0x00, 0x00, 0x00, 0xE0, 0x70, 0xE0, 0x70, 0xE0, 0x70,
    0xE0, 0x70, 0xE0, 0x70, 0xE0, 0x70, 0xE0, 0x70, 0xE0, 0x70, 0xE0, 0x70, 0xE0, 0x70, 0xE0, 0x70,
    0x70, 0xE0, 0x79, 0xE0, 0x1F, 0x80, 0x00, 0x00, 0x00, 0x00, 0x00, 0x00, 0x00, 0x00, 0x00, 0x00,
    0x00, 0x00, 0xE0, 0x70, 0xE0, 0x70, 0xE0, 0x70, 0x70, 0xE0, 0x70, 0xE0, 0x70, 0xE0, 0x39, 0xC0,
    0x39, 0xC0, 0x39, 0xC0, 0x1F, 0x80, 0x1F, 0x80, 0x1F, 0x80, 0x0F, 0x00, 0x0F, 0x00, 0x00, 0x00,
    0x00, 0x00, 0x00, 0x00, 0x00, 0x00, 0x00, 0x00, 0x00, 0x00, 0x00, 0xE0, 0xE0, 0xE0, 0xE0, 0xE0,
    0xE0, 0xE1, 0xF0, 0xE0, 0x71, 0xF1, 0xC0, 0x71, 0xF1, 0xC0, 0x73, 0xB9, 0xC0, 0x3B, 0xBB, 0x80,
    0x3B, 0xBB, 0x80, 0x3F, 0x1F, 0x80, 0x1F, 0x1F, 0x00, 0x1F, 0x1F, 0x00, 0x0E, 0x0E, 0x00, 0x0E,
    0x0E, 0x00, 0x0E, 0x0E, 0x00, 0x00, 0x00, 0x00, 0x00, 0x00, 0x00, 0x00, 0x00, 0x00, 0x00, 0x00,
    0x00, 0x00, 0x00, 0x00, 0x00, 0x00, 0xE0, 0xE0, 0xE0, 0xE0, 0x71, 0xC0, 0x3B, 0x80, 0x3B, 0x80,
    0x1F, 0x00, 0x0E, 0x00, 0x0E, 0x00, 0x1F, 0x00, 0x3B, 0x80, 0x3B, 0x80, 0x71, 0xC0, 0xE0, 0xE0,
    0xE0, 0xE0, 0x00, 0x00, 0x00, 0x00, 0x00, 0x00, 0x00, 0x00, 0x00, 0x00, 0x00, 0x00, 0xE0, 0x38,
    0xE0, 0x38, 0x70, 0x70, 0x38, 0xE0, 0x38, 0xE0, 0x1D, 0xC0, 0x0F, 0x80, 0x0F, 0x80, 0x07, 0x00,
    0x07, 0x00, 0x07, 0x00, 0x07, 0x00, 0x07, 0x00, 0x07, 0x00, 0x00, 0x00, 0x00, 0x00, 0x00, 0x00,
    0x00, 0x00, 0x00, 0x00, 0x00, 0x00, 0xFF, 0xF0, 0x00, 0x70, 0x00, 0xE0, 0x01, 0xC0, 0x03, 0x80,
    0x03, 0x80, 0x07, 0x00, 0x0E, 0x00, 0x1C, 0x00, 0x1C, 0x00, 0x38, 0x00, 0x70, 0x00, 0xE0, 0x00,
    0xFF, 0xF0, 0x00, 0x00, 0x00, 0x00, 0x00, 0x00, 0x00, 0x00, 0x00, 0x00, 0xFE, 0xE0, 0xE0, 0xE0,
    0xE0, 0xE0, 0xE0, 0xE0, 0xE0, 0xE0, 0xE0, 0xE0, 0xE0, 0xE0, 0xE0, 0xE0, 0xE0, 0xE0, 0xFE, 0x00,
    0x00, 0x00, 0xE0, 0x00, 0xE0, 0x00, 0x70, 0x00, 0x70, 0x00, 0x38, 0x00, 0x38, 0x00, 0x1C, 0x00,
    0x1C, 0x00, 0x0E, 0x00, 0x0E, 0x00, 0x07, 0x00, 0x07, 0x00, 0x03, 0x80, 0x03, 0x80, 0x00, 0x00,
    0x00, 0x00, 0x00, 0x00, 0x00, 0x00, 0x00, 0x00, 0xFE, 0x0E, 0x0E, 0x0E, 0x0E, 0x0E, 0x0E, 0x0E,
    0x0E, 0x0E, 0x0E, 0x0E, 0x0E, 0x0E, 0x0E, 0x0E, 0x0E, 0x0E, 0xFE, 0x00, 0x00, 0x00, 0x1C, 0x00,
    0x3E, 0x00, 0x77, 0x00, 0xE3, 0x80, 0x00, 0x00, 0x00, 0x00, 0x00, 0x00, 0x00, 0x00, 0x00, 0x00,
    0x00, 0x00, 0x00, 0x00, 0x00, 0x00, 0x00, 0x00, 0x00, 0x00, 0x00, 0x00, 0x00, 0x00, 0x00, 0x00,
    0x00, 0x00, 0x00, 0x00, 0x00, 0x00, 0x00, 0x00, 0x00, 0x00, 0x00, 0x00, 0x00, 0x00, 0x00, 0x00,
    0x00, 0x00, 0x00, 0x00, 0x00, 0x00, 0x00, 0x00, 0x00, 0x00, 0x00, 0x00, 0x00, 0x00, 0x00, 0x00,
    0x00, 0x00, 0x00, 0x00, 0xFF, 0xE0, 0xFF, 0xE0, 0x00, 0x00, 0x00, 0x00, 0x00, 0x00, 0x70, 0xF8,
    0xF8, 0xE0, 0x70, 0x38, 0x18, 0x00, 0x00, 0x00, 0x00, 0x00, 0x00, 0x00, 0x00, 0x00, 0x00, 0x00,
    0x00, 0x00, 0x00, 0x00, 0x00, 0x00, 0x00, 0x00, 0x00, 0x00, 0x3F, 0xC0, 0x70, 0xE0, 0x70, 0xE0,
    0x00, 0xE0, 0x3F, 0xE0, 0x70, 0xE0, 0xE0, 0xE0, 0xE0, 0xE0, 0x71, 0xE0, 0x3F, 0xF0, 0x00, 0x00,
    0x00, 0x00, 0x00, 0x00, 0x00, 0x00, 0x00, 0x00, 0x00, 0x00, 0xE0, 0x00, 0xE0, 0x00, 0xE0, 0x00,
    0xE0, 0x00, 0xFF, 0x00, 0xF3, 0x80, 0xE1, 0xC0, 0xE0, 0xE0, 0xE0, 0xE0, 0xE0, 0xE0, 0xE0, 0xE0,
    0xE1, 0xC0, 0xF3, 0x80, 0xFF, 0x00, 0x00, 0x00, 0x00, 0x00, 0x00, 0x00, 0x00, 0x00, 0x00, 0x00,
    0x00, 0x00, 0x00, 0x00, 0x00, 0x00, 0x00, 0x00, 0x00, 0x00, 0x1F, 0xC0, 0x38, 0xE0, 0x70, 0x70,
    0xE0, 0x70, 0xE0, 0x00, 0xE0, 0x00, 0xE0, 0x70, 0x70, 0x70, 0x38, 0xE0, 0x1F, 0xC0, 0x00, 0x00,
    0x00, 0x00, 0x00, 0x00, 0x00, 0x00, 0x00, 0x00, 0x00, 0x00, 0x00, 0xE0, 0x00, 0xE0, 0x00, 0xE0,
    0x00, 0xE0, 0x1F, 0xE0, 0x39, 0xE0, 0x70, 0xE0, 0xE0, 0xE0, 0xE0, 0xE0, 0xE0, 0xE0, 0xE0, 0xE0,
    0x70, 0xE0, 0x39, 0xE0, 0x1F, 0xE0, 0x00, 0x00, 0x00, 0x00, 0x00, 0x00, 0x00, 0x00, 0x00, 0x00,
    0x00, 0x00, 0x00, 0x00, 0x00, 0x00, 0x00, 0x00, 0x00, 0x00, 0x3F, 0x80, 0x71, 0xC0, 0xE0, 0xE0,
    0xE0, 0xE0, 0xFF, 0xE0, 0xE0, 0x00, 0xE0, 0x00, 0xE0, 0xE0, 0x71, 0xC0, 0x3F, 0x80, 0x00, 0x00,
    0x00, 0x00, 0x00, 0x00, 0x00, 0x00, 0x00, 0x00, 0x00, 0x1F, 0x38, 0x38, 0x38, 0xFF, 0x38, 0x38,
    0x38, 0x38, 0x38, 0x38, 0x38, 0x38, 0x38, 0x00, 0x00, 0x00, 0x00, 0x00, 0x00, 0x00, 0x00, 0x00,
    0x00, 0x00, 0x00, 0x00, 0x00, 0x00, 0x1F, 0xE0, 0x39, 0xE0, 0x70, 0xE0, 0xE0, 0xE0, 0xE0, 0xE0,
    0xE0, 0xE0, 0xE0, 0xE0, 0x70, 0xE0, 0x39, 0xE0, 0x1F, 0xE0, 0x00, 0xE0, 0xE0, 0xE0, 0x71, 0xC0,
    0x3F, 0x80, 0x00, 0x00, 0x00, 0x00, 0xE0, 0x00, 0xE0, 0x00, 0xE0, 0x00, 0xE0, 0x00, 0xFF, 0x00,
    0xF3, 0x80, 0xE1, 0xC0, 0xE1, 0xC0, 0xE1, 0xC0, 0xE1, 0xC0, 0xE1, 0xC0, 0xE1, 0xC0, 0xE1, 0xC0,
    0xE1, 0xC0, 0x00, 0x00, 0x00, 0x00, 0x00, 0x00, 0x00, 0x00, 0x00, 0x00, 0x00, 0xE0, 0xE0, 0x00,
    0x00, 0xE0, 0xE0, 0xE0, 0xE0, 0xE0, 0xE0, 0xE0, 0xE0, 0xE0, 0xE0, 0x00, 0x00, 0x00, 0x00, 0x00,
    0x00, 0x38, 0x38, 0x00, 0x00, 0x38, 0x38, 0x38, 0x38, 0x38, 0x38, 0x38, 0x38, 0x38, 0x38, 0x38,
    0x38, 0xF0, 0x00, 0x00, 0x00, 0x00, 0xE0, 0x00, 0xE0, 0x00, 0xE0, 0x00, 0xE0, 0x00, 0xE3, 0x80,
    0xE7, 0x00, 0xEE, 0x00, 0xFC, 0x00, 0xFE, 0x00, 0xF7, 0x00, 0xE7, 0x00, 0xE3, 0x80, 0xE1, 0xC0,
    0xE1, 0xC0, 0x00, 0x00, 0x00, 0x00, 0x00, 0x00, 0x00, 0x00, 0x00, 0x00, 0x00, 0xE0, 0xE0, 0xE0,
    0xE0, 0xE0, 0xE0, 0xE0, 0xE0, 0xE0, 0xE0, 0xE0, 0xE0, 0xE0, 0xE0, 0x00, 0x00, 0x00, 0x00, 0x00,
    0x00, 0x00, 0x00, 0x00, 0x00, 0x00, 0x00, 0x00, 0x00, 0x00, 0xFF, 0xFC, 0xF3, 0xCE, 0xE3, 0x8E,
    0xE3, 0x8E, 0xE3, 0x8E, 0xE3, 0x8E, 0xE3, 0x8E, 0xE3, 0x8E, 0xE3, 0x8E, 0xE3, 0x8E, 0x00, 0x00,
    0x00, 0x00, 0x00, 0x00, 0x00, 0x00, 0x00, 0x00, 0x00, 0x00, 0x00, 0x00, 0x00, 0x00, 0x00, 0x00,
    0x00, 0x00, 0xFF, 0x00, 0xF3, 0x80, 0xE1, 0xC0, 0xE1, 0xC0, 0xE1, 0xC0, 0xE1, 0xC0, 0xE1, 0xC0,
    0xE1, 0xC0, 0xE1, 0xC0, 0xE1, 0xC0, 0x00, 0x00, 0x00, 0x00, 0x00, 0x00, 0x00, 0x00, 0x00, 0x00,
    0x00, 0x00, 0x00, 0x00, 0x00, 0x00, 0x00, 0x00, 0x00, 0x00, 0x1F, 0x80, 0x39, 0xC0, 0x70, 0xE0,
    0xE0, 0x70, 0xE0, 0x70, 0xE0, 0x70, 0xE0, 0x70, 0x70, 0xE0, 0x39, 0xC0, 0x1F, 0x80, 0x00, 0x00,
    0x00, 0x00, 0x00, 0x00, 0x00, 0x00, 0x00, 0x00, 0x00, 0x00, 0x00, 0x00, 0x00, 0x00, 0x00, 0x00,
    0x00, 0x00, 0xFF, 0x00, 0xF3, 0x80, 0xE1, 0xC0, 0xE0, 0xE0, 0xE0, 0xE0, 0xE0, 0xE0, 0xE0, 0xE0,
    0xE1, 0xC0, 0xF3, 0x80, 0xFF, 0x00, 0xE0, 0x00, 0xE0, 0x00, 0xE0, 0x00, 0xE0, 0x00, 0x00, 0x00,
    0x00, 0x00, 0x00, 0x00, 0x00, 0x00, 0x00, 0x00, 0x00, 0x00, 0x1F, 0xE0, 0x39, 0xE0, 0x70, 0xE0,
    0xE0, 0xE0, 0xE0, 0xE0, 0xE0, 0xE0, 0xE0, 0xE0, 0x70, 0xE0, 0x39, 0xE0, 0x1F, 0xE0, 0x00, 0xE0,
    0x00, 0xE0, 0x00, 0xE0, 0x00, 0xE0, 0x00, 0x00, 0x00, 0x00, 0x00, 0x00, 0x00, 0xFF, 0xF8, 0xF0,
    0xE0, 0xE0, 0xE0, 0xE0, 0xE0, 0xE0, 0xE0, 0x00, 0x00, 0x00, 0x00, 0x00, 0x00, 0x00, 0x00, 0x00,
    0x00, 0x00, 0x00, 0x00, 0x00, 0x00, 0x3F, 0x00, 0x73, 0x80, 0xE1, 0xC0, 0xE0, 0x00, 0x7F, 0x00,
    0x03, 0x80, 0x01, 0xC0, 0xE1, 0xC0, 0x73, 0x80, 0x3F, 0x00, 0x00, 0x00, 0x00, 0x00, 0x00, 0x00,
    0x00, 0x00, 0x00, 0x00, 0x00, 0x00, 0x38, 0x38, 0x38, 0xFE, 0x38, 0x38, 0x38, 0x38, 0x38, 0x38,
    0x38, 0x38, 0x1E, 0x00, 0x00, 0x00, 0x00, 0x00, 0x00, 0x00, 0x00, 0x00, 0x00, 0x00, 0x00, 0x00,
    0x00, 0x00, 0xE1, 0xC0, 0xE1, 0xC0, 0xE1, 0xC0, 0xE1, 0xC0, 0xE1, 0xC0, 0xE1, 0xC0, 0xE1, 0xC0,
    0xE1, 0xC0, 0x73, 0xC0, 0x3F, 0xC0, 0x00, 0x00, 0x00, 0x00, 0x00, 0x00, 0x00, 0x00, 0x00, 0x00,
    0x00, 0x00, 0x00, 0x00, 0x00, 0x00, 0x00, 0x00, 0x00, 0x00, 0xE0, 0xE0, 0xE0, 0xE0, 0x71, 0xC0,
    0x71, 0xC0, 0x3B, 0x80, 0x3B, 0x80, 0x1F, 0x00, 0x1F, 0x00, 0x0E, 0x00, 0x0E, 0x00, 0x00, 0x00,
    0x00, 0x00, 0x00, 0x00, 0x00, 0x00, 0x00, 0x00, 0x00, 0x00, 0x00, 0x00, 0x00, 0x00, 0x00, 0x00,
    0x00, 0x00, 0xE3, 0x8E, 0xE3, 0x8E, 0x77, 0xDC, 0x77, 0xDC, 0x76, 0xDC, 0x3E, 0xF8, 0x3E, 0xF8,
    0x1C, 0x70, 0x1C, 0x70, 0x1C, 0x70, 0x00, 0x00, 0x00, 0x00, 0x00, 0x00, 0x00, 0x00, 0x00, 0x00,
    0x00, 0x00, 0x00, 0x00, 0x00, 0x00, 0x00, 0x00, 0x00, 0x00, 0xE3, 0x80, 0xE3, 0x80, 0x77, 0x00,
    0x3E, 0x00, 0x1C, 0x00, 0x1C, 0x00, 0x3E, 0x00, 0x77, 0x00, 0xE3, 0x80, 0xE3, 0x80, 0x00, 0x00,
    0x00, 0x00, 0x00, 0x00, 0x00, 0x00, 0x00, 0x00, 0x00, 0x00, 0x00, 0x00, 0x00, 0x00, 0x00, 0x00,
    0x00, 0x00, 0xE0, 0xE0, 0xE0, 0xE0, 0x71, 0xC0, 0x71, 0xC0, 0x3B, 0x80, 0x3B, 0x80, 0x1F, 0x00,
    0x1F, 0x00, 0x0E, 0x00, 0x0E, 0x00, 0x0E, 0x00, 0xFC, 0x00, 0x78, 0x00, 0x00, 0x00, 0x00, 0x00,
    0x00, 0x00, 0x00, 0x00, 0x00, 0x00, 0x00, 0x00, 0x00, 0x00, 0xFF, 0xC0, 0x01, 0xC0, 0x03, 0x80,
    0x07, 0x00, 0x0E, 0x00, 0x1C, 0x00, 0x38, 0x00, 0x70, 0x00, 0xE0, 0x00, 0xFF, 0xC0, 0x00, 0x00,
    0x00, 0x00, 0x00, 0x00, 0x00, 0x00, 0x00, 0x00, 0x0F, 0x80, 0x1C, 0x00, 0x38, 0x00, 0x38, 0x00,
    0x38, 0x00, 0x38, 0x00, 0x38, 0x00, 0x38, 0x00, 0x38, 0x00, 0xF0, 0x00, 0x38, 0x00, 0x38, 0x00,
    0x38, 0x00, 0x38, 0x00, 0x38, 0x00, 0x38, 0x00, 0x38, 0x00, 0x1C, 0x00, 0x0F, 0x80, 0x00, 0x00,
    0x00, 0xE0, 0xE0, 0xE0, 0xE0, 0xE0, 0xE0, 0xE0, 0xE0, 0xE0, 0xE0, 0xE0, 0xE0, 0xE0, 0xE0, 0xE0,
    0xE0, 0xE0, 0x00, 0x00, 0xF8, 0x00, 0x1C, 0x00, 0x0E, 0x00, 0x0E, 0x00, 0x0E, 0x00, 0x0E, 0x00,
    0x0E, 0x00, 0x0E, 0x00, 0x07, 0x80, 0x0E, 0x00, 0x0E, 0x00, 0x0E, 0x00, 0x0E, 0x00, 0x0E, 0x00,
    0x0E, 0x00, 0x0E, 0x00, 0x0E, 0x00, 0x1C, 0x00, 0xF8, 0x00, 0x00, 0x00, 0x00, 0x00, 0x00, 0x00,
    0x00, 0x00, 0x00, 0x00, 0x00, 0x00, 0x00, 0x00, 0x7C, 0x70, 0xEF, 0x70, 0xE3, 0xE0, 0x00, 0x00,
    0x00, 0x00, 0x00, 0x00, 0x00, 0x00, 0x00, 0x00, 0x00, 0x00, 0x00, 0x00, 0x00, 0x00, 0x00, 0x00,
    0x00, 0x00, 0x00, 0x00, 0x00, 0x00, 0x07, 0x00, 0x0F, 0x80, 0x1F, 0x80, 0x1C, 0x00, 0x1C, 0x00,
    0x1C, 0x00, 0x1C, 0x00, 0x1C, 0x00, 0x1C, 0x00, 0x1C, 0x00, 0x1C, 0x00, 0x1C, 0x00, 0xFC, 0x00,
    0xF8, 0x00, 0x70, 0x00, 0x00, 0x00, 0x00, 0x00, 0x00, 0x00, 0x00, 0x00,
};

const display_font_t font_swiss20b = {
    .glyphs = swiss20b_glyphs,
    .bitmap = swiss20b_bitmap,
    .family = &font_family_swiss20,
    .first_character = 0,
    .glyph_count = 128,
    .height = 20,
    .baseline = 15,
    .fallback_character = 63,
    .style = 1,
};

static const display_font_glyph_t swiss20bi_glyphs[] = {
    { 0, 8, 14, 3, 1 }, /* 0x00 */
    { 20, 11, 14, 2, 1 }, /* 0x01 */
    { 60, 12, 14, 1, 1 }, /* 0x02 */
    { 100, 14, 14, 0, 1 }, /* 0x03 */
    { 140, 9, 14, 3, 1 }, /* 0x04 */
    { 180, 9, 14, 3, 1 }, /* 0x05 */
    { 220, 11, 14, 2, 1 }, /* 0x06 */
    { 260, 11, 14, 3, 1 }, /* 0x07 */
    { 300, 9, 14, 2, 1 }, /* 0x08 */
    { 340, 12, 14, 2, 1 }, /* 0x09 */
    { 380, 12, 14, 2, 1 }, /* 0x0A */
    { 420, 9, 12, 3, 1 }, /* 0x0B */
    { 460, 10, 14, 2, 1 }, /* 0x0C */
    { 500, 11, 14, 2, 1 }, /* 0x0D */
    { 540, 12, 14, 1, 1 }, /* 0x0E */
    { 580, 12, 14, 2, 1 }, /* 0x0F */
    { 620, 10, 14, 3, 1 }, /* 0x10 */
    { 660, 10, 14, 2, 1 }, /* 0x11 */
    { 700, 11, 14, 2, 1 }, /* 0x12 */
    { 740, 12, 14, 2, 1 }, /* 0x13 */
    { 780, 12, 14, 2, 1 }, /* 0x14 */
    { 820, 12, 14, 2, 1 }, /* 0x15 */
    { 860, 13, 14, 1, 1 }, /* 0x16 */
    { 900, 13, 14, 1, 1 }, /* 0x17 */
    { 940, 11, 14, 2, 1 }, /* 0x18 */
    { 980, 11, 14, 2, 1 }, /* 0x19 */
    { 1020, 12, 14, 2, 1 }, /* 0x1A */
    { 1060, 10, 14, 3, 1 }, /* 0x1B */
    { 1100, 11, 14, 2, 1 }, /* 0x1C */
    { 1140, 10, 14, 2, 1 }, /* 0x1D */
    { 1180, 15, 14, 0, 1 }, /* 0x1E */
    { 1220, 9, 14, 3, 1 }, /* 0x1F */
    { 1260, 0, 11, -3, 1 }, /* 0x20 */
    { 1260, 6, 6, 1, 1 }, /* 0x21 */
    { 1280, 7, 9, 3, 1 }, /* 0x22 */
    { 1300, 15, 17, 1, 1 }, /* 0x23 */
    { 1340, 14, 15, 1, 1 }, /* 0x24 */
    { 1380, 16, 20, 3, 1 }, /* 0x25 */
    { 1420, 14, 17, 1, 1 }, /* 0x26 */
    { 1460, 4, 6, 3, 1 }, /* 0x27 */
    { 1480, 10, 10, 1, 1 }, /* 0x28 */
    { 1520, 10, 10, 0, 1 }, /* 0x29 */
    { 1560, 10, 12, 3, 1 }, /* 0x2A */
    { 1600, 13, 16, 2, 1 }, /* 0x2B */
    { 1640, 5, 7, 0, 1 }, /* 0x2C */
    { 1660, 10, 13, 2, 1 }, /* 0x2D */
    { 1700, 3, 6, 1, 1 }, /* 0x2E */
    { 1720, 12, 12, 1, 1 }, /* 0x2F */
    { 1760, 13, 15, 2, 1 }, /* 0x30 */
    { 1800, 8, 15, 5, 1 }, /* 0x31 */
    { 1820, 15, 15, 1, 1 }, /* 0x32 */
    { 1860, 15, 15, 1, 1 }, /* 0x33 */
    { 1900, 12, 15, 2, 1 }, /* 0x34 */
    { 1940, 15, 15, 1, 1 }, /* 0x35 */
    { 1980, 14, 15, 2, 1 }, /* 0x36 */
    { 2020, 13, 15, 3, 1 }, /* 0x37 */
    { 2060, 14, 15, 1, 1 }, /* 0x38 */
    { 2100, 15, 15, 1, 1 }, /* 0x39 */
    { 2140, 5, 6, 1, 1 }, /* 0x3A */
    { 2160, 7, 7, 0, 1 }, /* 0x3B */
    { 2180, 11, 12, 2, 1 }, /* 0x3C */
    { 2220, 10, 12, 2, 1 }, /* 0x3D */
    { 2260, 11, 12, 1, 1 }, /* 0x3E */
    { 2300, 11, 13, 3, 1 }, /* 0x3F */
    { 2340, 19, 21, 2, 1 }, /* 0x40 */
    { 2400, 14, 17, 1, 1 }, /* 0x41 */
    { 2440, 15, 16, 1, 1 }, /* 0x42 */
    { 2480, 15, 17, 2, 1 }, /* 0x43 */
    { 2520, 15, 16, 1, 1 }, /* 0x44 */
    { 2560, 15, 15, 1, 1 }, /* 0x45 */
    { 2600, 14, 14, 1, 1 }, /* 0x46 */
    { 2640, 15, 17, 2, 1 }, /* 0x47 */
    { 2680, 16, 16, 1, 1 }, /* 0x48 */
    { 2720, 6, 8, 2, 1 }, /* 0x49 */
    { 2740, 13, 13, 1, 1 }, /* 0x4A */
    { 2780, 14, 15, 1, 1 }, /* 0x4B */
    { 2820, 11, 14, 1, 1 }, /* 0x4C */
    { 2860, 18, 18, 1, 1 }, /* 0x4D */
    { 2920, 16, 16, 1, 1 }, /* 0x4E */
    { 2960, 16, 18, 2, 1 }, /* 0x4F */
    { 3000, 15, 15, 1, 1 }, /* 0x50 */
    { 3040, 16, 18, 2, 1 }, /* 0x51 */
    { 3080, 15, 15, 1, 1 }, /* 0x52 */
    { 3120, 15, 15, 1, 1 }, /* 0x53 */
    { 3160, 13, 16, 4, 1 }, /* 0x54 */
    { 3200, 14, 15, 2, 1 }, /* 0x55 */
    { 3240, 12, 15, 4, 1 }, /* 0x56 */
    { 3280, 19, 22, 4, 1 }, /* 0x57 */
    { 3340, 14, 14, 1, 1 }, /* 0x58 */
    { 3380, 13, 16, 4, 1 }, /* 0x59 */
    { 3420, 15, 15, 1, 1 }, /* 0x5A */
    { 3460, 11, 10, 0, 1 }, /* 0x5B */
    { 3500, 6, 12, 4, 1 }, /* 0x5C */
    { 3520, 11, 10, 0, 1 }, /* 0x5D */
    { 3560, 9, 12, 3, 1 }, /* 0x5E */
    { 3600, 11, 14, -1, 1 }, /* 0x5F */
    { 3640, 6, 14, 6, 1 }, /* 0x60 */
    { 3660, 13, 15, 1, 1 }, /* 0x61 */
    { 3700, 12, 14, 1, 1 }, /* 0x62 */
    { 3740, 13, 15, 2, 1 }, /* 0x63 */
    { 3780, 13, 14, 2, 1 }, /* 0x64 */
    { 3820, 13, 14, 1, 1 }, /* 0x65 */
    { 3860, 9, 11, 3, 1 }, /* 0x66 */
    { 3900, 14, 14, 0, 1 }, /* 0x67 */
    { 3940, 12, 14, 1, 1 }, /* 0x68 */
    { 3980, 6, 8, 2, 1 }, /* 0x69 */
    { 4000, 9, 8, -1, 1 }, /* 0x6A */
    { 4040, 11, 13, 1, 1 }, /* 0x6B */
    { 4080, 6, 8, 2, 1 }, /* 0x6C */
    { 4100, 17, 18, 1, 1 }, /* 0x6D */
    { 4160, 12, 13, 1, 1 }, /* 0x6E */
    { 4200, 12, 15, 2, 1 }, /* 0x6F */
    { 4240, 13, 14, 0, 1 }, /* 0x70 */
    { 4280, 12, 14, 2, 1 }, /* 0x71 */
    { 4320, 10, 10, 1, 1 }, /* 0x72 */
    { 4360, 12, 13, 1, 1 }, /* 0x73 */
    { 4400, 7, 10, 3, 1 }, /* 0x74 */
    { 4420, 12, 13, 1, 1 }, /* 0x75 */
    { 4460, 11, 14, 3, 1 }, /* 0x76 */
    { 4500, 15, 18, 3, 1 }, /* 0x77 */
    { 4540, 11, 12, 1, 1 }, /* 0x78 */
    { 4580, 14, 14, 0, 1 }, /* 0x79 */
    { 4620, 12, 13, 1, 1 }, /* 0x7A */
    { 4660, 11, 12, 2, 1 }, /* 0x7B */
    { 4700, 7, 6, 0, 1 }, /* 0x7C */
    { 4720, 11, 12, 0, 1 }, /* 0x7D */
    { 4760, 13, 15, 2, 1 }, /* 0x7E */
    { 4800, 12, 14, 1, 1 }, /* 0x7F */
};

static const uint8_t swiss20bi_bitmap[] = {
    0x00, 0x00, 0x00, 0x00, 0x00, 0x00, 0x00, 0x1E, 0x7E, 0xFF, 0xFF, 0xFF, 0xFC, 0x78, 0x00, 0x00,
    0x00, 0x00, 0x00, 0x00, 0x00, 0x00, 0x00, 0x00, 0x03, 0x80, 0x03, 0x80, 0x07, 0x00, 0x07, 0x00,
    0x07, 0x00, 0x07, 0x00, 0x0E, 0x00, 0x0E, 0x00, 0xCE, 0x60, 0xEE, 0xE0, 0xFF, 0x80, 0x7F, 0x00,
    0x3E, 0x00, 0x1C, 0x00, 0x00, 0x00, 0x00, 0x00, 0x00, 0x00, 0x00, 0x00, 0x00, 0x00, 0x00, 0x00,
    0x00, 0x00, 0x00, 0x00, 0x00, 0x00, 0x00, 0x00, 0x00, 0x00, 0x00, 0x00, 0x00, 0x70, 0x3E, 0xE0,
    0x7F, 0xE0, 0x77, 0xC0, 0xE7, 0x00, 0xEF, 0x80, 0xFD, 0xC0, 0x78, 0xE0, 0x00, 0x00, 0x00, 0x00,
    0x00, 0x00, 0x00, 0x00, 0x00, 0x00, 0x01, 0xF8, 0x03, 0xFC, 0x07, 0x1C, 0x0E, 0x38, 0x0E, 0x38,
    0x1C, 0x38, 0x1F, 0xF0, 0x3F, 0xE0, 0x38, 0x70, 0x38, 0x70, 0x38, 0x70, 0x70, 0xE0, 0x70, 0xE0,
    0x7F, 0xC0, 0x7F, 0xC0, 0xE0, 0x00, 0xE0, 0x00, 0xE0, 0x00, 0xE0, 0x00, 0x00, 0x00, 0x00, 0x00,
    0x00, 0x00, 0x00, 0x00, 0x00, 0x00, 0x00, 0x00, 0x00, 0x00, 0x00, 0x00, 0x1C, 0x00, 0x3E, 0x00,
    0x77, 0x00, 0xE3, 0x80, 0x00, 0x00, 0x00, 0x00, 0x00, 0x00, 0x00, 0x00, 0x00, 0x00, 0x00, 0x00,
    0x00, 0x00, 0x00, 0x00, 0x00, 0x00, 0x00, 0x00, 0x00, 0x00, 0x00, 0x00, 0x00, 0x00, 0x00, 0x00,
    0x00, 0x00, 0x00, 0x00, 0xFF, 0x80, 0xFF, 0x80, 0x03, 0x80, 0x03, 0x80, 0x07, 0x00, 0x00, 0x00,
    0x00, 0x00, 0x00, 0x00, 0x00, 0x00, 0x00, 0x00, 0x00, 0x00, 0x00, 0x00, 0x00, 0x00, 0x00, 0x00,
    0x00, 0x00, 0x00, 0x00, 0x0F, 0xC0, 0x1F, 0xE0, 0x3C, 0xE0, 0x38, 0x00, 0x70, 0x00, 0x7F, 0x80,
    0x7F, 0x80, 0x70, 0x00, 0xE0, 0x00, 0xF3, 0x80, 0x7F, 0x80, 0x3F, 0x00, 0x00, 0x00, 0x00, 0x00,
    0x00, 0x00, 0x00, 0x00, 0x00, 0x00, 0x00, 0x00, 0x00, 0x00, 0x00, 0x00, 0xFF, 0xE0, 0xFF, 0xE0,
    0x39, 0xC0, 0x39, 0xC0, 0x73, 0x80, 0x73, 0x80, 0x73, 0x80, 0x73, 0x80, 0xE7, 0x00, 0xE7, 0x00,
    0xE7, 0x00, 0xE7, 0x00, 0x00, 0x00, 0x00, 0x00, 0x00, 0x00, 0x00, 0x00, 0x00, 0x00, 0x00, 0x00,
    0x1C, 0x00, 0x1C, 0x00, 0x1C, 0x00, 0x1C, 0x00, 0x0E, 0x00, 0x0E, 0x00, 0x0E, 0x00, 0x0E, 0x00,
    0x1F, 0x00, 0x1F, 0x00, 0x77, 0x00, 0x77, 0x00, 0xE3, 0x80, 0xE3, 0x80, 0x00, 0x00, 0x00, 0x00,
    0x00, 0x00, 0x00, 0x00, 0x00, 0x00, 0x00, 0x00, 0x00, 0x00, 0x18, 0x30, 0x38, 0xE0, 0x1D, 0xC0,
    0x0F, 0x80, 0x07, 0x00, 0x1F, 0x00, 0x3B, 0x80, 0x71, 0xC0, 0x71, 0xC0, 0xE3, 0x80, 0xE3, 0x80,
    0xE3, 0x80, 0x7F, 0x00, 0x7C, 0x00, 0x00, 0x00, 0x00, 0x00, 0x00, 0x00, 0x00, 0x00, 0x00, 0x00,
    0x03, 0xE0, 0x07, 0xF0, 0x1C, 0xE0, 0x1C, 0x00, 0x0E, 0x00, 0x07, 0x00, 0x07, 0x00, 0x0F, 0x80,
    0x1D, 0xC0, 0x39, 0xC0, 0xE1, 0xC0, 0xE1, 0xC0, 0xE1, 0xC0, 0x7F, 0x80, 0x7E, 0x00, 0x00, 0x00,
    0x00, 0x00, 0x00, 0x00, 0x00, 0x00, 0x00, 0x00, 0x00, 0x00, 0x00, 0x00, 0x1C, 0x00, 0x3E, 0x00,
    0x7F, 0x00, 0xFF, 0x80, 0x38, 0x00, 0x38, 0x00, 0x38, 0x00, 0x38, 0x00, 0x70, 0x00, 0x70, 0x00,
    0x70, 0x00, 0x00, 0x00, 0x00, 0x00, 0x00, 0x00, 0x00, 0x00, 0x00, 0x00, 0x00, 0x00, 0x00, 0x00,
    0x00, 0x00, 0x00, 0x00, 0x00, 0x00, 0x07, 0x00, 0x07, 0x00, 0x07, 0x00, 0x7F, 0xC0, 0x7F, 0xC0,
    0x0E, 0x00, 0x0E, 0x00, 0x1C, 0x00, 0x00, 0x00, 0xFF, 0x80, 0xFF, 0x80, 0x00, 0x00, 0x00, 0x00,
    0x00, 0x00, 0x00, 0x00, 0x00, 0x00, 0x00, 0x00, 0x00, 0x00, 0x00, 0x00, 0x00, 0x00, 0x0F, 0x80,
    0x1F, 0xC0, 0x3F, 0xE0, 0xEE, 0xE0, 0xFF, 0xE0, 0xFF, 0xE0, 0xEE, 0xE0, 0xFF, 0x80, 0x7F, 0x00,
    0x3E, 0x00, 0x00, 0x00, 0x00, 0x00, 0x00, 0x00, 0x00, 0x00, 0x00, 0x00, 0x00, 0x00, 0x00, 0x00,
    0x00, 0x00, 0x00, 0x00, 0x00, 0x00, 0x00, 0x00, 0x1F, 0xF0, 0x1F, 0xF0, 0x77, 0x70, 0x77, 0x70,
    0x77, 0x70, 0x77, 0x70, 0xEE, 0xE0, 0x7F, 0xC0, 0x7F, 0xC0, 0x00, 0x00, 0x00, 0x00, 0x00, 0x00,
    0x00, 0x00, 0x00, 0x00, 0x00, 0x00, 0x07, 0xC0, 0x07, 0xE0, 0x00, 0xF0, 0x00, 0xE0, 0x00, 0xE0,
    0x0F, 0xE0, 0x1F, 0xE0, 0x7B, 0xC0, 0x71, 0xC0, 0x71, 0xC0, 0x71, 0xC0, 0xE3, 0x80, 0xF7, 0x80,
    0x7F, 0x00, 0x3C, 0x00, 0x00, 0x00, 0x00, 0x00, 0x00, 0x00, 0x00, 0x00, 0x00, 0x00, 0x00, 0x00,
    0x00, 0x00, 0x00, 0x00, 0x00, 0x00, 0x00, 0x00, 0x1F, 0xC0, 0x3F, 0xC0, 0xE0, 0x00, 0xE0, 0x00,
    0xE0, 0x00, 0xE0, 0x00, 0xFF, 0x00, 0x7F, 0x00, 0x00, 0x00, 0x00, 0x00, 0x00, 0x00, 0x00, 0x00,
    0x00, 0x00, 0x00, 0x00, 0x00, 0x00, 0x00, 0x00, 0x00, 0x00, 0x00, 0x00, 0x00, 0x00, 0x00, 0x00,
    0x3F, 0x80, 0x3F, 0xC0, 0x01, 0xC0, 0x01, 0xC0, 0x01, 0xC0, 0x01, 0xC0, 0xFF, 0x00, 0xFE, 0x00,
    0x00, 0x00, 0x00, 0x00, 0x00, 0x00, 0x00, 0x00, 0x00, 0x00, 0x00, 0x00, 0x00, 0x00, 0x00, 0x00,
    0x07, 0xC0, 0x0F, 0xE0, 0x38, 0xE0, 0x38, 0xE0, 0x38, 0xE0, 0x38, 0xE0, 0x71, 0xC0, 0x71, 0xC0,
    0x71, 0xC0, 0x71, 0xC0, 0xE3, 0x80, 0xE3, 0x80, 0xE3, 0x80, 0x00, 0x00, 0x00, 0x00, 0x00, 0x00,
    0x00, 0x00, 0x00, 0x00, 0x00, 0x00, 0x00, 0x00, 0x00, 0x00, 0x1C, 0x70, 0x38, 0xE0, 0x38, 0xE0,
    0x38, 0xE0, 0x38, 0xE0, 0x71, 0xC0, 0x71, 0xC0, 0x71, 0xC0, 0x71, 0xC0, 0xE3, 0x80, 0x7F, 0x00,
    0x3E, 0x00, 0x00, 0x00, 0x00, 0x00, 0x00, 0x00, 0x00, 0x00, 0x00, 0x00, 0x00, 0x00, 0x00, 0x00,
    0x1C, 0x70, 0x1C, 0x70, 0x38, 0xE0, 0x38, 0xE0, 0x38, 0xE0, 0x3F, 0xE0, 0x7F, 0xC0, 0x71, 0xC0,
    0x71, 0xC0, 0x71, 0xC0, 0xE3, 0x80, 0xF7, 0x80, 0x7F, 0x00, 0x3E, 0x00, 0x00, 0x00, 0x00, 0x00,
    0x00, 0x00, 0x00, 0x00, 0x00, 0x00, 0x00, 0x00, 0x1F, 0xF0, 0x1F, 0xF0, 0x00, 0xE0, 0x00, 0xE0,
    0x00, 0xE0, 0x00, 0xE0, 0x1F, 0xC0, 0x1F, 0xC0, 0x01, 0xC0, 0x01, 0xC0, 0x03, 0x80, 0x03, 0x80,
    0xFF, 0x80, 0xFF, 0x80, 0x00, 0x00, 0x00, 0x00, 0x00, 0x00, 0x00, 0x00, 0x00, 0x00, 0x00, 0x00,
    0x00, 0x00, 0x03, 0xC0, 0x1F, 0xE0, 0x38, 0x70, 0x3C, 0xF0, 0x7F, 0xF8, 0xEF, 0x70, 0xEF, 0x70,
    0xFF, 0xF0, 0x79, 0xE0, 0x7F, 0x80, 0x1E, 0x00, 0x00, 0x00, 0x00, 0x00, 0x00, 0x00, 0x00, 0x00,
    0x00, 0x00, 0x00, 0x00, 0x00, 0x00, 0x00, 0x00, 0x00, 0x00, 0x03, 0x80, 0x0E, 0x00, 0x1C, 0x00,
    0x3F, 0xF8, 0x3F, 0xF8, 0x38, 0x00, 0x1C, 0x00, 0x0E, 0x00, 0x03, 0x80, 0x03, 0x80, 0x01, 0xC0,
    0xFF, 0xE0, 0xFF, 0xE0, 0x03, 0x80, 0x07, 0x00, 0x0E, 0x00, 0x00, 0x00, 0x00, 0x00, 0x00, 0x00,
    0x00, 0x00, 0x00, 0x00, 0x00, 0x00, 0x0E, 0x00, 0x1C, 0x00, 0x38, 0x00, 0xFF, 0xE0, 0x70, 0x00,
    0x38, 0x00, 0x1C, 0x00, 0x00, 0x00, 0x00, 0x00, 0x00, 0x00, 0x00, 0x00, 0x00, 0x00, 0x00, 0x00,
    0x00, 0x00, 0x00, 0x00, 0x00, 0x00, 0x00, 0x00, 0x00, 0x00, 0x00, 0x00, 0x00, 0x00, 0x03, 0x80,
    0x01, 0xC0, 0x00, 0xE0, 0xFF, 0xE0, 0xFF, 0xE0, 0x01, 0xC0, 0x03, 0x80, 0x0E, 0x00, 0x00, 0x00,
    0x00, 0x00, 0x00, 0x00, 0x00, 0x00, 0x00, 0x00, 0x00, 0x00, 0x00, 0x00, 0x00, 0x00, 0x00, 0x00,
    0x00, 0x70, 0x00, 0x70, 0x01, 0xC0, 0x01, 0xC0, 0x3F, 0xE0, 0x3F, 0xE0, 0x0E, 0x00, 0x0E, 0x00,
    0x7F, 0xC0, 0x7F, 0xC0, 0x70, 0x00, 0x70, 0x00, 0xE0, 0x00, 0xE0, 0x00, 0x00, 0x00, 0x00, 0x00,
    0x00, 0x00, 0x00, 0x00, 0x00, 0x00, 0x07, 0x00, 0x07, 0x00, 0x07, 0x00, 0x1F, 0x00, 0x1F, 0x00,
    0x3B, 0x80, 0x71, 0xC0, 0xE3, 0x80, 0x77, 0x00, 0x3E, 0x00, 0x3E, 0x00, 0x38, 0x00, 0x38, 0x00,
    0x38, 0x00, 0x00, 0x00, 0x00, 0x00, 0x00, 0x00, 0x00, 0x00, 0x00, 0x00, 0x00, 0x00, 0x00, 0x00,
    0x00, 0x00, 0x00, 0x00, 0x00, 0x00, 0x00, 0xE0, 0x03, 0xC0, 0x0F, 0x00, 0x78, 0x00, 0x78, 0x00,
    0x1E, 0x00, 0x07, 0x80, 0x03, 0x80, 0x00, 0x00, 0xFF, 0x80, 0xFF, 0x80, 0x00, 0x00, 0x00, 0x00,
    0x00, 0x00, 0x00, 0x00, 0x00, 0x00, 0x00, 0x00, 0x00, 0x00, 0x00, 0x00, 0x00, 0x00, 0x38, 0x00,
    0x1E, 0x00, 0x07, 0x80, 0x03, 0xC0, 0x03, 0xC0, 0x0F, 0x00, 0x3C, 0x00, 0xE0, 0x00, 0x00, 0x00,
    0xFF, 0x80, 0xFF, 0x80, 0x00, 0x00, 0x00, 0x00, 0x00, 0x00, 0x00, 0x00, 0x00, 0x00, 0x00, 0x00,
    0x00, 0x00, 0x00, 0x00, 0x00, 0x00, 0x3F, 0xFE, 0x3F, 0xFE, 0x00, 0x00, 0x7F, 0xFC, 0x7F, 0xFC,
    0x00, 0x00, 0x7F, 0xFC, 0xFF, 0xF8, 0x00, 0x00, 0x00, 0x00, 0x00, 0x00, 0x00, 0x00, 0x00, 0x00,
    0x00, 0x00, 0x00, 0x00, 0x00, 0x00, 0x00, 0x00, 0x00, 0x00, 0x00, 0x00, 0x00, 0x00, 0x00, 0x00,
    0x00, 0x00, 0x00, 0x00, 0xE3, 0x80, 0x77, 0x00, 0x3E, 0x00, 0x1C, 0x00, 0x00, 0x00, 0x00, 0x00,
    0x00, 0x00, 0x00, 0x00, 0x00, 0x00, 0x00, 0x00, 0x00, 0x00, 0x00, 0x00, 0x00, 0x1C, 0x1C, 0x1C,
    0x38, 0x38, 0x38, 0x38, 0x70, 0x70, 0x70, 0x00, 0xE0, 0xE0, 0xE0, 0x00, 0x00, 0x00, 0x00, 0x00,
    0x00, 0x7E, 0x7E, 0x7E, 0xFC, 0xFC, 0x00, 0x00, 0x00, 0x00, 0x00, 0x00, 0x00, 0x00, 0x00, 0x00,
    0x00, 0x00, 0x00, 0x00, 0x00, 0x00, 0x01, 0xDC, 0x01, 0xDC, 0x03, 0xB8, 0x03, 0xB8, 0x1F, 0xFE,
    0x07, 0x70, 0x0E, 0xE0, 0x0E, 0xE0, 0x1D, 0xC0, 0xFF, 0xF0, 0x3B, 0x80, 0x3B, 0x80, 0x77, 0x00,
    0x77, 0x00, 0x00, 0x00, 0x00, 0x00, 0x00, 0x00, 0x00, 0x00, 0x00, 0x00, 0x01, 0xC0, 0x07, 0xF0,
    0x0F, 0xF8, 0x1D, 0xDC, 0x3B, 0xB8, 0x3B, 0x80, 0x1F, 0x80, 0x0F, 0xC0, 0x07, 0xE0, 0x07, 0x70,
    0x07, 0x38, 0x77, 0x38, 0xEE, 0x70, 0x7E, 0xE0, 0x3F, 0xC0, 0x0E, 0x00, 0x00, 0x00, 0x00, 0x00,
    0x00, 0x00, 0x00, 0x00, 0x00, 0x00, 0x3F, 0x1C, 0x73, 0x9C, 0x73, 0xB8, 0xE7, 0x70, 0xE7, 0xE0,
    0xE7, 0xE0, 0x7F, 0xC0, 0x03, 0xFE, 0x07, 0xE7, 0x07, 0xE7, 0x0E, 0xE7, 0x1D, 0xCE, 0x39, 0xCE,
    0x38, 0xFC, 0x00, 0x00, 0x00, 0x00, 0x00, 0x00, 0x00, 0x00, 0x00, 0x00, 0x00, 0x00, 0x03, 0xE0,
    0x07, 0x70, 0x0E, 0x38, 0x1C, 0x70, 0x0E, 0xE0, 0x07, 0xC0, 0x0F, 0x80, 0x3B, 0x9C, 0x71, 0xF8,
    0x70, 0xF8, 0x70, 0x70, 0xE1, 0xF0, 0x73, 0xB8, 0x3F, 0x1C, 0x00, 0x00, 0x00, 0x00, 0x00, 0x00,
    0x00, 0x00, 0x00, 0x00, 0x00, 0x70, 0x70, 0x70, 0xE0, 0xE0, 0x00, 0x00, 0x00, 0x00, 0x00, 0x00,
    0x00, 0x00, 0x00, 0x00, 0x00, 0x00, 0x00, 0x00, 0x00, 0x00, 0x01, 0xC0, 0x03, 0x80, 0x07, 0x00,
    0x0E, 0x00, 0x1C, 0x00, 0x1C, 0x00, 0x38, 0x00, 0x70, 0x00, 0x70, 0x00, 0x70, 0x00, 0x70, 0x00,
    0xE0, 0x00, 0x70, 0x00, 0x70, 0x00, 0x38, 0x00, 0x70, 0x00, 0x38, 0x00, 0x1C, 0x00, 0x00, 0x00,
    0x00, 0x00, 0x0E, 0x00, 0x07, 0x00, 0x03, 0x80, 0x07, 0x00, 0x03, 0x80, 0x03, 0x80, 0x01, 0xC0,
    0x03, 0x80, 0x03, 0x80, 0x03, 0x80, 0x03, 0x80, 0x07, 0x00, 0x0E, 0x00, 0x0E, 0x00, 0x1C, 0x00,
    0x38, 0x00, 0x70, 0x00, 0xE0, 0x00, 0x00, 0x00, 0x00, 0x00, 0x0E, 0x00, 0x7F, 0xC0, 0x3F, 0x80,
    0x3E, 0x00, 0x7F, 0x00, 0xFF, 0x80, 0x1C, 0x00, 0x00, 0x00, 0x00, 0x00, 0x00, 0x00, 0x00, 0x00,
    0x00, 0x00, 0x00, 0x00, 0x00, 0x00, 0x00, 0x00, 0x00, 0x00, 0x00, 0x00, 0x00, 0x00, 0x00, 0x00,
    0x00, 0x00, 0x00, 0x00, 0x00, 0x00, 0x00, 0x00, 0x03, 0x80, 0x03, 0x80, 0x03, 0x80, 0x03, 0x80,
    0xFF, 0xF8, 0x07, 0x00, 0x07, 0x00, 0x07, 0x00, 0x0E, 0x00, 0x0E, 0x00, 0x00, 0x00, 0x00, 0x00,
    0x00, 0x00, 0x00, 0x00, 0x00, 0x00, 0x00, 0x00, 0x00, 0x00, 0x00, 0x00, 0x00, 0x00, 0x00, 0x00,
    0x00, 0x00, 0x00, 0x00, 0x78, 0x38, 0x38, 0x38, 0xE0, 0x00, 0x00, 0x00, 0x00, 0x00, 0x00, 0x00,
    0x00, 0x00, 0x00, 0x00, 0x00, 0x00, 0x00, 0x00, 0x00, 0x00, 0x00, 0x00, 0xFF, 0xC0, 0x00, 0x00,
    0x00, 0x00, 0x00, 0x00, 0x00, 0x00, 0x00, 0x00, 0x00, 0x00, 0x00, 0x00, 0x00, 0x00, 0x00, 0x00,
    0x00, 0x00, 0x00, 0x00, 0x00, 0x00, 0x00, 0x00, 0x00, 0x00, 0x00, 0x00, 0x00, 0x00, 0x00, 0x00,
    0xE0, 0xE0, 0xE0, 0x00, 0x00, 0x00, 0x00, 0x00, 0x00, 0x00, 0x00, 0x70, 0x00, 0x70, 0x00, 0xE0,
    0x01, 0xC0, 0x03, 0x80, 0x03, 0x80, 0x07, 0x00, 0x0E, 0x00, 0x1C, 0x00, 0x1C, 0x00, 0x38, 0x00,
    0x70, 0x00, 0xE0, 0x00, 0xE0, 0x00, 0x00, 0x00, 0x00, 0x00, 0x00, 0x00, 0x00, 0x00, 0x00, 0x00,
    0x00, 0x00, 0x07, 0xE0, 0x0E, 0x70, 0x1C, 0x38, 0x70, 0x38, 0x70, 0x38, 0x70, 0x38, 0x70, 0x38,
    0xE0, 0x70, 0xE0, 0x70, 0xE0, 0x70, 0xE0, 0x70, 0xE1, 0xC0, 0x73, 0x80, 0x3F, 0x00, 0x00, 0x00,
    0x00, 0x00, 0x00, 0x00, 0x00, 0x00, 0x00, 0x00, 0x00, 0x07, 0x0F, 0x1F, 0xFE, 0x0E, 0x0E, 0x0E,
    0x1C, 0x1C, 0x1C, 0x1C, 0x38, 0x38, 0x38, 0x00, 0x00, 0x00, 0x00, 0x00, 0x00, 0x00, 0x03, 0xF8,
    0x07, 0x1C, 0x0E, 0x0E, 0x1C, 0x1C, 0x1C, 0x1C, 0x00, 0x1C, 0x00, 0x38, 0x01, 0xE0, 0x07, 0x80,
    0x0E, 0x00, 0x1C, 0x00, 0x70, 0x00, 0xE0, 0x00, 0xFF, 0xF0, 0x00, 0x00, 0x00, 0x00, 0x00, 0x00,
    0x00, 0x00, 0x00, 0x00, 0x00, 0x00, 0x03, 0xF8, 0x07, 0x1C, 0x0E, 0x0E, 0x1C, 0x1C, 0x00, 0x1C,
    0x00, 0x38, 0x03, 0xF0, 0x00, 0x70, 0x00, 0x38, 0x00, 0x38, 0x70, 0x38, 0xE0, 0x70, 0x70, 0xE0,
    0x3F, 0xC0, 0x00, 0x00, 0x00, 0x00, 0x00, 0x00, 0x00, 0x00, 0x00, 0x00, 0x00, 0x00, 0x00, 0xF0,
    0x01, 0xF0, 0x01, 0xF0, 0x07, 0xE0, 0x0E, 0xE0, 0x0E, 0xE0, 0x1C, 0xE0, 0x71, 0xC0, 0x71, 0xC0,
    0xE1, 0xC0, 0xFF, 0xF0, 0x03, 0x80, 0x03, 0x80, 0x03, 0x80, 0x00, 0x00, 0x00, 0x00, 0x00, 0x00,
    0x00, 0x00, 0x00, 0x00, 0x00, 0x00, 0x07, 0xFE, 0x07, 0x00, 0x07, 0x00, 0x1C, 0x00, 0x1C, 0x00,
    0x1F, 0xF0, 0x3E, 0x38, 0x70, 0x38, 0x00, 0x38, 0x00, 0x38, 0x70, 0x38, 0xE0, 0x70, 0x70, 0xE0,
    0x3F, 0xC0, 0x00, 0x00, 0x00, 0x00, 0x00, 0x00, 0x00, 0x00, 0x00, 0x00, 0x00, 0x00, 0x07, 0xF0,
    0x1E, 0x38, 0x1C, 0x1C, 0x70, 0x00, 0x70, 0x00, 0x7F, 0xE0, 0x78, 0x70, 0xE0, 0x70, 0xE0, 0x70,
    0xE0, 0x70, 0xE0, 0x70, 0xE0, 0xE0, 0xF1, 0xC0, 0x3F, 0x80, 0x00, 0x00, 0x00, 0x00, 0x00, 0x00,
    0x00, 0x00, 0x00, 0x00, 0x00, 0x00, 0x7F, 0xF8, 0x00, 0x38, 0x00, 0x38, 0x00, 0xE0, 0x01, 0xC0,
    0x03, 0x80, 0x07, 0x00, 0x1C, 0x00, 0x1C, 0x00, 0x38, 0x00, 0x38, 0x00, 0xE0, 0x00, 0xE0, 0x00,
    0xE0, 0x00, 0x00, 0x00, 0x00, 0x00, 0x00, 0x00, 0x00, 0x00, 0x00, 0x00, 0x00, 0x00, 0x03, 0xF0,
    0x07, 0x38, 0x0E, 0x1C, 0x1C, 0x38, 0x1C, 0x38, 0x0E, 0x70, 0x0F, 0xF0, 0x38, 0x70, 0x70, 0x38,
    0x70, 0x38, 0x70, 0x38, 0xE0, 0x70, 0x70, 0xE0, 0x3F, 0xC0, 0x00, 0x00, 0x00, 0x00, 0x00, 0x00,
    0x00, 0x00, 0x00, 0x00, 0x00, 0x00, 0x07, 0xF8, 0x0E, 0x1C, 0x1C, 0x0E, 0x38, 0x1C, 0x38, 0x1C,
    0x38, 0x1C, 0x1C, 0x1C, 0x3C, 0x78, 0x0F, 0xF8, 0x00, 0x38, 0x00, 0x38, 0xE0, 0xE0, 0x71, 0xE0,
    0x3F, 0x80, 0x00, 0x00, 0x00, 0x00, 0x00, 0x00, 0x00, 0x00, 0x00, 0x00, 0x00, 0x00, 0x00, 0x00,
    0x00, 0x00, 0x38, 0x38, 0x70, 0x00, 0x00, 0x00, 0xE0, 0xE0, 0xE0, 0x00, 0x00, 0x00, 0x00, 0x00,
    0x00, 0x00, 0x00, 0x00, 0x00, 0x00, 0x0E, 0x0E, 0x1C, 0x00, 0x00, 0x00, 0x78, 0x38, 0x38, 0x38,
    0xE0, 0x00, 0x00, 0x00, 0x00, 0x00, 0x00, 0xE0, 0x01, 0xC0, 0x03, 0x80, 0x0E, 0x00, 0x1C, 0x00,
    0x38, 0x00, 0x70, 0x00, 0xE0, 0x00, 0x70, 0x00, 0x38, 0x00, 0x1C, 0x00, 0x1C, 0x00, 0x0E, 0x00,
    0x07, 0x00, 0x00, 0x00, 0x00, 0x00, 0x00, 0x00, 0x00, 0x00, 0x00, 0x00, 0x00, 0x00, 0x00, 0x00,
    0x00, 0x00, 0x00, 0x00, 0x00, 0x00, 0x00, 0x00, 0x00, 0x00, 0x7F, 0xC0, 0x00, 0x00, 0x00, 0x00,
    0xFF, 0x80, 0x00, 0x00, 0x00, 0x00, 0x00, 0x00, 0x00, 0x00, 0x00, 0x00, 0x00, 0x00, 0x00, 0x00,
    0x00, 0x00, 0x00, 0x00, 0x00, 0x00, 0x1C, 0x00, 0x0E, 0x00, 0x07, 0x00, 0x07, 0x00, 0x03, 0x80,
    0x01, 0xC0, 0x00, 0xE0, 0x01, 0xC0, 0x03, 0x80, 0x07, 0x00, 0x0E, 0x00, 0x38, 0x00, 0x70, 0x00,
    0xE0, 0x00, 0x00, 0x00, 0x00, 0x00, 0x00, 0x00, 0x00, 0x00, 0x00, 0x00, 0x00, 0x00, 0x1F, 0x80,
    0x39, 0xC0, 0x70, 0xE0, 0xE1, 0xC0, 0xE1, 0xC0, 0x03, 0x80, 0x07, 0x00, 0x1C, 0x00, 0x1C, 0x00,
    0x1C, 0x00, 0x00, 0x00, 0x38, 0x00, 0x38, 0x00, 0x38, 0x00, 0x00, 0x00, 0x00, 0x00, 0x00, 0x00,
    0x00, 0x00, 0x00, 0x00, 0x01, 0xFE, 0x00, 0x07, 0x87, 0x80, 0x0E, 0x01, 0xC0, 0x1C, 0x00, 0xE0,
    0x38, 0xFF, 0xC0, 0x71, 0xDE, 0xE0, 0x73, 0x8E, 0xE0, 0x77, 0x0E, 0xE0, 0xEE, 0x39, 0xC0, 0xEE,
    0x3B, 0x80, 0xEE, 0x7F, 0x80, 0x77, 0xFE, 0x00, 0xE0, 0x00, 0x00, 0x70, 0x07, 0x00, 0x3C, 0x1E,
    0x00, 0x0F, 0xF8, 0x00, 0x00, 0x00, 0x00, 0x00, 0x00, 0x00, 0x00, 0x00, 0x00, 0x00, 0x00, 0x00,
    0x00, 0x00, 0x00, 0xF0, 0x00, 0xF0, 0x01, 0xF8, 0x03, 0xF0, 0x07, 0x38, 0x07, 0x38, 0x07, 0x38,
    0x1C, 0x38, 0x1C, 0x38, 0x3F, 0xFC, 0x38, 0x1C, 0x70, 0x38, 0xE0, 0x1C, 0xE0, 0x1C, 0x00, 0x00,
    0x00, 0x00, 0x00, 0x00, 0x00, 0x00, 0x00, 0x00, 0x00, 0x00, 0x1F, 0xF8, 0x1C, 0x1C, 0x1C, 0x0E,
    0x38, 0x1C, 0x38, 0x1C, 0x38, 0x38, 0x3F, 0xF8, 0x70, 0x38, 0x70, 0x1C, 0x70, 0x1C, 0x70, 0x1C,
    0xE0, 0x38, 0xE0, 0x70, 0xFF, 0xE0, 0x00, 0x00, 0x00, 0x00, 0x00, 0x00, 0x00, 0x00, 0x00, 0x00,
    0x00, 0x00, 0x03, 0xF8, 0x0F, 0x1E, 0x1C, 0x0E, 0x38, 0x0E, 0x70, 0x0E, 0x70, 0x00, 0x70, 0x00,
    0xE0, 0x00, 0xE0, 0x1C, 0xE0, 0x1C, 0x70, 0x1C, 0xE0, 0x70, 0x78, 0xF0, 0x1F, 0xC0, 0x00, 0x00,
    0x00, 0x00, 0x00, 0x00, 0x00, 0x00, 0x00, 0x00, 0x00, 0x00, 0x1F, 0xF0, 0x1C, 0x3C, 0x1C, 0x0E,
    0x38, 0x1C, 0x38, 0x0E, 0x38, 0x0E, 0x38, 0x0E, 0x70, 0x1C, 0x70, 0x1C, 0x70, 0x1C, 0x70, 0x38,
    0xE0, 0x70, 0xE1, 0xE0, 0xFF, 0x80, 0x00, 0x00, 0x00, 0x00, 0x00, 0x00, 0x00, 0x00, 0x00, 0x00,
    0x00, 0x00, 0x1F, 0xFE, 0x1C, 0x00, 0x1C, 0x00, 0x38, 0x00, 0x38, 0x00, 0x38, 0x00, 0x3F, 0xF8,
    0x70, 0x00, 0x70, 0x00, 0x70, 0x00, 0x70, 0x00, 0xE0, 0x00, 0xE0, 0x00, 0xFF, 0xF0, 0x00, 0x00,
    0x00, 0x00, 0x00, 0x00, 0x00, 0x00, 0x00, 0x00, 0x00, 0x00, 0x1F, 0xFC, 0x1C, 0x00, 0x1C, 0x00,
    0x38, 0x00, 0x38, 0x00, 0x38, 0x00, 0x3F, 0xF0, 0x70, 0x00, 0x70, 0x00, 0x70, 0x00, 0x70, 0x00,
    0xE0, 0x00, 0xE0, 0x00, 0xE0, 0x00, 0x00, 0x00, 0x00, 0x00, 0x00, 0x00, 0x00, 0x00, 0x00, 0x00,
    0x00, 0x00, 0x03, 0xF8, 0x0F, 0x1E, 0x1C, 0x0E, 0x38, 0x0E, 0x70, 0x0E, 0x70, 0x00, 0x70, 0x00,
    0xE1, 0xFC, 0xE0, 0x1C, 0xE0, 0x1C, 0x70, 0x1C, 0xE0, 0x78, 0x78, 0xF8, 0x1F, 0xD8, 0x00, 0x00,
    0x00, 0x00, 0x00, 0x00, 0x00, 0x00, 0x00, 0x00, 0x00, 0x00, 0x1C, 0x07, 0x1C, 0x07, 0x1C, 0x07,
    0x38, 0x0E, 0x38, 0x0E, 0x38, 0x0E, 0x3F, 0xFE, 0x70, 0x1C, 0x70, 0x1C, 0x70, 0x1C, 0x70, 0x1C,
    0xE0, 0x38, 0xE0, 0x38, 0xE0, 0x38, 0x00, 0x00, 0x00, 0x00, 0x00, 0x00, 0x00, 0x00, 0x00, 0x00,
    0x00, 0x1C, 0x1C, 0x1C, 0x38, 0x38, 0x38, 0x38, 0x70, 0x70, 0x70, 0x70, 0xE0, 0xE0, 0xE0, 0x00,
    0x00, 0x00, 0x00, 0x00, 0x00, 0x00, 0x00, 0x38, 0x00, 0x38, 0x00, 0x38, 0x00, 0x70, 0x00, 0x70,
    0x00, 0x70, 0x00, 0x70, 0x00, 0xE0, 0x00, 0xE0, 0x00, 0xE0, 0x70, 0xE0, 0xE1, 0xC0, 0x73, 0x80,
    0x3F, 0x00, 0x00, 0x00, 0x00, 0x00, 0x00, 0x00, 0x00, 0x00, 0x00, 0x00, 0x00, 0x00, 0x1C, 0x1C,
    0x1C, 0x38, 0x1C, 0x70, 0x39, 0xC0, 0x3B, 0x80, 0x3F, 0x80, 0x3F, 0xC0, 0x7B, 0x80, 0x71, 0xC0,
    0x70, 0xE0, 0x70, 0xE0, 0xE0, 0xE0, 0xE0, 0x70, 0xE0, 0x70, 0x00, 0x00, 0x00, 0x00, 0x00, 0x00,
    0x00, 0x00, 0x00, 0x00, 0x00, 0x00, 0x1C, 0x00, 0x1C, 0x00, 0x1C, 0x00, 0x38, 0x00, 0x38, 0x00,
    0x38, 0x00, 0x38, 0x00, 0x70, 0x00, 0x70, 0x00, 0x70, 0x00, 0x70, 0x00, 0xE0, 0x00, 0xE0, 0x00,
    0xFF, 0xE0, 0x00, 0x00, 0x00, 0x00, 0x00, 0x00, 0x00, 0x00, 0x00, 0x00, 0x00, 0x00, 0x00, 0x1C,
    0x01, 0xC0, 0x1E, 0x03, 0xC0, 0x1E, 0x03, 0xC0, 0x3E, 0x0F, 0x80, 0x3E, 0x0F, 0x80, 0x3F, 0x1F,
    0x80, 0x3F, 0x1F, 0x80, 0x77, 0x77, 0x00, 0x77, 0x77, 0x00, 0x77, 0x77, 0x00, 0x73, 0xE7, 0x00,
    0xE7, 0xCE, 0x00, 0xE3, 0x8E, 0x00, 0xE3, 0x8E, 0x00, 0x00, 0x00, 0x00, 0x00, 0x00, 0x00, 0x00,
    0x00, 0x00, 0x00, 0x00, 0x00, 0x00, 0x00, 0x00, 0x00, 0x00, 0x1C, 0x07, 0x1E, 0x07, 0x1F, 0x07,
    0x3F, 0x0E, 0x3F, 0x0E, 0x3B, 0x8E, 0x39, 0xCE, 0x73, 0x9C, 0x71, 0xDC, 0x70, 0xFC, 0x70, 0xFC,
    0xE0, 0xF8, 0xE0, 0x78, 0xE0, 0x38, 0x00, 0x00, 0x00, 0x00, 0x00, 0x00, 0x00, 0x00, 0x00, 0x00,
    0x00, 0x00, 0x03, 0xF8, 0x0F, 0x1E, 0x1C, 0x07, 0x38, 0x0E, 0x70, 0x07, 0x70, 0x07, 0x70, 0x07,
    0xE0, 0x0E, 0xE0, 0x0E, 0xE0, 0x0E, 0x70, 0x1C, 0xE0, 0x38, 0x78, 0xF0, 0x1F, 0xC0, 0x00, 0x00,
    0x00, 0x00, 0x00, 0x00, 0x00, 0x00, 0x00, 0x00, 0x00, 0x00, 0x1F, 0xF8, 0x1C, 0x1C, 0x1C, 0x0E,
    0x38, 0x1C, 0x38, 0x1C, 0x38, 0x1C, 0x38, 0x38, 0x7F, 0xE0, 0x70, 0x00, 0x70, 0x00, 0x70, 0x00,
    0xE0, 0x00, 0xE0, 0x00, 0xE0, 0x00, 0x00, 0x00, 0x00, 0x00, 0x00, 0x00, 0x00, 0x00, 0x00, 0x00,
    0x00, 0x00, 0x03, 0xF8, 0x0F, 0x1E, 0x1C, 0x07, 0x38, 0x0E, 0x70, 0x07, 0x70, 0x07, 0x70, 0x07,
    0xE0, 0x0E, 0xE0, 0x0E, 0xE0, 0x0E, 0x71, 0xDC, 0xE1, 0xF8, 0x78, 0xF0, 0x1F, 0xF0, 0x00, 0x38,
    0x00, 0x00, 0x00, 0x00, 0x00, 0x00, 0x00, 0x00, 0x00, 0x00, 0x1F, 0xF8, 0x1C, 0x1C, 0x1C, 0x0E,
    0x38, 0x1C, 0x38, 0x1C, 0x38, 0x1C, 0x38, 0x38, 0x7F, 0xE0, 0x70, 0x70, 0x70, 0x38, 0x70, 0x38,
    0xE0, 0x70, 0xE0, 0x70, 0xE0, 0x70, 0x00, 0x00, 0x00, 0x00, 0x00, 0x00, 0x00, 0x00, 0x00, 0x00,
    0x00, 0x00, 0x07, 0xF8, 0x0E, 0x1C, 0x1C, 0x0E, 0x38, 0x1C, 0x38, 0x00, 0x1E, 0x00, 0x07, 0xE0,
    0x00, 0xF0, 0x00, 0x38, 0x70, 0x38, 0x70, 0x38, 0xE0, 0x70, 0x70, 0xE0, 0x3F, 0xC0, 0x00, 0x00,
    0x00, 0x00, 0x00, 0x00, 0x00, 0x00, 0x00, 0x00, 0x00, 0x00, 0xFF, 0xF8, 0x07, 0x00, 0x07, 0x00,
    0x0E, 0x00, 0x0E, 0x00, 0x0E, 0x00, 0x0E, 0x00, 0x1C, 0x00, 0x1C, 0x00, 0x1C, 0x00, 0x1C, 0x00,
    0x38, 0x00, 0x38, 0x00, 0x38, 0x00, 0x00, 0x00, 0x00, 0x00, 0x00, 0x00, 0x00, 0x00, 0x00, 0x00,
    0x00, 0x00, 0x38, 0x1C, 0x38, 0x1C, 0x38, 0x1C, 0x70, 0x38, 0x70, 0x38, 0x70, 0x38, 0x70, 0x38,
    0xE0, 0x70, 0xE0, 0x70, 0xE0, 0x70, 0xE0, 0x70, 0xE1, 0xC0, 0xF3, 0xC0, 0x3F, 0x00, 0x00, 0x00,
    0x00, 0x00, 0x00, 0x00, 0x00, 0x00, 0x00, 0x00, 0x00, 0x00, 0xE0, 0x70, 0xE0, 0x70, 0xE0, 0x70,
    0xE1, 0xC0, 0xE1, 0xC0, 0xE1, 0xC0, 0x73, 0x80, 0xE7, 0x00, 0xE7, 0x00, 0x7E, 0x00, 0x7E, 0x00,
    0xFC, 0x00, 0x78, 0x00, 0x78, 0x00, 0x00, 0x00, 0x00, 0x00, 0x00, 0x00, 0x00, 0x00, 0x00, 0x00,
    0x00, 0x00, 0x00, 0xE0, 0xE0, 0xE0, 0xE0, 0xE0, 0xE0, 0xE1, 0xF0, 0xE0, 0xE3, 0xE3, 0x80, 0xE3,
    0xE3, 0x80, 0xE7, 0x73, 0x80, 0x77, 0x77, 0x00, 0xEE, 0xEE, 0x00, 0xFC, 0x7E, 0x00, 0x7C, 0x7C,
    0x00, 0x7C, 0x7C, 0x00, 0x70, 0x70, 0x00, 0x70, 0x70, 0x00, 0x70, 0x70, 0x00, 0x00, 0x00, 0x00,
    0x00, 0x00, 0x00, 0x00, 0x00, 0x00, 0x00, 0x00, 0x00, 0x00, 0x00, 0x00, 0x00, 0x00, 0x1C, 0x1C,
    0x1C, 0x1C, 0x0E, 0x38, 0x0E, 0xE0, 0x0E, 0xE0, 0x07, 0xC0, 0x03, 0x80, 0x07, 0x00, 0x0F, 0x80,
    0x1D, 0xC0, 0x1D, 0xC0, 0x71, 0xC0, 0xE0, 0xE0, 0xE0, 0xE0, 0x00, 0x00, 0x00, 0x00, 0x00, 0x00,
    0x00, 0x00, 0x00, 0x00, 0x00, 0x00, 0xE0, 0x38, 0xE0, 0x38, 0x70, 0x70, 0x71, 0xC0, 0x71, 0xC0,
    0x3B, 0x80, 0x1F, 0x00, 0x3E, 0x00, 0x1C, 0x00, 0x1C, 0x00, 0x1C, 0x00, 0x38, 0x00, 0x38, 0x00,
    0x38, 0x00, 0x00, 0x00, 0x00, 0x00, 0x00, 0x00, 0x00, 0x00, 0x00, 0x00, 0x00, 0x00, 0x1F, 0xFE,
    0x00, 0x0E, 0x00, 0x1C, 0x00, 0x70, 0x00, 0xE0, 0x00, 0xE0, 0x01, 0xC0, 0x07, 0x00, 0x0E, 0x00,
    0x0E, 0x00, 0x1C, 0x00, 0x70, 0x00, 0xE0, 0x00, 0xFF, 0xF0, 0x00, 0x00, 0x00, 0x00, 0x00, 0x00,
    0x00, 0x00, 0x00, 0x00, 0x0F, 0xE0, 0x0E, 0x00, 0x0E, 0x00, 0x0E, 0x00, 0x1C, 0x00, 0x1C, 0x00,
    0x1C, 0x00, 0x1C, 0x00, 0x38, 0x00, 0x38, 0x00, 0x38, 0x00, 0x38, 0x00, 0x70, 0x00, 0x70, 0x00,
    0x70, 0x00, 0x70, 0x00, 0xE0, 0x00, 0xE0, 0x00, 0xFE, 0x00, 0x00, 0x00, 0x00, 0xE0, 0xE0, 0x70,
    0xE0, 0x70, 0x70, 0x38, 0x70, 0x38, 0x38, 0x1C, 0x38, 0x1C, 0x1C, 0x00, 0x00, 0x00, 0x00, 0x00,
    0x0F, 0xE0, 0x00, 0xE0, 0x00, 0xE0, 0x00, 0xE0, 0x01, 0xC0, 0x01, 0xC0, 0x01, 0xC0, 0x01, 0xC0,
    0x03, 0x80, 0x03, 0x80, 0x03, 0x80, 0x03, 0x80, 0x07, 0x00, 0x07, 0x00, 0x07, 0x00, 0x07, 0x00,
    0x0E, 0x00, 0x0E, 0x00, 0xFE, 0x00, 0x00, 0x00, 0x00, 0x00, 0x0E, 0x00, 0x1F, 0x00, 0x3B, 0x80,
    0xE3, 0x80, 0x00, 0x00, 0x00, 0x00, 0x00, 0x00, 0x00, 0x00, 0x00, 0x00, 0x00, 0x00, 0x00, 0x00,
    0x00, 0x00, 0x00, 0x00, 0x00, 0x00, 0x00, 0x00, 0x00, 0x00, 0x00, 0x00, 0x00, 0x00, 0x00, 0x00,
    0x00, 0x00, 0x00, 0x00, 0x00, 0x00, 0x00, 0x00, 0x00, 0x00, 0x00, 0x00, 0x00, 0x00, 0x00, 0x00,
    0x00, 0x00, 0x00, 0x00, 0x00, 0x00, 0x00, 0x00, 0x00, 0x00, 0x00, 0x00, 0x00, 0x00, 0x00, 0x00,
    0xFF, 0xE0, 0xFF, 0xE0, 0x00, 0x00, 0x00, 0x00, 0x00, 0x00, 0x38, 0x7C, 0xF8, 0xE0, 0x70, 0x38,
    0x30, 0x00, 0x00, 0x00, 0x00, 0x00, 0x00, 0x00, 0x00, 0x00, 0x00, 0x00, 0x00, 0x00, 0x00, 0x00,
    0x00, 0x00, 0x00, 0x00, 0x00, 0x00, 0x0F, 0xF0, 0x1C, 0x38, 0x1C, 0x38, 0x00, 0x70, 0x1F, 0xF0,
    0x38, 0x70, 0x70, 0x70, 0xE0, 0xE0, 0x71, 0xE0, 0x3F, 0xF0, 0x00, 0x00, 0x00, 0x00, 0x00, 0x00,
    0x00, 0x00, 0x00, 0x00, 0x00, 0x00, 0x1C, 0x00, 0x1C, 0x00, 0x1C, 0x00, 0x38, 0x00, 0x3F, 0xC0,
    0x3C, 0xE0, 0x38, 0x70, 0x70, 0x70, 0x70, 0x70, 0x70, 0x70, 0x70, 0x70, 0xE1, 0xC0, 0xF3, 0x80,
    0xFF, 0x00, 0x00, 0x00, 0x00, 0x00, 0x00, 0x00, 0x00, 0x00, 0x00, 0x00, 0x00, 0x00, 0x00, 0x00,
    0x00, 0x00, 0x00, 0x00, 0x00, 0x00, 0x0F, 0xE0, 0x1C, 0x70, 0x38, 0x38, 0xE0, 0x70, 0xE0, 0x00,
    0xE0, 0x00, 0xE0, 0x70, 0xE0, 0xE0, 0x71, 0xC0, 0x3F, 0x80, 0x00, 0x00, 0x00, 0x00, 0x00, 0x00,
    0x00, 0x00, 0x00, 0x00, 0x00, 0x00, 0x00, 0x38, 0x00, 0x38, 0x00, 0x38, 0x00, 0x70, 0x0F, 0xF0,
    0x1C, 0xF0, 0x38, 0x70, 0xE0, 0xE0, 0xE0, 0xE0, 0xE0, 0xE0, 0xE0, 0xE0, 0xE1, 0xC0, 0x73, 0xC0,
    0x3F, 0xC0, 0x00, 0x00, 0x00, 0x00, 0x00, 0x00, 0x00, 0x00, 0x00, 0x00, 0x00, 0x00, 0x00, 0x00,
    0x00, 0x00, 0x00, 0x00, 0x00, 0x00, 0x0F, 0xE0, 0x1C, 0x70, 0x38, 0x38, 0x70, 0x70, 0x7F, 0xF0,
    0x70, 0x00, 0x70, 0x00, 0xE0, 0xE0, 0x71, 0xC0, 0x3F, 0x80, 0x00, 0x00, 0x00, 0x00, 0x00, 0x00,
    0x00, 0x00, 0x00, 0x00, 0x00, 0x00, 0x0F, 0x80, 0x1C, 0x00, 0x1C, 0x00, 0x38, 0x00, 0xFF, 0x00,
    0x38, 0x00, 0x38, 0x00, 0x70, 0x00, 0x70, 0x00, 0x70, 0x00, 0x70, 0x00, 0xE0, 0x00, 0xE0, 0x00,
    0xE0, 0x00, 0x00, 0x00, 0x00, 0x00, 0x00, 0x00, 0x00, 0x00, 0x00, 0x00, 0x00, 0x00, 0x00, 0x00,
    0x00, 0x00, 0x00, 0x00, 0x00, 0x00, 0x03, 0xFC, 0x07, 0x3C, 0x0E, 0x1C, 0x38, 0x38, 0x38, 0x38,
    0x38, 0x38, 0x38, 0x38, 0x38, 0x70, 0x1C, 0xF0, 0x0F, 0xF0, 0x00, 0x70, 0xE0, 0xE0, 0x71, 0xC0,
    0x3F, 0x80, 0x00, 0x00, 0x00, 0x00, 0x1C, 0x00, 0x1C, 0x00, 0x1C, 0x00, 0x38, 0x00, 0x3F, 0xC0,
    0x3C, 0xE0, 0x38, 0x70, 0x70, 0xE0, 0x70, 0xE0, 0x70, 0xE0, 0x70, 0xE0, 0xE1, 0xC0, 0xE1, 0xC0,
    0xE1, 0xC0, 0x00, 0x00, 0x00, 0x00, 0x00, 0x00, 0x00, 0x00, 0x00, 0x00, 0x00, 0x1C, 0x1C, 0x00,
    0x00, 0x38, 0x38, 0x38, 0x70, 0x70, 0x70, 0x70, 0xE0, 0xE0, 0xE0, 0x00, 0x00, 0x00, 0x00, 0x00,
    0x00, 0x00, 0x03, 0x80, 0x03, 0x80, 0x00, 0x00, 0x00, 0x00, 0x07, 0x00, 0x07, 0x00, 0x07, 0x00,
    0x0E, 0x00, 0x0E, 0x00, 0x0E, 0x00, 0x0E, 0x00, 0x1C, 0x00, 0x1C, 0x00, 0x1C, 0x00, 0x1C, 0x00,
    0x38, 0x00, 0xF0, 0x00, 0x00, 0x00, 0x00, 0x00, 0x00, 0x00, 0x1C, 0x00, 0x1C, 0x00, 0x1C, 0x00,
    0x38, 0x00, 0x38, 0xE0, 0x39, 0xC0, 0x3B, 0x80, 0x7E, 0x00, 0x7F, 0x00, 0x7B, 0x80, 0x73, 0x80,
    0xE3, 0x80, 0xE1, 0xC0, 0xE1, 0xC0, 0x00, 0x00, 0x00, 0x00, 0x00, 0x00, 0x00, 0x00, 0x00, 0x00,
    0x00, 0x1C, 0x1C, 0x1C, 0x38, 0x38, 0x38, 0x38, 0x70, 0x70, 0x70, 0x70, 0xE0, 0xE0, 0xE0, 0x00,
    0x00, 0x00, 0x00, 0x00, 0x00, 0x00, 0x00, 0x00, 0x00, 0x00, 0x00, 0x00, 0x00, 0x00, 0x00, 0x00,
    0x00, 0x00, 0x00, 0x3F, 0xFF, 0x00, 0x3C, 0xF3, 0x80, 0x38, 0xE3, 0x80, 0x71, 0xC7, 0x00, 0x71,
    0xC7, 0x00, 0x71, 0xC7, 0x00, 0x71, 0xC7, 0x00, 0xE3, 0x8E, 0x00, 0xE3, 0x8E, 0x00, 0xE3, 0x8E,
    0x00, 0x00, 0x00, 0x00, 0x00, 0x00, 0x00, 0x00, 0x00, 0x00, 0x00, 0x00, 0x00, 0x00, 0x00, 0x00,
    0x00, 0x00, 0x00, 0x00, 0x00, 0x00, 0x00, 0x00, 0x00, 0x00, 0x3F, 0xC0, 0x3C, 0xE0, 0x38, 0x70,
    0x70, 0xE0, 0x70, 0xE0, 0x70, 0xE0, 0x70, 0xE0, 0xE1, 0xC0, 0xE1, 0xC0, 0xE1, 0xC0, 0x00, 0x00,
    0x00, 0x00, 0x00, 0x00, 0x00, 0x00, 0x00, 0x00, 0x00, 0x00, 0x00, 0x00, 0x00, 0x00, 0x00, 0x00,
    0x00, 0x00, 0x0F, 0xC0, 0x1C, 0xE0, 0x38, 0x70, 0xE0, 0x70, 0xE0, 0x70, 0xE0, 0x70, 0xE0, 0x70,
    0xE1, 0xC0, 0x73, 0x80, 0x3F, 0x00, 0x00, 0x00, 0x00, 0x00, 0x00, 0x00, 0x00, 0x00, 0x00, 0x00,
    0x00, 0x00, 0x00, 0x00, 0x00, 0x00, 0x00, 0x00, 0x00, 0x00, 0x1F, 0xE0, 0x1E, 0x70, 0x1C, 0x38,
    0x38, 0x38, 0x38, 0x38, 0x38, 0x38, 0x38, 0x38, 0x70, 0xE0, 0x79, 0xC0, 0x7F, 0x80, 0x70, 0x00,
    0xE0, 0x00, 0xE0, 0x00, 0xE0, 0x00, 0x00, 0x00, 0x00, 0x00, 0x00, 0x00, 0x00, 0x00, 0x00, 0x00,
    0x00, 0x00, 0x0F, 0xF0, 0x1C, 0xF0, 0x38, 0x70, 0xE0, 0xE0, 0xE0, 0xE0, 0xE0, 0xE0, 0xE0, 0xE0,
    0xE1, 0xC0, 0x73, 0xC0, 0x3F, 0xC0, 0x01, 0xC0, 0x03, 0x80, 0x03, 0x80, 0x03, 0x80, 0x00, 0x00,
    0x00, 0x00, 0x00, 0x00, 0x00, 0x00, 0x00, 0x00, 0x00, 0x00, 0x3F, 0xC0, 0x3E, 0x00, 0x3C, 0x00,
    0x70, 0x00, 0x70, 0x00, 0x70, 0x00, 0x70, 0x00, 0xE0, 0x00, 0xE0, 0x00, 0xE0, 0x00, 0x00, 0x00,
    0x00, 0x00, 0x00, 0x00, 0x00, 0x00, 0x00, 0x00, 0x00, 0x00, 0x00, 0x00, 0x00, 0x00, 0x00, 0x00,
    0x00, 0x00, 0x0F, 0xC0, 0x1C, 0xE0, 0x38, 0x70, 0x70, 0x00, 0x3F, 0x80, 0x01, 0xC0, 0x00, 0xE0,
    0xE1, 0xC0, 0x73, 0x80, 0x3F, 0x00, 0x00, 0x00, 0x00, 0x00, 0x00, 0x00, 0x00, 0x00, 0x00, 0x00,
    0x00, 0x00, 0x1C, 0x1C, 0x38, 0xFE, 0x38, 0x38, 0x70, 0x70, 0x70, 0x70, 0xE0, 0xE0, 0x78, 0x00,
    0x00, 0x00, 0x00, 0x00, 0x00, 0x00, 0x00, 0x00, 0x00, 0x00, 0x00, 0x00, 0x00, 0x00, 0x38, 0x70,
    0x38, 0x70, 0x38, 0x70, 0x70, 0xE0, 0x70, 0xE0, 0x70, 0xE0, 0x70, 0xE0, 0xE1, 0xC0, 0x73, 0xC0,
    0x3F, 0xC0, 0x00, 0x00, 0x00, 0x00, 0x00, 0x00, 0x00, 0x00, 0x00, 0x00, 0x00, 0x00, 0x00, 0x00,
    0x00, 0x00, 0x00, 0x00, 0x00, 0x00, 0xE0, 0xE0, 0xE0, 0xE0, 0x71, 0xC0, 0xE3, 0x80, 0x77, 0x00,
    0x77, 0x00, 0x3E, 0x00, 0x7C, 0x00, 0x38, 0x00, 0x38, 0x00, 0x00, 0x00, 0x00, 0x00, 0x00, 0x00,
    0x00, 0x00, 0x00, 0x00, 0x00, 0x00, 0x00, 0x00, 0x00, 0x00, 0x00, 0x00, 0x00, 0x00, 0xE3, 0x8E,
    0xE3, 0x8E, 0x77, 0xDC, 0xEF, 0xB8, 0xED, 0xB8, 0x7D, 0xF0, 0x7D, 0xF0, 0x71, 0xC0, 0x71, 0xC0,
    0x71, 0xC0, 0x00, 0x00, 0x00, 0x00, 0x00, 0x00, 0x00, 0x00, 0x00, 0x00, 0x00, 0x00, 0x00, 0x00,
    0x00, 0x00, 0x00, 0x00, 0x00, 0x00, 0x38, 0xE0, 0x38, 0xE0, 0x1D, 0xC0, 0x1F, 0x00, 0x0E, 0x00,
    0x0E, 0x00, 0x1F, 0x00, 0x77, 0x00, 0xE3, 0x80, 0xE3, 0x80, 0x00, 0x00, 0x00, 0x00, 0x00, 0x00,
    0x00, 0x00, 0x00, 0x00, 0x00, 0x00, 0x00, 0x00, 0x00, 0x00, 0x00, 0x00, 0x00, 0x00, 0x1C, 0x1C,
    0x1C, 0x1C, 0x0E, 0x38, 0x1C, 0x70, 0x0E, 0xE0, 0x0E, 0xE0, 0x07, 0xC0, 0x0F, 0x80, 0x07, 0x00,
    0x07, 0x00, 0x07, 0x00, 0xFC, 0x00, 0x78, 0x00, 0x00, 0x00, 0x00, 0x00, 0x00, 0x00, 0x00, 0x00,
    0x00, 0x00, 0x00, 0x00, 0x00, 0x00, 0x3F, 0xF0, 0x00, 0x70, 0x00, 0xE0, 0x03, 0x80, 0x07, 0x00,
    0x0E, 0x00, 0x1C, 0x00, 0x70, 0x00, 0xE0, 0x00, 0xFF, 0xC0, 0x00, 0x00, 0x00, 0x00, 0x00, 0x00,
    0x00, 0x00, 0x00, 0x00, 0x03, 0xE0, 0x07, 0x00, 0x0E, 0x00, 0x0E, 0x00, 0x1C, 0x00, 0x1C, 0x00,
    0x1C, 0x00, 0x1C, 0x00, 0x38, 0x00, 0xF0, 0x00, 0x38, 0x00, 0x38, 0x00, 0x70, 0x00, 0x70, 0x00,
    0x70, 0x00, 0x70, 0x00, 0xE0, 0x00, 0x70, 0x00, 0x3E, 0x00, 0x00, 0x00, 0x00, 0x0E, 0x0E, 0x0E,
    0x1C, 0x1C, 0x1C, 0x1C, 0x38, 0x38, 0x38, 0x38, 0x70, 0x70, 0x70, 0x70, 0xE0, 0xE0, 0x00, 0x00,
    0x0F, 0x80, 0x01, 0xC0, 0x00, 0xE0, 0x00, 0xE0, 0x01, 0xC0, 0x01, 0xC0, 0x01, 0xC0, 0x01, 0xC0,
    0x01, 0xE0, 0x03, 0x80, 0x03, 0x80, 0x03, 0x80, 0x07, 0x00, 0x07, 0x00, 0x07, 0x00, 0x07, 0x00,
    0x0E, 0x00, 0x1C, 0x00, 0xF8, 0x00, 0x00, 0x00, 0x00, 0x00, 0x00, 0x00, 0x00, 0x00, 0x00, 0x00,
    0x00, 0x00, 0x00, 0x00, 0x3E, 0x38, 0x77, 0xB8, 0xE3, 0xE0, 0x00, 0x00, 0x00, 0x00, 0x00, 0x00,
    0x00, 0x00, 0x00, 0x00, 0x00, 0x00, 0x00, 0x00, 0x00, 0x00, 0x00, 0x00, 0x00, 0x00, 0x00, 0x00,
    0x00, 0x00, 0x00, 0xE0, 0x01, 0xF0, 0x03, 0xF0, 0x07, 0x00, 0x07, 0x00, 0x07, 0x00, 0x07, 0x00,
    0x0E, 0x00, 0x0E, 0x00, 0x0E, 0x00, 0x0E, 0x00, 0x1C, 0x00, 0xFC, 0x00, 0xF8, 0x00, 0x70, 0x00,
    0x00, 0x00, 0x00, 0x00, 0x00, 0x00, 0x00, 0x00,
};

const display_font_t font_swiss20bi = {
    .glyphs = swiss20bi_glyphs,
    .bitmap = swiss20bi_bitmap,
    .family = &font_family_swiss20,
    .first_character = 0,
    .glyph_count = 128,
    .height = 20,
    .baseline = 15,
    .fallback_character = 63,
    .style = 3,
};

static const display_font_glyph_t swiss20i_glyphs[] = {
    { 0, 7, 13, 3, 1 }, /* 0x00 */
    { 20, 10, 13, 2, 1 }, /* 0x01 */
    { 60, 11, 13, 1, 1 }, /* 0x02 */
    { 100, 13, 13, 0, 1 }, /* 0x03 */
    { 140, 8, 13, 3, 1 }, /* 0x04 */
    { 160, 8, 13, 3, 1 }, /* 0x05 */
    { 180, 10, 13, 2, 1 }, /* 0x06 */
    { 220, 10, 13, 3, 1 }, /* 0x07 */
    { 260, 8, 13, 2, 1 }, /* 0x08 */
    { 280, 11, 13, 2, 1 }, /* 0x09 */
    { 320, 11, 13, 2, 1 }, /* 0x0A */
    { 360, 8, 11, 3, 1 }, /* 0x0B */
    { 380, 9, 13, 2, 1 }, /* 0x0C */
    { 420, 10, 13, 2, 1 }, /* 0x0D */
    { 460, 11, 13, 1, 1 }, /* 0x0E */
    { 500, 11, 13, 2, 1 }, /* 0x0F */
    { 540, 9, 13, 3, 1 }, /* 0x10 */
    { 580, 9, 13, 2, 1 }, /* 0x11 */
    { 620, 10, 13, 2, 1 }, /* 0x12 */
    { 660, 11, 13, 2, 1 }, /* 0x13 */
    { 700, 11, 13, 2, 1 }, /* 0x14 */
    { 740, 11, 13, 2, 1 }, /* 0x15 */
    { 780, 12, 13, 1, 1 }, /* 0x16 */
    { 820, 12, 13, 1, 1 }, /* 0x17 */
    { 860, 10, 13, 2, 1 }, /* 0x18 */
    { 900, 10, 13, 2, 1 }, /* 0x19 */
    { 940, 11, 13, 2, 1 }, /* 0x1A */
    { 980, 9, 13, 3, 1 }, /* 0x1B */
    { 1020, 10, 13, 2, 1 }, /* 0x1C */
    { 1060, 9, 13, 2, 1 }, /* 0x1D */
    { 1100, 14, 13, 0, 1 }, /* 0x1E */
    { 1140, 8, 13, 3, 1 }, /* 0x1F */
    { 1160, 0, 10, -3, 1 }, /* 0x20 */
    { 1160, 5, 5, 1, 1 }, /* 0x21 */
    { 1180, 6, 8, 3, 1 }, /* 0x22 */
    { 1200, 14, 16, 1, 1 }, /* 0x23 */
    { 1240, 13, 14, 1, 1 }, /* 0x24 */
    { 1280, 15, 19, 3, 1 }, /* 0x25 */
    { 1320, 13, 16, 1, 1 }, /* 0x26 */
    { 1360, 3, 5, 3, 1 }, /* 0x27 */
    { 1380, 9, 9, 1, 1 }, /* 0x28 */
    { 1420, 9, 9, 0, 1 }, /* 0x29 */
    { 1460, 9, 11, 3, 1 }, /* 0x2A */
    { 1500, 12, 15, 2, 1 }, /* 0x2B */
    { 1540, 4, 6, 0, 1 }, /* 0x2C */
    { 1560, 9, 12, 2, 1 }, /* 0x2D */
    { 1600, 2, 5, 1, 1 }, /* 0x2E */
    { 1620, 11, 11, 1, 1 }, /* 0x2F */
    { 1660, 12, 14, 2, 1 }, /* 0x30 */
    { 1700, 7, 14, 5, 1 }, /* 0x31 */
    { 1720, 14, 14, 1, 1 }, /* 0x32 */
    { 1760, 14, 14, 1, 1 }, /* 0x33 */
    { 1800, 11, 14, 2, 1 }, /* 0x34 */
    { 1840, 14, 14, 1, 1 }, /* 0x35 */
    { 1880, 13, 14, 2, 1 }, /* 0x36 */
    { 1920, 12, 14, 3, 1 }, /* 0x37 */
    { 1960, 13, 14, 1, 1 }, /* 0x38 */
    { 2000, 14, 14, 1, 1 }, /* 0x39 */
    { 2040, 4, 5, 1, 1 }, /* 0x3A */
    { 2060, 6, 6, 0, 1 }, /* 0x3B */
    { 2080, 10, 11, 2, 1 }, /* 0x3C */
    { 2120, 9, 11, 2, 1 }, /* 0x3D */
    { 2160, 10, 11, 1, 1 }, /* 0x3E */
    { 2200, 10, 12, 3, 1 }, /* 0x3F */
    { 2240, 18, 20, 2, 1 }, /* 0x40 */
    { 2300, 13, 16, 1, 1 }, /* 0x41 */
    { 2340, 14, 15, 1, 1 }, /* 0x42 */
    { 2380, 14, 16, 2, 1 }, /* 0x43 */
    { 2420, 14, 15, 1, 1 }, /* 0x44 */
    { 2460, 14, 14, 1, 1 }, /* 0x45 */
    { 2500, 13, 13, 1, 1 }, /* 0x46 */
    { 2540, 14, 16, 2, 1 }, /* 0x47 */
    { 2580, 15, 15, 1, 1 }, /* 0x48 */
    { 2620, 5, 7, 2, 1 }, /* 0x49 */
    { 2640, 12, 12, 1, 1 }, /* 0x4A */
    { 2680, 13, 14, 1, 1 }, /* 0x4B */
    { 2720, 10, 13, 1, 1 }, /* 0x4C */
    { 2760, 17, 17, 1, 1 }, /* 0x4D */
    { 2820, 15, 15, 1, 1 }, /* 0x4E */
    { 2860, 15, 17, 2, 1 }, /* 0x4F */
    { 2900, 14, 14, 1, 1 }, /* 0x50 */
    { 2940, 15, 17, 2, 1 }, /* 0x51 */
    { 2980, 14, 14, 1, 1 }, /* 0x52 */
    { 3020, 14, 14, 1, 1 }, /* 0x53 */
    { 3060, 12, 15, 4, 1 }, /* 0x54 */
    { 3100, 13, 14, 2, 1 }, /* 0x55 */
    { 3140, 11, 14, 4, 1 }, /* 0x56 */
    { 3180, 18, 21, 4, 1 }, /* 0x57 */
    { 3240, 13, 13, 1, 1 }, /* 0x58 */
    { 3280, 12, 15, 4, 1 }, /* 0x59 */
    { 3320, 14, 14, 1, 1 }, /* 0x5A */
    { 3360, 10, 9, 0, 1 }, /* 0x5B */
    { 3400, 5, 11, 4, 1 }, /* 0x5C */
    { 3420, 10, 9, 0, 1 }, /* 0x5D */
    { 3460, 8, 11, 3, 1 }, /* 0x5E */
    { 3480, 10, 13, -1, 1 }, /* 0x5F */
    { 3520, 5, 13, 6, 1 }, /* 0x60 */
    { 3540, 12, 14, 1, 1 }, /* 0x61 */
    { 3580, 11, 13, 1, 1 }, /* 0x62 */
    { 3620, 12, 14, 2, 1 }, /* 0x63 */
    { 3660, 12, 13, 2, 1 }, /* 0x64 */
    { 3700, 12, 13, 1, 1 }, /* 0x65 */
    { 3740, 8, 10, 3, 1 }, /* 0x66 */
    { 3760, 13, 13, 0, 1 }, /* 0x67 */
    { 3800, 11, 13, 1, 1 }, /* 0x68 */
    { 3840, 5, 7, 2, 1 }, /* 0x69 */
    { 3860, 8, 7, -1, 1 }, /* 0x6A */
    { 3880, 10, 12, 1, 1 }, /* 0x6B */
    { 3920, 5, 7, 2, 1 }, /* 0x6C */
    { 3940, 16, 17, 1, 1 }, /* 0x6D */
    { 3980, 11, 12, 1, 1 }, /* 0x6E */
    { 4020, 11, 14, 2, 1 }, /* 0x6F */
    { 4060, 12, 13, 0, 1 }, /* 0x70 */
    { 4100, 11, 13, 2, 1 }, /* 0x71 */
    { 4140, 9, 9, 1, 1 }, /* 0x72 */
    { 4180, 11, 12, 1, 1 }, /* 0x73 */
    { 4220, 6, 9, 3, 1 }, /* 0x74 */
    { 4240, 11, 12, 1, 1 }, /* 0x75 */
    { 4280, 10, 13, 3, 1 }, /* 0x76 */
    { 4320, 14, 17, 3, 1 }, /* 0x77 */
    { 4360, 10, 11, 1, 1 }, /* 0x78 */
    { 4400, 13, 13, 0, 1 }, /* 0x79 */
    { 4440, 11, 12, 1, 1 }, /* 0x7A */
    { 4480, 10, 11, 2, 1 }, /* 0x7B */
    { 4520, 6, 5, 0, 1 }, /* 0x7C */
    { 4540, 10, 11, 0, 1 }, /* 0x7D */
    { 4580, 12, 14, 2, 1 }, /* 0x7E */
    { 4620, 11, 13, 1, 1 }, /* 0x7F */
};

static const uint8_t swiss20i_bitmap[] = {
    0x00, 0x00, 0x00, 0x00, 0x00, 0x00, 0x00, 0x1C, 0x7C, 0xFE, 0xFE, 0xFE, 0xF8, 0x70, 0x00, 0x00,
    0x00, 0x00, 0x00, 0x00, 0x00, 0x00, 0x00, 0x00, 0x03, 0x00, 0x03, 0x00, 0x06, 0x00, 0x06, 0x00,
    0x06, 0x00, 0x06, 0x00, 0x0C, 0x00, 0x0C, 0x00, 0x8C, 0x40, 0xCC, 0xC0, 0xDB, 0x00, 0x7E, 0x00,
    0x3C, 0x00, 0x18, 0x00, 0x00, 0x00, 0x00, 0x00, 0x00, 0x00, 0x00, 0x00, 0x00, 0x00, 0x00, 0x00,
    0x00, 0x00, 0x00, 0x00, 0x00, 0x00, 0x00, 0x00, 0x00, 0x00, 0x00, 0x00, 0x00, 0x60, 0x3C, 0xC0,
    0x6D, 0xC0, 0x67, 0x80, 0xC6, 0x00, 0xCF, 0x00, 0xD9, 0x80, 0x70, 0xC0, 0x00, 0x00, 0x00, 0x00,
    0x00, 0x00, 0x00, 0x00, 0x00, 0x00, 0x01, 0xF0, 0x03, 0xF8, 0x06, 0x18, 0x0C, 0x30, 0x0C, 0x30,
    0x18, 0x30, 0x1F, 0xE0, 0x3F, 0xC0, 0x30, 0x60, 0x30, 0x60, 0x30, 0x60, 0x60, 0xC0, 0x60, 0xC0,
    0x7F, 0x80, 0x7F, 0x80, 0xC0, 0x00, 0xC0, 0x00, 0xC0, 0x00, 0xC0, 0x00, 0x00, 0x00, 0x00, 0x00,
    0x00, 0x00, 0x00, 0x00, 0x18, 0x3C, 0x66, 0xC3, 0x00, 0x00, 0x00, 0x00, 0x00, 0x00, 0x00, 0x00,
    0x00, 0x00, 0x00, 0x00, 0x00, 0x00, 0x00, 0x00, 0xFF, 0xFF, 0x03, 0x03, 0x06, 0x00, 0x00, 0x00,
    0x00, 0x00, 0x00, 0x00, 0x00, 0x00, 0x00, 0x00, 0x00, 0x00, 0x00, 0x00, 0x0F, 0x80, 0x1F, 0xC0,
    0x38, 0xC0, 0x30, 0x00, 0x60, 0x00, 0x7F, 0x00, 0x7F, 0x00, 0x60, 0x00, 0xC0, 0x00, 0xE3, 0x00,
    0x7F, 0x00, 0x3E, 0x00, 0x00, 0x00, 0x00, 0x00, 0x00, 0x00, 0x00, 0x00, 0x00, 0x00, 0x00, 0x00,
    0x00, 0x00, 0x00, 0x00, 0xFF, 0xC0, 0xFF, 0xC0, 0x31, 0x80, 0x31, 0x80, 0x63, 0x00, 0x63, 0x00,
    0x63, 0x00, 0x63, 0x00, 0xC6, 0x00, 0xC6, 0x00, 0xC6, 0x00, 0xC6, 0x00, 0x00, 0x00, 0x00, 0x00,
    0x00, 0x00, 0x00, 0x00, 0x00, 0x00, 0x18, 0x18, 0x18, 0x18, 0x0C, 0x0C, 0x0C, 0x0C, 0x1E, 0x1E,
    0x66, 0x66, 0xC3, 0xC3, 0x00, 0x00, 0x00, 0x00, 0x00, 0x00, 0x00, 0x00, 0x00, 0x00, 0x10, 0x20,
    0x30, 0xC0, 0x19, 0x80, 0x0F, 0x00, 0x06, 0x00, 0x1E, 0x00, 0x33, 0x00, 0x61, 0x80, 0x61, 0x80,
    0xC3, 0x00, 0xC3, 0x00, 0xC3, 0x00, 0x7E, 0x00, 0x78, 0x00, 0x00, 0x00, 0x00, 0x00, 0x00, 0x00,
    0x00, 0x00, 0x00, 0x00, 0x03, 0xC0, 0x07, 0xE0, 0x18, 0xC0, 0x18, 0x00, 0x0C, 0x00, 0x06, 0x00,
    0x06, 0x00, 0x0F, 0x00, 0x19, 0x80, 0x31, 0x80, 0xC1, 0x80, 0xC1, 0x80, 0xC1, 0x80, 0x7F, 0x00,
    0x7C, 0x00, 0x00, 0x00, 0x00, 0x00, 0x00, 0x00, 0x00, 0x00, 0x00, 0x00, 0x18, 0x3C, 0x7E, 0xDB,
    0x30, 0x30, 0x30, 0x30, 0x60, 0x60, 0x60, 0x00, 0x00, 0x00, 0x00, 0x00, 0x00, 0x00, 0x00, 0x00,
    0x00, 0x00, 0x00, 0x00, 0x00, 0x00, 0x06, 0x00, 0x06, 0x00, 0x06, 0x00, 0x7F, 0x80, 0x7F, 0x80,
    0x0C, 0x00, 0x0C, 0x00, 0x18, 0x00, 0x00, 0x00, 0xFF, 0x00, 0xFF, 0x00, 0x00, 0x00, 0x00, 0x00,
    0x00, 0x00, 0x00, 0x00, 0x00, 0x00, 0x00, 0x00, 0x00, 0x00, 0x00, 0x00, 0x00, 0x00, 0x0F, 0x00,
    0x1F, 0x80, 0x36, 0xC0, 0xCC, 0xC0, 0xFF, 0xC0, 0xFF, 0xC0, 0xCC, 0xC0, 0xDB, 0x00, 0x7E, 0x00,
    0x3C, 0x00, 0x00, 0x00, 0x00, 0x00, 0x00, 0x00, 0x00, 0x00, 0x00, 0x00, 0x00, 0x00, 0x00, 0x00,
    0x00, 0x00, 0x00, 0x00, 0x00, 0x00, 0x00, 0x00, 0x1E, 0xE0, 0x1E, 0xE0, 0x66, 0x60, 0x66, 0x60,
    0x66, 0x60, 0x66, 0x60, 0xCC, 0xC0, 0x7B, 0x80, 0x7B, 0x80, 0x00, 0x00, 0x00, 0x00, 0x00, 0x00,
    0x00, 0x00, 0x00, 0x00, 0x00, 0x00, 0x07, 0x80, 0x07, 0xC0, 0x00, 0xE0, 0x00, 0xC0, 0x00, 0xC0,
    0x0E, 0xC0, 0x1F, 0xC0, 0x73, 0x80, 0x61, 0x80, 0x61, 0x80, 0x61, 0x80, 0xC3, 0x00, 0xE7, 0x00,
    0x7E, 0x00, 0x38, 0x00, 0x00, 0x00, 0x00, 0x00, 0x00, 0x00, 0x00, 0x00, 0x00, 0x00, 0x00, 0x00,
    0x00, 0x00, 0x00, 0x00, 0x00, 0x00, 0x00, 0x00, 0x1F, 0x80, 0x3F, 0x80, 0xC0, 0x00, 0xC0, 0x00,
    0xC0, 0x00, 0xC0, 0x00, 0xFE, 0x00, 0x7E, 0x00, 0x00, 0x00, 0x00, 0x00, 0x00, 0x00, 0x00, 0x00,
    0x00, 0x00, 0x00, 0x00, 0x00, 0x00, 0x00, 0x00, 0x00, 0x00, 0x00, 0x00, 0x00, 0x00, 0x00, 0x00,
    0x3F, 0x00, 0x3F, 0x80, 0x01, 0x80, 0x01, 0x80, 0x01, 0x80, 0x01, 0x80, 0xFE, 0x00, 0xFC, 0x00,
    0x00, 0x00, 0x00, 0x00, 0x00, 0x00, 0x00, 0x00, 0x00, 0x00, 0x00, 0x00, 0x00, 0x00, 0x00, 0x00,
    0x07, 0x80, 0x0F, 0xC0, 0x30, 0xC0, 0x30, 0xC0, 0x30, 0xC0, 0x30, 0xC0, 0x61, 0x80, 0x61, 0x80,
    0x61, 0x80, 0x61, 0x80, 0xC3, 0x00, 0xC3, 0x00, 0xC3, 0x00, 0x00, 0x00, 0x00, 0x00, 0x00, 0x00,
    0x00, 0x00, 0x00, 0x00, 0x00, 0x00, 0x00, 0x00, 0x00, 0x00, 0x18, 0x60, 0x30, 0xC0, 0x30, 0xC0,
    0x30, 0xC0, 0x30, 0xC0, 0x61, 0x80, 0x61, 0x80, 0x61, 0x80, 0x61, 0x80, 0xC3, 0x00, 0x7E, 0x00,
    0x3C, 0x00, 0x00, 0x00, 0x00, 0x00, 0x00, 0x00, 0x00, 0x00, 0x00, 0x00, 0x00, 0x00, 0x00, 0x00,
    0x18, 0x60, 0x18, 0x60, 0x30, 0xC0, 0x30, 0xC0, 0x30, 0xC0, 0x3F, 0xC0, 0x7F, 0x80, 0x61, 0x80,
    0x61, 0x80, 0x61, 0x80, 0xC3, 0x00, 0xE7, 0x00, 0x7E, 0x00, 0x3C, 0x00, 0x00, 0x00, 0x00, 0x00,
    0x00, 0x00, 0x00, 0x00, 0x00, 0x00, 0x00, 0x00, 0x1F, 0xE0, 0x1F, 0xE0, 0x00, 0xC0, 0x00, 0xC0,
    0x00, 0xC0, 0x00, 0xC0, 0x1F, 0x80, 0x1F, 0x80, 0x01, 0x80, 0x01, 0x80, 0x03, 0x00, 0x03, 0x00,
    0xFF, 0x00, 0xFF, 0x00, 0x00, 0x00, 0x00, 0x00, 0x00, 0x00, 0x00, 0x00, 0x00, 0x00, 0x00, 0x00,
    0x00, 0x00, 0x03, 0x80, 0x1F, 0xC0, 0x30, 0x60, 0x38, 0xE0, 0x6D, 0xB0, 0xCE, 0x60, 0xCE, 0x60,
    0xDB, 0x60, 0x71, 0xC0, 0x7F, 0x00, 0x1C, 0x00, 0x00, 0x00, 0x00, 0x00, 0x00, 0x00, 0x00, 0x00,
    0x00, 0x00, 0x00, 0x00, 0x00, 0x00, 0x00, 0x00, 0x00, 0x00, 0x03, 0x00, 0x0C, 0x00, 0x18, 0x00,
    0x3F, 0xF0, 0x3F, 0xF0, 0x30, 0x00, 0x18, 0x00, 0x0C, 0x00, 0x03, 0x00, 0x03, 0x00, 0x01, 0x80,
    0xFF, 0xC0, 0xFF, 0xC0, 0x03, 0x00, 0x06, 0x00, 0x0C, 0x00, 0x00, 0x00, 0x00, 0x00, 0x00, 0x00,
    0x00, 0x00, 0x00, 0x00, 0x00, 0x00, 0x0C, 0x00, 0x18, 0x00, 0x30, 0x00, 0xFF, 0xC0, 0x60, 0x00,
    0x30, 0x00, 0x18, 0x00, 0x00, 0x00, 0x00, 0x00, 0x00, 0x00, 0x00, 0x00, 0x00, 0x00, 0x00, 0x00,
    0x00, 0x00, 0x00, 0x00, 0x00, 0x00, 0x00, 0x00, 0x00, 0x00, 0x00, 0x00, 0x00, 0x00, 0x03, 0x00,
    0x01, 0x80, 0x00, 0xC0, 0xFF, 0xC0, 0xFF, 0xC0, 0x01, 0x80, 0x03, 0x00, 0x0C, 0x00, 0x00, 0x00,
    0x00, 0x00, 0x00, 0x00, 0x00, 0x00, 0x00, 0x00, 0x00, 0x00, 0x00, 0x00, 0x00, 0x00, 0x00, 0x00,
    0x00, 0x60, 0x00, 0x60, 0x01, 0x80, 0x01, 0x80, 0x3F, 0xC0, 0x3F, 0xC0, 0x0C, 0x00, 0x0C, 0x00,
    0x7F, 0x80, 0x7F, 0x80, 0x60, 0x00, 0x60, 0x00, 0xC0, 0x00, 0xC0, 0x00, 0x00, 0x00, 0x00, 0x00,
    0x00, 0x00, 0x00, 0x00, 0x00, 0x00, 0x06, 0x00, 0x06, 0x00, 0x06, 0x00, 0x1E, 0x00, 0x1E, 0x00,
    0x33, 0x00, 0x61, 0x80, 0xC3, 0x00, 0x66, 0x00, 0x3C, 0x00, 0x3C, 0x00, 0x30, 0x00, 0x30, 0x00,
    0x30, 0x00, 0x00, 0x00, 0x00, 0x00, 0x00, 0x00, 0x00, 0x00, 0x00, 0x00, 0x00, 0x00, 0x00, 0x00,
    0x00, 0x00, 0x00, 0x00, 0x00, 0x00, 0x00, 0xC0, 0x03, 0x80, 0x0E, 0x00, 0x70, 0x00, 0x70, 0x00,
    0x1C, 0x00, 0x07, 0x00, 0x03, 0x00, 0x00, 0x00, 0xFF, 0x00, 0xFF, 0x00, 0x00, 0x00, 0x00, 0x00,
    0x00, 0x00, 0x00, 0x00, 0x00, 0x00, 0x00, 0x00, 0x00, 0x00, 0x00, 0x00, 0x00, 0x00, 0x30, 0x00,
    0x1C, 0x00, 0x07, 0x00, 0x03, 0x80, 0x03, 0x80, 0x0E, 0x00, 0x38, 0x00, 0xC0, 0x00, 0x00, 0x00,
    0xFF, 0x00, 0xFF, 0x00, 0x00, 0x00, 0x00, 0x00, 0x00, 0x00, 0x00, 0x00, 0x00, 0x00, 0x00, 0x00,
    0x00, 0x00, 0x00, 0x00, 0x00, 0x00, 0x3F, 0xFC, 0x3F, 0xFC, 0x00, 0x00, 0x7F, 0xF8, 0x7F, 0xF8,
    0x00, 0x00, 0x7F, 0xF8, 0xFF, 0xF0, 0x00, 0x00, 0x00, 0x00, 0x00, 0x00, 0x00, 0x00, 0x00, 0x00,
    0x00, 0x00, 0x00, 0x00, 0x00, 0x00, 0x00, 0x00, 0x00, 0x00, 0x00, 0x00, 0xC3, 0x66, 0x3C, 0x18,
    0x00, 0x00, 0x00, 0x00, 0x00, 0x00, 0x00, 0x00, 0x00, 0x18, 0x18, 0x18, 0x30, 0x30, 0x30, 0x30,
    0x60, 0x60, 0x60, 0x00, 0xC0, 0xC0, 0xC0, 0x00, 0x00, 0x00, 0x00, 0x00, 0x00, 0x6C, 0x6C, 0x6C,
    0xD8, 0xD8, 0x00, 0x00, 0x00, 0x00, 0x00, 0x00, 0x00, 0x00, 0x00, 0x00, 0x00, 0x00, 0x00, 0x00,
    0x00, 0x00, 0x01, 0x98, 0x01, 0x98, 0x03, 0x30, 0x03, 0x30, 0x1F, 0xFC, 0x06, 0x60, 0x0C, 0xC0,
    0x0C, 0xC0, 0x19, 0x80, 0xFF, 0xE0, 0x33, 0x00, 0x33, 0x00, 0x66, 0x00, 0x66, 0x00, 0x00, 0x00,
    0x00, 0x00, 0x00, 0x00, 0x00, 0x00, 0x00, 0x00, 0x01, 0x80, 0x07, 0xE0, 0x0D, 0xB0, 0x19, 0x98,
    0x33, 0x30, 0x33, 0x00, 0x1B, 0x00, 0x0F, 0x80, 0x07, 0xC0, 0x06, 0x60, 0x06, 0x30, 0x66, 0x30,
    0xCC, 0x60, 0x6C, 0xC0, 0x3F, 0x80, 0x0C, 0x00, 0x00, 0x00, 0x00, 0x00, 0x00, 0x00, 0x00, 0x00,
    0x00, 0x00, 0x3E, 0x18, 0x63, 0x18, 0x63, 0x30, 0xC6, 0x60, 0xC6, 0xC0, 0xC6, 0xC0, 0x7D, 0x80,
    0x03, 0x7C, 0x06, 0xC6, 0x06, 0xC6, 0x0C, 0xC6, 0x19, 0x8C, 0x31, 0x8C, 0x30, 0xF8, 0x00, 0x00,
    0x00, 0x00, 0x00, 0x00, 0x00, 0x00, 0x00, 0x00, 0x00, 0x00, 0x03, 0xC0, 0x06, 0x60, 0x0C, 0x30,
    0x18, 0x60, 0x0C, 0xC0, 0x07, 0x80, 0x0F, 0x00, 0x33, 0x18, 0x61, 0xB0, 0x60, 0xF0, 0x60, 0x60,
    0xC1, 0xE0, 0x63, 0x30, 0x3E, 0x18, 0x00, 0x00, 0x00, 0x00, 0x00, 0x00, 0x00, 0x00, 0x00, 0x00,
    0x00, 0x60, 0x60, 0x60, 0xC0, 0xC0, 0x00, 0x00, 0x00, 0x00, 0x00, 0x00, 0x00, 0x00, 0x00, 0x00,
    0x00, 0x00, 0x00, 0x00, 0x00, 0x00, 0x01, 0x80, 0x03, 0x00, 0x06, 0x00, 0x0C, 0x00, 0x18, 0x00,
    0x18, 0x00, 0x30, 0x00, 0x60, 0x00, 0x60, 0x00, 0x60, 0x00, 0x60, 0x00, 0xC0, 0x00, 0x60, 0x00,
    0x60, 0x00, 0x30, 0x00, 0x60, 0x00, 0x30, 0x00, 0x18, 0x00, 0x00, 0x00, 0x00, 0x00, 0x0C, 0x00,
    0x06, 0x00, 0x03, 0x00, 0x06, 0x00, 0x03, 0x00, 0x03, 0x00, 0x01, 0x80, 0x03, 0x00, 0x03, 0x00,
    0x03, 0x00, 0x03, 0x00, 0x06, 0x00, 0x0C, 0x00, 0x0C, 0x00, 0x18, 0x00, 0x30, 0x00, 0x60, 0x00,
    0xC0, 0x00, 0x00, 0x00, 0x00, 0x00, 0x0C, 0x00, 0x6D, 0x80, 0x3F, 0x00, 0x3C, 0x00, 0x7E, 0x00,
    0xDB, 0x00, 0x18, 0x00, 0x00, 0x00, 0x00, 0x00, 0x00, 0x00, 0x00, 0x00, 0x00, 0x00, 0x00, 0x00,
    0x00, 0x00, 0x00, 0x00, 0x00, 0x00, 0x00, 0x00, 0x00, 0x00, 0x00, 0x00, 0x00, 0x00, 0x00, 0x00,
    0x00, 0x00, 0x00, 0x00, 0x03, 0x00, 0x03, 0x00, 0x03, 0x00, 0x03, 0x00, 0xFF, 0xF0, 0x06, 0x00,
    0x06, 0x00, 0x06, 0x00, 0x0C, 0x00, 0x0C, 0x00, 0x00, 0x00, 0x00, 0x00, 0x00, 0x00, 0x00, 0x00,
    0x00, 0x00, 0x00, 0x00, 0x00, 0x00, 0x00, 0x00, 0x00, 0x00, 0x00, 0x00, 0x00, 0x00, 0x00, 0x00,
    0x70, 0x30, 0x30, 0x30, 0xC0, 0x00, 0x00, 0x00, 0x00, 0x00, 0x00, 0x00, 0x00, 0x00, 0x00, 0x00,
    0x00, 0x00, 0x00, 0x00, 0x00, 0x00, 0x00, 0x00, 0xFF, 0x80, 0x00, 0x00, 0x00, 0x00, 0x00, 0x00,
    0x00, 0x00, 0x00, 0x00, 0x00, 0x00, 0x00, 0x00, 0x00, 0x00, 0x00, 0x00, 0x00, 0x00, 0x00, 0x00,
    0x00, 0x00, 0x00, 0x00, 0x00, 0x00, 0x00, 0x00, 0x00, 0x00, 0x00, 0x00, 0xC0, 0xC0, 0xC0, 0x00,
    0x00, 0x00, 0x00, 0x00, 0x00, 0x00, 0x00, 0x60, 0x00, 0x60, 0x00, 0xC0, 0x01, 0x80, 0x03, 0x00,
    0x03, 0x00, 0x06, 0x00, 0x0C, 0x00, 0x18, 0x00, 0x18, 0x00, 0x30, 0x00, 0x60, 0x00, 0xC0, 0x00,
    0xC0, 0x00, 0x00, 0x00, 0x00, 0x00, 0x00, 0x00, 0x00, 0x00, 0x00, 0x00, 0x00, 0x00, 0x07, 0xC0,
    0x0C, 0x60, 0x18, 0x30, 0x60, 0x30, 0x60, 0x30, 0x60, 0x30, 0x60, 0x30, 0xC0, 0x60, 0xC0, 0x60,
    0xC0, 0x60, 0xC0, 0x60, 0xC1, 0x80, 0x63, 0x00, 0x3E, 0x00, 0x00, 0x00, 0x00, 0x00, 0x00, 0x00,
    0x00, 0x00, 0x00, 0x00, 0x00, 0x06, 0x0E, 0x1E, 0xEC, 0x0C, 0x0C, 0x0C, 0x18, 0x18, 0x18, 0x18,
    0x30, 0x30, 0x30, 0x00, 0x00, 0x00, 0x00, 0x00, 0x00, 0x00, 0x03, 0xF0, 0x06, 0x18, 0x0C, 0x0C,
    0x18, 0x18, 0x18, 0x18, 0x00, 0x18, 0x00, 0x30, 0x01, 0xC0, 0x07, 0x00, 0x0C, 0x00, 0x18, 0x00,
    0x60, 0x00, 0xC0, 0x00, 0xFF, 0xE0, 0x00, 0x00, 0x00, 0x00, 0x00, 0x00, 0x00, 0x00, 0x00, 0x00,
    0x00, 0x00, 0x03, 0xF0, 0x06, 0x18, 0x0C, 0x0C, 0x18, 0x18, 0x00, 0x18, 0x00, 0x30, 0x03, 0xE0,
    0x00, 0x60, 0x00, 0x30, 0x00, 0x30, 0x60, 0x30, 0xC0, 0x60, 0x60, 0xC0, 0x3F, 0x80, 0x00, 0x00,
    0x00, 0x00, 0x00, 0x00, 0x00, 0x00, 0x00, 0x00, 0x00, 0x00, 0x00, 0xE0, 0x01, 0xE0, 0x01, 0xE0,
    0x06, 0xC0, 0x0C, 0xC0, 0x0C, 0xC0, 0x18, 0xC0, 0x61, 0x80, 0x61, 0x80, 0xC1, 0x80, 0xFF, 0xE0,
    0x03, 0x00, 0x03, 0x00, 0x03, 0x00, 0x00, 0x00, 0x00, 0x00, 0x00, 0x00, 0x00, 0x00, 0x00, 0x00,
    0x00, 0x00, 0x07, 0xFC, 0x06, 0x00, 0x06, 0x00, 0x18, 0x00, 0x18, 0x00, 0x1F, 0xE0, 0x3C, 0x30,
    0x60, 0x30, 0x00, 0x30, 0x00, 0x30, 0x60, 0x30, 0xC0, 0x60, 0x60, 0xC0, 0x3F, 0x80, 0x00, 0x00,
    0x00, 0x00, 0x00, 0x00, 0x00, 0x00, 0x00, 0x00, 0x00, 0x00, 0x07, 0xE0, 0x1C, 0x30, 0x18, 0x18,
    0x60, 0x00, 0x60, 0x00, 0x7F, 0xC0, 0x70, 0x60, 0xC0, 0x60, 0xC0, 0x60, 0xC0, 0x60, 0xC0, 0x60,
    0xC0, 0xC0, 0xE1, 0x80, 0x3F, 0x00, 0x00, 0x00, 0x00, 0x00, 0x00, 0x00, 0x00, 0x00, 0x00, 0x00,
    0x00, 0x00, 0x7F, 0xF0, 0x00, 0x30, 0x00, 0x30, 0x00, 0xC0, 0x01, 0x80, 0x03, 0x00, 0x06, 0x00,
    0x18, 0x00, 0x18, 0x00, 0x30, 0x00, 0x30, 0x00, 0xC0, 0x00, 0xC0, 0x00, 0xC0, 0x00, 0x00, 0x00,
    0x00, 0x00, 0x00, 0x00, 0x00, 0x00, 0x00, 0x00, 0x00, 0x00, 0x03, 0xE0, 0x06, 0x30, 0x0C, 0x18,
    0x18, 0x30, 0x18, 0x30, 0x0C, 0x60, 0x0F, 0xE0, 0x30, 0x60, 0x60, 0x30, 0x60, 0x30, 0x60, 0x30,
    0xC0, 0x60, 0x60, 0xC0, 0x3F, 0x80, 0x00, 0x00, 0x00, 0x00, 0x00, 0x00, 0x00, 0x00, 0x00, 0x00,
    0x00, 0x00, 0x07, 0xF0, 0x0C, 0x18, 0x18, 0x0C, 0x30, 0x18, 0x30, 0x18, 0x30, 0x18, 0x18, 0x18,
    0x38, 0x70, 0x0F, 0xF0, 0x00, 0x30, 0x00, 0x30, 0xC0, 0xC0, 0x61, 0xC0, 0x3F, 0x00, 0x00, 0x00,
    0x00, 0x00, 0x00, 0x00, 0x00, 0x00, 0x00, 0x00, 0x00, 0x00, 0x00, 0x00, 0x00, 0x00, 0x30, 0x30,
    0x60, 0x00, 0x00, 0x00, 0xC0, 0xC0, 0xC0, 0x00, 0x00, 0x00, 0x00, 0x00, 0x00, 0x00, 0x00, 0x00,
    0x00, 0x00, 0x0C, 0x0C, 0x18, 0x00, 0x00, 0x00, 0x70, 0x30, 0x30, 0x30, 0xC0, 0x00, 0x00, 0x00,
    0x00, 0x00, 0x00, 0xC0, 0x01, 0x80, 0x03, 0x00, 0x0C, 0x00, 0x18, 0x00, 0x30, 0x00, 0x60, 0x00,
    0xC0, 0x00, 0x60, 0x00, 0x30, 0x00, 0x18, 0x00, 0x18, 0x00, 0x0C, 0x00, 0x06, 0x00, 0x00, 0x00,
    0x00, 0x00, 0x00, 0x00, 0x00, 0x00, 0x00, 0x00, 0x00, 0x00, 0x00, 0x00, 0x00, 0x00, 0x00, 0x00,
    0x00, 0x00, 0x00, 0x00, 0x00, 0x00, 0x7F, 0x80, 0x00, 0x00, 0x00, 0x00, 0xFF, 0x00, 0x00, 0x00,
    0x00, 0x00, 0x00, 0x00, 0x00, 0x00, 0x00, 0x00, 0x00, 0x00, 0x00, 0x00, 0x00, 0x00, 0x00, 0x00,
    0x00, 0x00, 0x18, 0x00, 0x0C, 0x00, 0x06, 0x00, 0x06, 0x00, 0x03, 0x00, 0x01, 0x80, 0x00, 0xC0,
    0x01, 0x80, 0x03, 0x00, 0x06, 0x00, 0x0C, 0x00, 0x30, 0x00, 0x60, 0x00, 0xC0, 0x00, 0x00, 0x00,
    0x00, 0x00, 0x00, 0x00, 0x00, 0x00, 0x00, 0x00, 0x00, 0x00, 0x1F, 0x00, 0x31, 0x80, 0x60, 0xC0,
    0xC1, 0x80, 0xC1, 0x80, 0x03, 0x00, 0x06, 0x00, 0x18, 0x00, 0x18, 0x00, 0x18, 0x00, 0x00, 0x00,
    0x30, 0x00, 0x30, 0x00, 0x30, 0x00, 0x00, 0x00, 0x00, 0x00, 0x00, 0x00, 0x00, 0x00, 0x00, 0x00,
    0x01, 0xFC, 0x00, 0x07, 0x07, 0x00, 0x0C, 0x01, 0x80, 0x18, 0x00, 0xC0, 0x30, 0xFD, 0x80, 0x61,
    0x9C, 0xC0, 0x63, 0x0C, 0xC0, 0x66, 0x0C, 0xC0, 0xCC, 0x31, 0x80, 0xCC, 0x33, 0x00, 0xCC, 0x77,
    0x00, 0x67, 0xFC, 0x00, 0xC0, 0x00, 0x00, 0x60, 0x06, 0x00, 0x38, 0x1C, 0x00, 0x0F, 0xF0, 0x00,
    0x00, 0x00, 0x00, 0x00, 0x00, 0x00, 0x00, 0x00, 0x00, 0x00, 0x00, 0x00, 0x00, 0x00, 0x00, 0xE0,
    0x00, 0xE0, 0x01, 0xB0, 0x03, 0x60, 0x06, 0x30, 0x06, 0x30, 0x06, 0x30, 0x18, 0x30, 0x18, 0x30,
    0x3F, 0xF8, 0x30, 0x18, 0x60, 0x30, 0xC0, 0x18, 0xC0, 0x18, 0x00, 0x00, 0x00, 0x00, 0x00, 0x00,
    0x00, 0x00, 0x00, 0x00, 0x00, 0x00, 0x1F, 0xF0, 0x18, 0x18, 0x18, 0x0C, 0x30, 0x18, 0x30, 0x18,
    0x30, 0x30, 0x3F, 0xF0, 0x60, 0x30, 0x60, 0x18, 0x60, 0x18, 0x60, 0x18, 0xC0, 0x30, 0xC0, 0x60,
    0xFF, 0xC0, 0x00, 0x00, 0x00, 0x00, 0x00, 0x00, 0x00, 0x00, 0x00, 0x00, 0x00, 0x00, 0x03, 0xF0,
    0x0E, 0x1C, 0x18, 0x0C, 0x30, 0x0C, 0x60, 0x0C, 0x60, 0x00, 0x60, 0x00, 0xC0, 0x00, 0xC0, 0x18,
    0xC0, 0x18, 0x60, 0x18, 0xC0, 0x60, 0x70, 0xE0, 0x1F, 0x80, 0x00, 0x00, 0x00, 0x00, 0x00, 0x00,
    0x00, 0x00, 0x00, 0x00, 0x00, 0x00, 0x1F, 0xE0, 0x18, 0x38, 0x18, 0x0C, 0x30, 0x18, 0x30, 0x0C,
    0x30, 0x0C, 0x30, 0x0C, 0x60, 0x18, 0x60, 0x18, 0x60, 0x18, 0x60, 0x30, 0xC0, 0x60, 0xC1, 0xC0,
    0xFF, 0x00, 0x00, 0x00, 0x00, 0x00, 0x00, 0x00, 0x00, 0x00, 0x00, 0x00, 0x00, 0x00, 0x1F, 0xFC,
    0x18, 0x00, 0x18, 0x00, 0x30, 0x00, 0x30, 0x00, 0x30, 0x00, 0x3F, 0xF0, 0x60, 0x00, 0x60, 0x00,
    0x60, 0x00, 0x60, 0x00, 0xC0, 0x00, 0xC0, 0x00, 0xFF, 0xE0, 0x00, 0x00, 0x00, 0x00, 0x00, 0x00,
    0x00, 0x00, 0x00, 0x00, 0x00, 0x00, 0x1F, 0xF8, 0x18, 0x00, 0x18, 0x00, 0x30, 0x00, 0x30, 0x00,
    0x30, 0x00, 0x3F, 0xE0, 0x60, 0x00, 0x60, 0x00, 0x60, 0x00, 0x60, 0x00, 0xC0, 0x00, 0xC0, 0x00,
    0xC0, 0x00, 0x00, 0x00, 0x00, 0x00, 0x00, 0x00, 0x00, 0x00, 0x00, 0x00, 0x00, 0x00, 0x03, 0xF0,
    0x0E, 0x1C, 0x18, 0x0C, 0x30, 0x0C, 0x60, 0x0C, 0x60, 0x00, 0x60, 0x00, 0xC1, 0xF8, 0xC0, 0x18,
    0xC0, 0x18, 0x60, 0x18, 0xC0, 0x70, 0x70, 0xD0, 0x1F, 0x90, 0x00, 0x00, 0x00, 0x00, 0x00, 0x00,
    0x00, 0x00, 0x00, 0x00, 0x00, 0x00, 0x18, 0x06, 0x18, 0x06, 0x18, 0x06, 0x30, 0x0C, 0x30, 0x0C,
    0x30, 0x0C, 0x3F, 0xFC, 0x60, 0x18, 0x60, 0x18, 0x60, 0x18, 0x60, 0x18, 0xC0, 0x30, 0xC0, 0x30,
    0xC0, 0x30, 0x00, 0x00, 0x00, 0x00, 0x00, 0x00, 0x00, 0x00, 0x00, 0x00, 0x00, 0x18, 0x18, 0x18,
    0x30, 0x30, 0x30, 0x30, 0x60, 0x60, 0x60, 0x60, 0xC0, 0xC0, 0xC0, 0x00, 0x00, 0x00, 0x00, 0x00,
    0x00, 0x00, 0x00, 0x30, 0x00, 0x30, 0x00, 0x30, 0x00, 0x60, 0x00, 0x60, 0x00, 0x60, 0x00, 0x60,
    0x00, 0xC0, 0x00, 0xC0, 0x00, 0xC0, 0x60, 0xC0, 0xC1, 0x80, 0x63, 0x00, 0x3E, 0x00, 0x00, 0x00,
    0x00, 0x00, 0x00, 0x00, 0x00, 0x00, 0x00, 0x00, 0x00, 0x00, 0x18, 0x18, 0x18, 0x30, 0x18, 0x60,
    0x31, 0x80, 0x33, 0x00, 0x37, 0x00, 0x3D, 0x80, 0x73, 0x00, 0x61, 0x80, 0x60, 0xC0, 0x60, 0xC0,
    0xC0, 0xC0, 0xC0, 0x60, 0xC0, 0x60, 0x00, 0x00, 0x00, 0x00, 0x00, 0x00, 0x00, 0x00, 0x00, 0x00,
    0x00, 0x00, 0x18, 0x00, 0x18, 0x00, 0x18, 0x00, 0x30, 0x00, 0x30, 0x00, 0x30, 0x00, 0x30, 0x00,
    0x60, 0x00, 0x60, 0x00, 0x60, 0x00, 0x60, 0x00, 0xC0, 0x00, 0xC0, 0x00, 0xFF, 0xC0, 0x00, 0x00,
    0x00, 0x00, 0x00, 0x00, 0x00, 0x00, 0x00, 0x00, 0x00, 0x00, 0x00, 0x18, 0x01, 0x80, 0x1C, 0x03,
    0x80, 0x1C, 0x03, 0x80, 0x3C, 0x0F, 0x00, 0x34, 0x0B, 0x00, 0x36, 0x1B, 0x00, 0x36, 0x1B, 0x00,
    0x66, 0x66, 0x00, 0x66, 0x66, 0x00, 0x66, 0x66, 0x00, 0x63, 0xC6, 0x00, 0xC7, 0x8C, 0x00, 0xC3,
    0x0C, 0x00, 0xC3, 0x0C, 0x00, 0x00, 0x00, 0x00, 0x00, 0x00, 0x00, 0x00, 0x00, 0x00, 0x00, 0x00,
    0x00, 0x00, 0x00, 0x00, 0x00, 0x00, 0x18, 0x06, 0x1C, 0x06, 0x1E, 0x06, 0x36, 0x0C, 0x36, 0x0C,
    0x33, 0x0C, 0x31, 0x8C, 0x63, 0x18, 0x61, 0x98, 0x60, 0xD8, 0x60, 0xD8, 0xC0, 0xF0, 0xC0, 0x70,
    0xC0, 0x30, 0x00, 0x00, 0x00, 0x00, 0x00, 0x00, 0x00, 0x00, 0x00, 0x00, 0x00, 0x00, 0x03, 0xF0,
    0x0E, 0x1C, 0x18, 0x06, 0x30, 0x0C, 0x60, 0x06, 0x60, 0x06, 0x60, 0x06, 0xC0, 0x0C, 0xC0, 0x0C,
    0xC0, 0x0C, 0x60, 0x18, 0xC0, 0x30, 0x70, 0xE0, 0x1F, 0x80, 0x00, 0x00, 0x00, 0x00, 0x00, 0x00,
    0x00, 0x00, 0x00, 0x00, 0x00, 0x00, 0x1F, 0xF0, 0x18, 0x18, 0x18, 0x0C, 0x30, 0x18, 0x30, 0x18,
    0x30, 0x18, 0x30, 0x30, 0x7F, 0xC0, 0x60, 0x00, 0x60, 0x00, 0x60, 0x00, 0xC0, 0x00, 0xC0, 0x00,
    0xC0, 0x00, 0x00, 0x00, 0x00, 0x00, 0x00, 0x00, 0x00, 0x00, 0x00, 0x00, 0x00, 0x00, 0x03, 0xF0,
    0x0E, 0x1C, 0x18, 0x06, 0x30, 0x0C, 0x60, 0x06, 0x60, 0x06, 0x60, 0x06, 0xC0, 0x0C, 0xC0, 0x0C,
    0xC0, 0x0C, 0x61, 0x98, 0xC1, 0xB0, 0x70, 0xE0, 0x1F, 0xE0, 0x00, 0x30, 0x00, 0x00, 0x00, 0x00,
    0x00, 0x00, 0x00, 0x00, 0x00, 0x00, 0x1F, 0xF0, 0x18, 0x18, 0x18, 0x0C, 0x30, 0x18, 0x30, 0x18,
    0x30, 0x18, 0x30, 0x30, 0x7F, 0xC0, 0x60, 0x60, 0x60, 0x30, 0x60, 0x30, 0xC0, 0x60, 0xC0, 0x60,
    0xC0, 0x60, 0x00, 0x00, 0x00, 0x00, 0x00, 0x00, 0x00, 0x00, 0x00, 0x00, 0x00, 0x00, 0x07, 0xF0,
    0x0C, 0x18, 0x18, 0x0C, 0x30, 0x18, 0x30, 0x00, 0x1C, 0x00, 0x07, 0xC0, 0x00, 0xE0, 0x00, 0x30,
    0x60, 0x30, 0x60, 0x30, 0xC0, 0x60, 0x60, 0xC0, 0x3F, 0x80, 0x00, 0x00, 0x00, 0x00, 0x00, 0x00,
    0x00, 0x00, 0x00, 0x00, 0x00, 0x00, 0xFF, 0xF0, 0x06, 0x00, 0x06, 0x00, 0x0C, 0x00, 0x0C, 0x00,
    0x0C, 0x00, 0x0C, 0x00, 0x18, 0x00, 0x18, 0x00, 0x18, 0x00, 0x18, 0x00, 0x30, 0x00, 0x30, 0x00,
    0x30, 0x00, 0x00, 0x00, 0x00, 0x00, 0x00, 0x00, 0x00, 0x00, 0x00, 0x00, 0x00, 0x00, 0x30, 0x18,
    0x30, 0x18, 0x30, 0x18, 0x60, 0x30, 0x60, 0x30, 0x60, 0x30, 0x60, 0x30, 0xC0, 0x60, 0xC0, 0x60,
    0xC0, 0x60, 0xC0, 0x60, 0xC1, 0x80, 0xE3, 0x80, 0x3E, 0x00, 0x00, 0x00, 0x00, 0x00, 0x00, 0x00,
    0x00, 0x00, 0x00, 0x00, 0x00, 0x00, 0xC0, 0x60, 0xC0, 0x60, 0xC0, 0x60, 0xC1, 0x80, 0xC1, 0x80,
    0xC1, 0x80, 0x63, 0x00, 0xC6, 0x00, 0xC6, 0x00, 0x6C, 0x00, 0x6C, 0x00, 0xD8, 0x00, 0x70, 0x00,
    0x70, 0x00, 0x00, 0x00, 0x00, 0x00, 0x00, 0x00, 0x00, 0x00, 0x00, 0x00, 0x00, 0x00, 0x00, 0xC0,
    0xC0, 0xC0, 0xC0, 0xC0, 0xC0, 0xC1, 0xE0, 0xC0, 0xC3, 0xC3, 0x00, 0xC3, 0xC3, 0x00, 0xC6, 0x63,
    0x00, 0x66, 0x66, 0x00, 0xCC, 0xCC, 0x00, 0xD8, 0x6C, 0x00, 0x78, 0x78, 0x00, 0x78, 0x78, 0x00,
    0x60, 0x60, 0x00, 0x60, 0x60, 0x00, 0x60, 0x60, 0x00, 0x00, 0x00, 0x00, 0x00, 0x00, 0x00, 0x00,
    0x00, 0x00, 0x00, 0x00, 0x00, 0x00, 0x00, 0x00, 0x00, 0x00, 0x18, 0x18, 0x18, 0x18, 0x0C, 0x30,
    0x0C, 0xC0, 0x0C, 0xC0, 0x07, 0x80, 0x03, 0x00, 0x06, 0x00, 0x0F, 0x00, 0x19, 0x80, 0x19, 0x80,
    0x61, 0x80, 0xC0, 0xC0, 0xC0, 0xC0, 0x00, 0x00, 0x00, 0x00, 0x00, 0x00, 0x00, 0x00, 0x00, 0x00,
    0x00, 0x00, 0xC0, 0x30, 0xC0, 0x30, 0x60, 0x60, 0x61, 0x80, 0x61, 0x80, 0x33, 0x00, 0x1E, 0x00,
    0x3C, 0x00, 0x18, 0x00, 0x18, 0x00, 0x18, 0x00, 0x30, 0x00, 0x30, 0x00, 0x30, 0x00, 0x00, 0x00,
    0x00, 0x00, 0x00, 0x00, 0x00, 0x00, 0x00, 0x00, 0x00, 0x00, 0x1F, 0xFC, 0x00, 0x0C, 0x00, 0x18,
    0x00, 0x60, 0x00, 0xC0, 0x00, 0xC0, 0x01, 0x80, 0x06, 0x00, 0x0C, 0x00, 0x0C, 0x00, 0x18, 0x00,
    0x60, 0x00, 0xC0, 0x00, 0xFF, 0xE0, 0x00, 0x00, 0x00, 0x00, 0x00, 0x00, 0x00, 0x00, 0x00, 0x00,
    0x0F, 0xC0, 0x0C, 0x00, 0x0C, 0x00, 0x0C, 0x00, 0x18, 0x00, 0x18, 0x00, 0x18, 0x00, 0x18, 0x00,
    0x30, 0x00, 0x30, 0x00, 0x30, 0x00, 0x30, 0x00, 0x60, 0x00, 0x60, 0x00, 0x60, 0x00, 0x60, 0x00,
    0xC0, 0x00, 0xC0, 0x00, 0xFC, 0x00, 0x00, 0x00, 0x00, 0xC0, 0xC0, 0x60, 0xC0, 0x60, 0x60, 0x30,
    0x60, 0x30, 0x30, 0x18, 0x30, 0x18, 0x18, 0x00, 0x00, 0x00, 0x00, 0x00, 0x0F, 0xC0, 0x00, 0xC0,
    0x00, 0xC0, 0x00, 0xC0, 0x01, 0x80, 0x01, 0x80, 0x01, 0x80, 0x01, 0x80, 0x03, 0x00, 0x03, 0x00,
    0x03, 0x00, 0x03, 0x00, 0x06, 0x00, 0x06, 0x00, 0x06, 0x00, 0x06, 0x00, 0x0C, 0x00, 0x0C, 0x00,
    0xFC, 0x00, 0x00, 0x00, 0x00, 0x0C, 0x1E, 0x33, 0xC3, 0x00, 0x00, 0x00, 0x00, 0x00, 0x00, 0x00,
    0x00, 0x00, 0x00, 0x00, 0x00, 0x00, 0x00, 0x00, 0x00, 0x00, 0x00, 0x00, 0x00, 0x00, 0x00, 0x00,
    0x00, 0x00, 0x00, 0x00, 0x00, 0x00, 0x00, 0x00, 0x00, 0x00, 0x00, 0x00, 0x00, 0x00, 0x00, 0x00,
    0x00, 0x00, 0x00, 0x00, 0x00, 0x00, 0x00, 0x00, 0xFF, 0xC0, 0xFF, 0xC0, 0x00, 0x00, 0x00, 0x00,
    0x00, 0x00, 0x30, 0x78, 0xF0, 0xC0, 0x60, 0x30, 0x20, 0x00, 0x00, 0x00, 0x00, 0x00, 0x00, 0x00,
    0x00, 0x00, 0x00, 0x00, 0x00, 0x00, 0x00, 0x00, 0x00, 0x00, 0x00, 0x00, 0x00, 0x00, 0x0F, 0xE0,
    0x18, 0x30, 0x18, 0x30, 0x00, 0x60, 0x1F, 0xE0, 0x30, 0x60, 0x60, 0x60, 0xC0, 0xC0, 0x61, 0xC0,
    0x3F, 0xE0, 0x00, 0x00, 0x00, 0x00, 0x00, 0x00, 0x00, 0x00, 0x00, 0x00, 0x00, 0x00, 0x18, 0x00,
    0x18, 0x00, 0x18, 0x00, 0x30, 0x00, 0x3F, 0x80, 0x38, 0xC0, 0x30, 0x60, 0x60, 0x60, 0x60, 0x60,
    0x60, 0x60, 0x60, 0x60, 0xC1, 0x80, 0xE3, 0x00, 0xFE, 0x00, 0x00, 0x00, 0x00, 0x00, 0x00, 0x00,
    0x00, 0x00, 0x00, 0x00, 0x00, 0x00, 0x00, 0x00, 0x00, 0x00, 0x00, 0x00, 0x00, 0x00, 0x0F, 0xC0,
    0x18, 0x60, 0x30, 0x30, 0xC0, 0x60, 0xC0, 0x00, 0xC0, 0x00, 0xC0, 0x60, 0xC0, 0xC0, 0x61, 0x80,
    0x3F, 0x00, 0x00, 0x00, 0x00, 0x00, 0x00, 0x00, 0x00, 0x00, 0x00, 0x00, 0x00, 0x00, 0x00, 0x30,
    0x00, 0x30, 0x00, 0x30, 0x00, 0x60, 0x0F, 0xE0, 0x18, 0xE0, 0x30, 0x60, 0xC0, 0xC0, 0xC0, 0xC0,
    0xC0, 0xC0, 0xC0, 0xC0, 0xC1, 0x80, 0x63, 0x80, 0x3F, 0x80, 0x00, 0x00, 0x00, 0x00, 0x00, 0x00,
    0x00, 0x00, 0x00, 0x00, 0x00, 0x00, 0x00, 0x00, 0x00, 0x00, 0x00, 0x00, 0x00, 0x00, 0x0F, 0xC0,
    0x18, 0x60, 0x30, 0x30, 0x60, 0x60, 0x7F, 0xE0, 0x60, 0x00, 0x60, 0x00, 0xC0, 0xC0, 0x61, 0x80,
    0x3F, 0x00, 0x00, 0x00, 0x00, 0x00, 0x00, 0x00, 0x00, 0x00, 0x00, 0x00, 0x00, 0x0F, 0x18, 0x18,
    0x30, 0xFE, 0x30, 0x30, 0x60, 0x60, 0x60, 0x60, 0xC0, 0xC0, 0xC0, 0x00, 0x00, 0x00, 0x00, 0x00,
    0x00, 0x00, 0x00, 0x00, 0x00, 0x00, 0x00, 0x00, 0x00, 0x00, 0x03, 0xF8, 0x06, 0x38, 0x0C, 0x18,
    0x30, 0x30, 0x30, 0x30, 0x30, 0x30, 0x30, 0x30, 0x30, 0x60, 0x18, 0xE0, 0x0F, 0xE0, 0x00, 0x60,
    0xC0, 0xC0, 0x61, 0x80, 0x3F, 0x00, 0x00, 0x00, 0x00, 0x00, 0x18, 0x00, 0x18, 0x00, 0x18, 0x00,
    0x30, 0x00, 0x3F, 0x80, 0x38, 0xC0, 0x30, 0x60, 0x60, 0xC0, 0x60, 0xC0, 0x60, 0xC0, 0x60, 0xC0,
    0xC1, 0x80, 0xC1, 0x80, 0xC1, 0x80, 0x00, 0x00, 0x00, 0x00, 0x00, 0x00, 0x00, 0x00, 0x00, 0x00,
    0x00, 0x18, 0x18, 0x00, 0x00, 0x30, 0x30, 0x30, 0x60, 0x60, 0x60, 0x60, 0xC0, 0xC0, 0xC0, 0x00,
    0x00, 0x00, 0x00, 0x00, 0x00, 0x03, 0x03, 0x00, 0x00, 0x06, 0x06, 0x06, 0x0C, 0x0C, 0x0C, 0x0C,
    0x18, 0x18, 0x18, 0x18, 0x30, 0xE0, 0x00, 0x00, 0x00, 0x00, 0x18, 0x00, 0x18, 0x00, 0x18, 0x00,
    0x30, 0x00, 0x30, 0xC0, 0x31, 0x80, 0x33, 0x00, 0x6C, 0x00, 0x7E, 0x00, 0x73, 0x00, 0x63, 0x00,
    0xC3, 0x00, 0xC1, 0x80, 0xC1, 0x80, 0x00, 0x00, 0x00, 0x00, 0x00, 0x00, 0x00, 0x00, 0x00, 0x00,
    0x00, 0x18, 0x18, 0x18, 0x30, 0x30, 0x30, 0x30, 0x60, 0x60, 0x60, 0x60, 0xC0, 0xC0, 0xC0, 0x00,
    0x00, 0x00, 0x00, 0x00, 0x00, 0x00, 0x00, 0x00, 0x00, 0x00, 0x00, 0x00, 0x00, 0x00, 0x37, 0xBE,
    0x38, 0xE3, 0x30, 0xC3, 0x61, 0x86, 0x61, 0x86, 0x61, 0x86, 0x61, 0x86, 0xC3, 0x0C, 0xC3, 0x0C,
    0xC3, 0x0C, 0x00, 0x00, 0x00, 0x00, 0x00, 0x00, 0x00, 0x00, 0x00, 0x00, 0x00, 0x00, 0x00, 0x00,
    0x00, 0x00, 0x00, 0x00, 0x00, 0x00, 0x37, 0x80, 0x38, 0xC0, 0x30, 0x60, 0x60, 0xC0, 0x60, 0xC0,
    0x60, 0xC0, 0x60, 0xC0, 0xC1, 0x80, 0xC1, 0x80, 0xC1, 0x80, 0x00, 0x00, 0x00, 0x00, 0x00, 0x00,
    0x00, 0x00, 0x00, 0x00, 0x00, 0x00, 0x00, 0x00, 0x00, 0x00, 0x00, 0x00, 0x00, 0x00, 0x0F, 0x80,
    0x18, 0xC0, 0x30, 0x60, 0xC0, 0x60, 0xC0, 0x60, 0xC0, 0x60, 0xC0, 0x60, 0xC1, 0x80, 0x63, 0x00,
    0x3E, 0x00, 0x00, 0x00, 0x00, 0x00, 0x00, 0x00, 0x00, 0x00, 0x00, 0x00, 0x00, 0x00, 0x00, 0x00,
    0x00, 0x00, 0x00, 0x00, 0x00, 0x00, 0x1F, 0xC0, 0x1C, 0x60, 0x18, 0x30, 0x30, 0x30, 0x30, 0x30,
    0x30, 0x30, 0x30, 0x30, 0x60, 0xC0, 0x71, 0x80, 0x7F, 0x00, 0x60, 0x00, 0xC0, 0x00, 0xC0, 0x00,
    0xC0, 0x00, 0x00, 0x00, 0x00, 0x00, 0x00, 0x00, 0x00, 0x00, 0x00, 0x00, 0x00, 0x00, 0x0F, 0xE0,
    0x18, 0xE0, 0x30, 0x60, 0xC0, 0xC0, 0xC0, 0xC0, 0xC0, 0xC0, 0xC0, 0xC0, 0xC1, 0x80, 0x63, 0x80,
    0x3F, 0x80, 0x01, 0x80, 0x03, 0x00, 0x03, 0x00, 0x03, 0x00, 0x00, 0x00, 0x00, 0x00, 0x00, 0x00,
    0x00, 0x00, 0x00, 0x00, 0x00, 0x00, 0x37, 0x80, 0x3C, 0x00, 0x38, 0x00, 0x60, 0x00, 0x60, 0x00,
    0x60, 0x00, 0x60, 0x00, 0xC0, 0x00, 0xC0, 0x00, 0xC0, 0x00, 0x00, 0x00, 0x00, 0x00, 0x00, 0x00,
    0x00, 0x00, 0x00, 0x00, 0x00, 0x00, 0x00, 0x00, 0x00, 0x00, 0x00, 0x00, 0x00, 0x00, 0x0F, 0x80,
    0x18, 0xC0, 0x30, 0x60, 0x60, 0x00, 0x3F, 0x00, 0x01, 0x80, 0x00, 0xC0, 0xC1, 0x80, 0x63, 0x00,
    0x3E, 0x00, 0x00, 0x00, 0x00, 0x00, 0x00, 0x00, 0x00, 0x00, 0x00, 0x00, 0x00, 0x00, 0x18, 0x18,
    0x30, 0xFC, 0x30, 0x30, 0x60, 0x60, 0x60, 0x60, 0xC0, 0xC0, 0x70, 0x00, 0x00, 0x00, 0x00, 0x00,
    0x00, 0x00, 0x00, 0x00, 0x00, 0x00, 0x00, 0x00, 0x00, 0x00, 0x30, 0x60, 0x30, 0x60, 0x30, 0x60,
    0x60, 0xC0, 0x60, 0xC0, 0x60, 0xC0, 0x60, 0xC0, 0xC1, 0x80, 0x63, 0x80, 0x3E, 0x80, 0x00, 0x00,
    0x00, 0x00, 0x00, 0x00, 0x00, 0x00, 0x00, 0x00, 0x00, 0x00, 0x00, 0x00, 0x00, 0x00, 0x00, 0x00,
    0x00, 0x00, 0xC0, 0xC0, 0xC0, 0xC0, 0x61, 0x80, 0xC3, 0x00, 0x66, 0x00, 0x66, 0x00, 0x3C, 0x00,
    0x78, 0x00, 0x30, 0x00, 0x30, 0x00, 0x00, 0x00, 0x00, 0x00, 0x00, 0x00, 0x00, 0x00, 0x00, 0x00,
    0x00, 0x00, 0x00, 0x00, 0x00, 0x00, 0x00, 0x00, 0x00, 0x00, 0xC3, 0x0C, 0xC3, 0x0C, 0x67, 0x98,
    0xCF, 0x30, 0xC9, 0x30, 0x69, 0xA0, 0x79, 0xE0, 0x61, 0x80, 0x61, 0x80, 0x61, 0x80, 0x00, 0x00,
    0x00, 0x00, 0x00, 0x00, 0x00, 0x00, 0x00, 0x00, 0x00, 0x00, 0x00, 0x00, 0x00, 0x00, 0x00, 0x00,
    0x00, 0x00, 0x30, 0xC0, 0x30, 0xC0, 0x19, 0x80, 0x1E, 0x00, 0x0C, 0x00, 0x0C, 0x00, 0x1E, 0x00,
    0x66, 0x00, 0xC3, 0x00, 0xC3, 0x00, 0x00, 0x00, 0x00, 0x00, 0x00, 0x00, 0x00, 0x00, 0x00, 0x00,
    0x00, 0x00, 0x00, 0x00, 0x00, 0x00, 0x00, 0x00, 0x00, 0x00, 0x18, 0x18, 0x18, 0x18, 0x0C, 0x30,
    0x18, 0x60, 0x0C, 0xC0, 0x0C, 0xC0, 0x07, 0x80, 0x0F, 0x00, 0x06, 0x00, 0x06, 0x00, 0x06, 0x00,
    0xD8, 0x00, 0x70, 0x00, 0x00, 0x00, 0x00, 0x00, 0x00, 0x00, 0x00, 0x00, 0x00, 0x00, 0x00, 0x00,
    0x00, 0x00, 0x3F, 0xE0, 0x00, 0x60, 0x00, 0xC0, 0x03, 0x00, 0x06, 0x00, 0x0C, 0x00, 0x18, 0x00,
    0x60, 0x00, 0xC0, 0x00, 0xFF, 0x80, 0x00, 0x00, 0x00, 0x00, 0x00, 0x00, 0x00, 0x00, 0x00, 0x00,
    0x03, 0xC0, 0x06, 0x00, 0x0C, 0x00, 0x0C, 0x00, 0x18, 0x00, 0x18, 0x00, 0x18, 0x00, 0x18, 0x00,
    0x30, 0x00, 0xE0, 0x00, 0x30, 0x00, 0x30, 0x00, 0x60, 0x00, 0x60, 0x00, 0x60, 0x00, 0x60, 0x00,
    0xC0, 0x00, 0x60, 0x00, 0x3C, 0x00, 0x00, 0x00, 0x00, 0x0C, 0x0C, 0x0C, 0x18, 0x18, 0x18, 0x18,
    0x30, 0x30, 0x30, 0x30, 0x60, 0x60, 0x60, 0x60, 0xC0, 0xC0, 0x00, 0x00, 0x0F, 0x00, 0x01, 0x80,
    0x00, 0xC0, 0x00, 0xC0, 0x01, 0x80, 0x01, 0x80, 0x01, 0x80, 0x01, 0x80, 0x01, 0xC0, 0x03, 0x00,
    0x03, 0x00, 0x03, 0x00, 0x06, 0x00, 0x06, 0x00, 0x06, 0x00, 0x06, 0x00, 0x0C, 0x00, 0x18, 0x00,
    0xF0, 0x00, 0x00, 0x00, 0x00, 0x00, 0x00, 0x00, 0x00, 0x00, 0x00, 0x00, 0x00, 0x00, 0x00, 0x00,
    0x3C, 0x30, 0x67, 0x30, 0xC3, 0xC0, 0x00, 0x00, 0x00, 0x00, 0x00, 0x00, 0x00, 0x00, 0x00, 0x00,
    0x00, 0x00, 0x00, 0x00, 0x00, 0x00, 0x00, 0x00, 0x00, 0x00, 0x00, 0x00, 0x00, 0x00, 0x00, 0xC0,
    0x01, 0xE0, 0x03, 0x60, 0x06, 0x00, 0x06, 0x00, 0x06, 0x00, 0x06, 0x00, 0x0C, 0x00, 0x0C, 0x00,
    0x0C, 0x00, 0x0C, 0x00, 0x18, 0x00, 0xD8, 0x00, 0xF0, 0x00, 0x60, 0x00, 0x00, 0x00, 0x00, 0x00,
    0x00, 0x00, 0x00, 0x00,
};

const display_font_t font_swiss20i = {
    .glyphs = swiss20i_glyphs,
    .bitmap = swiss20i_bitmap,
    .family = &font_family_swiss20,
    .first_character = 0,
    .glyph_count = 128,
    .height = 20,
    .baseline = 15,
    .fallback_character = 63,
    .style = 2,
};

const display_font_family_t font_family_bigfnt = {
    .regular = &font_bigfnt,
    .bold = &font_bigfntb,
    .italic = &font_bigfnti,
    .bold_italic = 0,
};

const display_font_family_t font_family_eurex24i = {
    .regular = &font_eurex24i,
    .bold = 0,
    .italic = 0,
    .bold_italic = 0,
};

const display_font_family_t font_family_hl14 = {
    .regular = &font_hl14,
    .bold = &font_hl14b,
    .italic = 0,
    .bold_italic = 0,
};

const display_font_family_t font_family_jess14 = {
    .regular = &font_jess14,
    .bold = &font_jess14b,
    .italic = &font_jess14i,
    .bold_italic = 0,
};

const display_font_family_t font_family_swiss20 = {
    .regular = &font_swiss20,
    .bold = &font_swiss20b,
    .italic = &font_swiss20i,
    .bold_italic = &font_swiss20bi,
};
